office-name,ocd-division,homepage-url,phone,email,street,city,state,zip,start_time,end_time,start_date,end_date,notes
Apache County,ocd-division/country:us/state:az/county:apache,http://www.co.apache.az.us/recorder/,(928) 337-7515,lfulton@co.apache.az.us,"Chinle Road Yard, 50 yards South of Old Mustang Store, Highway 191",Chinle,AZ,86503,7:00:00 - 06:00,17:00:00 - 06:00,10-12-16,10-12-16,OCt 12 - Nov 7 7:00a.m. - 5:00p.m. 2 locations: Chinle Road Yard and Ft. Defiance Road Yard (see http://www.co.apache.az.us/wp-content/uploads/2016/08/EarlyVoting-Flyer2.pdf) 
Apache County,ocd-division/country:us/state:az/county:apache,http://www.co.apache.az.us/recorder/,(928) 337-7515,lfulton@co.apache.az.us,"Chinle Road Yard, 50 yards South of Old Mustang Store, Highway 191",Chinle,AZ,86503,7:00:00 - 06:00,17:00:00 - 06:00,10-17-16,10-19-16,
Apache County,ocd-division/country:us/state:az/county:apache,http://www.co.apache.az.us/recorder/,(928) 337-7515,lfulton@co.apache.az.us,"Chinle Road Yard, 50 yards South of Old Mustang Store, Highway 191",Chinle,AZ,86503,7:00:00 - 06:00,17:00:00 - 06:00,10-24-16,10-26-16,
Apache County,ocd-division/country:us/state:az/county:apache,http://www.co.apache.az.us/recorder/,(928) 337-7515,lfulton@co.apache.az.us,"Chinle Road Yard, 50 yards South of Old Mustang Store, Highway 191",Chinle,AZ,86503,7:00:00 - 06:00,17:00:00 - 06:00,10-31-16,11-02-16,
Apache County,ocd-division/country:us/state:az/county:apache,http://www.co.apache.az.us/recorder/,(928) 337-7515,lfulton@co.apache.az.us,"Chinle Road Yard, 50 yards South of Old Mustang Store, Highway 191",Chinle,AZ,86503,7:00:00 - 07:00,17:00:00 - 07:00,11-07-16,11-07-16,
Apache County,ocd-division/country:us/state:az/county:apache,http://www.co.apache.az.us/recorder/,(928) 337-7515,lfulton@co.apache.az.us,"Fort Defiance Road Yard, Indn Route 12",Fort Defiance,AZ,86504,7:00:00 - 06:00,17:00:00 - 06:00,10-12-16,10-12-16,
Apache County,ocd-division/country:us/state:az/county:apache,http://www.co.apache.az.us/recorder/,(928) 337-7515,lfulton@co.apache.az.us,"Fort Defiance Road Yard, Indn Route 12",Fort Defiance,AZ,86504,7:00:00 - 06:00,17:00:00 - 06:00,10-17-16,10-19-16,
Apache County,ocd-division/country:us/state:az/county:apache,http://www.co.apache.az.us/recorder/,(928) 337-7515,lfulton@co.apache.az.us,"Fort Defiance Road Yard, Indn Route 12",Fort Defiance,AZ,86504,7:00:00 - 06:00,17:00:00 - 06:00,10-24-16,10-26-16,
Apache County,ocd-division/country:us/state:az/county:apache,http://www.co.apache.az.us/recorder/,(928) 337-7515,lfulton@co.apache.az.us,"Fort Defiance Road Yard, Indn Route 12",Fort Defiance,AZ,86504,7:00:00 - 06:00,17:00:00 - 06:00,10-31-16,11-02-16,
Apache County,ocd-division/country:us/state:az/county:apache,http://www.co.apache.az.us/recorder/,(928) 337-7515,lfulton@co.apache.az.us,"Fort Defiance Road Yard, Indn Route 12",Fort Defiance,AZ,86504,7:00:00 - 07:00,17:00:00 - 07:00,11-07-16,11-07-16,
Cochise County,ocd-division/country:us/state:az/county:cochise,http://www.co.cochise.az.us/recorders/,(520) 432-8354,voterreg@cochise.az.gov,"1415 W. Melody Lane, Bldg. B",Bisbee,AZ,85603,8:00:00 - 07:00,17:00:00 - 07:00,10-13-16,10-14-16,8-5pm M-F. The last day and time to vote early on-site for the General Election is November 4 at 5 pm. Emergency early voting is available on November 7. For information call (520) 432-8358 or Toll Free 1-888-457-4513.
Cochise County,ocd-division/country:us/state:az/county:cochise,http://www.co.cochise.az.us/recorders/,(520) 432-8354,voterreg@cochise.az.gov,"1415 W. Melody Lane, Bldg. B",Bisbee,AZ,85603,8:00:00 - 07:00,17:00:00 - 07:00,10-17-16,10-21-16,
Cochise County,ocd-division/country:us/state:az/county:cochise,http://www.co.cochise.az.us/recorders/,(520) 432-8354,voterreg@cochise.az.gov,"1415 W. Melody Lane, Bldg. B",Bisbee,AZ,85603,8:00:00 - 07:00,17:00:00 - 07:00,10-24-16,10-28-16,
Cochise County,ocd-division/country:us/state:az/county:cochise,http://www.co.cochise.az.us/recorders/,(520) 432-8354,voterreg@cochise.az.gov,"1415 W. Melody Lane, Bldg. B",Bisbee,AZ,85603,8:00:00 - 07:00,17:00:00 - 07:00,10-31-16,11-04-16,
Coconino County,ocd-division/country:us/state:az/county:coconino,http://www.coconino.az.gov/index.aspx?nid=319,(928) 679-7860,ccelections@coconino.az.gov,110 E. Cherry Ave.,Flagstaff,AZ,86001,08:00:00 - 07:00,17:00:00 - 07:00,10-12-16,10-14-16,http://coconino.az.gov/DocumentCenter/View/11482
Coconino County,ocd-division/country:us/state:az/county:coconino,http://www.coconino.az.gov/index.aspx?nid=319,(928) 679-7860,ccelections@coconino.az.gov,110 E. Cherry Ave.,Flagstaff,AZ,86001,08:00:00 - 07:00,17:00:00 - 07:00,10-17-16,10-21-16,
Coconino County,ocd-division/country:us/state:az/county:coconino,http://www.coconino.az.gov/index.aspx?nid=319,(928) 679-7860,ccelections@coconino.az.gov,110 E. Cherry Ave.,Flagstaff,AZ,86001,08:00:00 - 07:00,17:00:00 - 07:00,10-24-16,10-28-16,
Coconino County,ocd-division/country:us/state:az/county:coconino,http://www.coconino.az.gov/index.aspx?nid=319,(928) 679-7860,ccelections@coconino.az.gov,110 E. Cherry Ave.,Flagstaff,AZ,86001,08:00:00 - 07:00,17:00:00 - 07:00,10-31-16,11-04-16,
Coconino County,ocd-division/country:us/state:az/county:coconino,http://www.coconino.az.gov/index.aspx?nid=319,(928) 679-7860,ccelections@coconino.az.gov,78 Main St,Tuba City,AZ,86045,08:00:00 - 07:00,17:00:00 - 07:00,10-12-16,10-14-16,
Coconino County,ocd-division/country:us/state:az/county:coconino,http://www.coconino.az.gov/index.aspx?nid=319,(928) 679-7860,ccelections@coconino.az.gov,78 Main St,Tuba City,AZ,86045,08:00:00 - 07:00,17:00:00 - 07:00,10-17-16,10-21-16,
Coconino County,ocd-division/country:us/state:az/county:coconino,http://www.coconino.az.gov/index.aspx?nid=319,(928) 679-7860,ccelections@coconino.az.gov,78 Main St,Tuba City,AZ,86045,08:00:00 - 07:00,17:00:00 - 07:00,10-24-16,10-28-16,
Coconino County,ocd-division/country:us/state:az/county:coconino,http://www.coconino.az.gov/index.aspx?nid=319,(928) 679-7860,ccelections@coconino.az.gov,78 Main St,Tuba City,AZ,86045,08:00:00 - 07:00,17:00:00 - 07:00,10-31-16,11-04-16,
Coconino County,ocd-division/country:us/state:az/county:coconino,http://www.coconino.az.gov/index.aspx?nid=319,(928) 679-7860,ccelections@coconino.az.gov,113 S 1st St,Williams,AZ,86046,07:30:00 - 07:00,17:00:00 - 07:00,10-12-16,10-13-16,
Coconino County,ocd-division/country:us/state:az/county:coconino,http://www.coconino.az.gov/index.aspx?nid=319,(928) 679-7860,ccelections@coconino.az.gov,113 S 1st St,Williams,AZ,86046,07:30:00 - 07:00,17:00:00 - 07:00,10-17-16,10-20-16,
Coconino County,ocd-division/country:us/state:az/county:coconino,http://www.coconino.az.gov/index.aspx?nid=319,(928) 679-7860,ccelections@coconino.az.gov,113 S 1st St,Williams,AZ,86046,07:30:00 - 07:00,17:00:00 - 07:00,10-24-16,10-27-16,
Coconino County,ocd-division/country:us/state:az/county:coconino,http://www.coconino.az.gov/index.aspx?nid=319,(928) 679-7860,ccelections@coconino.az.gov,113 S 1st St,Williams,AZ,86046,07:30:00 - 07:00,17:00:00 - 07:00,10-31-16,11-03-16,
Coconino County,ocd-division/country:us/state:az/county:coconino,http://www.coconino.az.gov/index.aspx?nid=319,(928) 679-7860,ccelections@coconino.az.gov,102 Roadrunner Dr,Sedona,AZ,86336,07:00:00 - 07:00,18:00:00 - 07:00,10-12-16,10-13-16,
Coconino County,ocd-division/country:us/state:az/county:coconino,http://www.coconino.az.gov/index.aspx?nid=319,(928) 679-7860,ccelections@coconino.az.gov,102 Roadrunner Dr,Sedona,AZ,86336,07:00:00 - 07:00,18:00:00 - 07:00,10-17-16,10-20-16,
Coconino County,ocd-division/country:us/state:az/county:coconino,http://www.coconino.az.gov/index.aspx?nid=319,(928) 679-7860,ccelections@coconino.az.gov,102 Roadrunner Dr,Sedona,AZ,86336,07:00:00 - 07:00,18:00:00 - 07:00,10-24-16,10-27-16,
Coconino County,ocd-division/country:us/state:az/county:coconino,http://www.coconino.az.gov/index.aspx?nid=319,(928) 679-7860,ccelections@coconino.az.gov,102 Roadrunner Dr,Sedona,AZ,86336,07:00:00 - 07:00,18:00:00 - 07:00,10-31-16,11-03-16,
Coconino County,ocd-division/country:us/state:az/county:coconino,http://www.coconino.az.gov/index.aspx?nid=319,(928) 679-7860,ccelections@coconino.az.gov,697 Vista Ave,Page,AZ,86040,07:00:00 - 07:00,17:30:00 - 07:00,10-12-16,10-13-16,
Coconino County,ocd-division/country:us/state:az/county:coconino,http://www.coconino.az.gov/index.aspx?nid=319,(928) 679-7860,ccelections@coconino.az.gov,697 Vista Ave,Page,AZ,86040,07:00:00 - 07:00,17:30:00 - 07:00,10-17-16,10-20-16,
Coconino County,ocd-division/country:us/state:az/county:coconino,http://www.coconino.az.gov/index.aspx?nid=319,(928) 679-7860,ccelections@coconino.az.gov,697 Vista Ave,Page,AZ,86040,07:00:00 - 07:00,17:30:00 - 07:00,10-24-16,10-27-16,
Coconino County,ocd-division/country:us/state:az/county:coconino,http://www.coconino.az.gov/index.aspx?nid=319,(928) 679-7860,ccelections@coconino.az.gov,697 Vista Ave,Page,AZ,86040,07:00:00 - 07:00,17:30:00 - 07:00,10-31-16,11-03-16,
Coconino County,ocd-division/country:us/state:az/county:coconino,http://www.coconino.az.gov/index.aspx?nid=319,(928) 679-7860,ccelections@coconino.az.gov,25 N Main St,Fredonia,AZ,84741,07:30:00 - 07:00,17:30:00 - 07:00,10-12-16,10-13-16,
Coconino County,ocd-division/country:us/state:az/county:coconino,http://www.coconino.az.gov/index.aspx?nid=319,(928) 679-7860,ccelections@coconino.az.gov,25 N Main St,Fredonia,AZ,84741,07:30:00 - 07:00,17:30:00 - 07:00,10-17-16,10-20-16,
Coconino County,ocd-division/country:us/state:az/county:coconino,http://www.coconino.az.gov/index.aspx?nid=319,(928) 679-7860,ccelections@coconino.az.gov,25 N Main St,Fredonia,AZ,84741,07:30:00 - 07:00,17:30:00 - 07:00,10-24-16,10-27-16,
Coconino County,ocd-division/country:us/state:az/county:coconino,http://www.coconino.az.gov/index.aspx?nid=319,(928) 679-7860,ccelections@coconino.az.gov,25 N Main St,Fredonia,AZ,84741,07:30:00 - 07:00,17:30:00 - 07:00,10-31-16,11-03-16,
Coconino County,ocd-division/country:us/state:az/county:coconino,http://www.coconino.az.gov/index.aspx?nid=319,(928) 679-7860,ccelections@coconino.az.gov,1 Boulder St,Grand Canyon Village,AZ,86023,06:00:00 - 07:00,16:30:00 - 07:00,10-12-16,10-13-16,
Coconino County,ocd-division/country:us/state:az/county:coconino,http://www.coconino.az.gov/index.aspx?nid=319,(928) 679-7860,ccelections@coconino.az.gov,1 Boulder St,Grand Canyon Village,AZ,86023,06:00:00 - 07:00,16:30:00 - 07:00,10-17-16,10-20-16,
Coconino County,ocd-division/country:us/state:az/county:coconino,http://www.coconino.az.gov/index.aspx?nid=319,(928) 679-7860,ccelections@coconino.az.gov,1 Boulder St,Grand Canyon Village,AZ,86023,06:00:00 - 07:00,16:30:00 - 07:00,10-24-16,10-27-16,
Coconino County,ocd-division/country:us/state:az/county:coconino,http://www.coconino.az.gov/index.aspx?nid=319,(928) 679-7860,ccelections@coconino.az.gov,1 Boulder St,Grand Canyon Village,AZ,86023,06:00:00 - 07:00,16:30:00 - 07:00,10-31-16,11-03-16,
Gila County,ocd-division/country:us/state:az/county:gila,http://www.gilacountyaz.gov/government/recorder/,(928) 402-8731,sbingham@gilacountyaz.gov,1400 E. Ash St.,Globe,AZ,85501,8:00:00 - 07:00,17:00:00 - 07:00,10-12-16,10-14-16,http://www.gilacountyaz.gov/government/recorder/early_polling_sites.php. (PRIMARY DATES - general available MID SEPTEMBER 
Gila County,ocd-division/country:us/state:az/county:gila,http://www.gilacountyaz.gov/government/recorder/,(928) 402-8731,sbingham@gilacountyaz.gov,1400 E. Ash St.,Globe,AZ,85501,8:00:00 - 07:00,17:00:00 - 07:00,10-17-16,10-21-16,
Gila County,ocd-division/country:us/state:az/county:gila,http://www.gilacountyaz.gov/government/recorder/,(928) 402-8731,sbingham@gilacountyaz.gov,1400 E. Ash St.,Globe,AZ,85501,8:00:00 - 07:00,17:00:00 - 07:00,10-24-16,10-28-16,
Gila County,ocd-division/country:us/state:az/county:gila,http://www.gilacountyaz.gov/government/recorder/,(928) 402-8731,sbingham@gilacountyaz.gov,1400 E. Ash St.,Globe,AZ,85501,8:00:00 - 07:00,17:00:00 - 07:00,10-31-16,11-04-16,
Gila County,ocd-division/country:us/state:az/county:gila,http://www.gilacountyaz.gov/government/recorder/,(928) 402-8731,sbingham@gilacountyaz.gov,201 W. Frontier St.,Payson,AZ,85541,8:00:00 - 07:00,12:00:00 - 07:00,10-12-16,10-14-16,
Gila County,ocd-division/country:us/state:az/county:gila,http://www.gilacountyaz.gov/government/recorder/,(928) 402-8731,sbingham@gilacountyaz.gov,201 W. Frontier St.,Payson,AZ,85541,13:00:00 - 07:00,17:00:00 - 07:00,10-12-16,10-14-16,
Gila County,ocd-division/country:us/state:az/county:gila,http://www.gilacountyaz.gov/government/recorder/,(928) 402-8731,sbingham@gilacountyaz.gov,201 W. Frontier St.,Payson,AZ,85541,8:00:00 - 07:00,12:00:00 - 07:00,10-17-16,10-21-16,
Gila County,ocd-division/country:us/state:az/county:gila,http://www.gilacountyaz.gov/government/recorder/,(928) 402-8731,sbingham@gilacountyaz.gov,201 W. Frontier St.,Payson,AZ,85541,13:00:00 - 07:00,17:00:00 - 07:00,10-17-16,10-21-16,
Gila County,ocd-division/country:us/state:az/county:gila,http://www.gilacountyaz.gov/government/recorder/,(928) 402-8731,sbingham@gilacountyaz.gov,201 W. Frontier St.,Payson,AZ,85541,8:00:00 - 07:00,12:00:00 - 07:00,10-24-16,10-28-16,
Gila County,ocd-division/country:us/state:az/county:gila,http://www.gilacountyaz.gov/government/recorder/,(928) 402-8731,sbingham@gilacountyaz.gov,201 W. Frontier St.,Payson,AZ,85541,13:00:00 - 07:00,17:00:00 - 07:00,10-24-16,10-28-16,
Gila County,ocd-division/country:us/state:az/county:gila,http://www.gilacountyaz.gov/government/recorder/,(928) 402-8731,sbingham@gilacountyaz.gov,201 W. Frontier St.,Payson,AZ,85541,8:00:00 - 07:00,12:00:00 - 07:00,10-31-16,11-04-16,
Gila County,ocd-division/country:us/state:az/county:gila,http://www.gilacountyaz.gov/government/recorder/,(928) 402-8731,sbingham@gilacountyaz.gov,201 W. Frontier St.,Payson,AZ,85541,13:00:00 - 07:00,17:00:00 - 07:00,10-31-16,11-04-16,
Gila County,ocd-division/country:us/state:az/county:gila,http://www.gilacountyaz.gov/government/recorder/,(928) 402-8731,sbingham@gilacountyaz.gov,206 Giffin Ave,Winkelman,AZ,85192,10:00:00 - 07:00,14:00:00 - 07:00,10-18-16,10-18-16,
Gila County,ocd-division/country:us/state:az/county:gila,http://www.gilacountyaz.gov/government/recorder/,(928) 402-8731,sbingham@gilacountyaz.gov,4621 S 9th St,Whiteriver,AZ,85941,10:00:00 - 07:00,14:00:00 - 07:00,10-19-16,10-19-16,
Gila County,ocd-division/country:us/state:az/county:gila,http://www.gilacountyaz.gov/government/recorder/,(928) 402-8731,sbingham@gilacountyaz.gov, Hwy 188 ,Roosevelt,AZ,85545,09:00:00 - 07:00,11:00:00 - 07:00,10-20-16,10-20-16,
Gila County,ocd-division/country:us/state:az/county:gila,http://www.gilacountyaz.gov/government/recorder/,(928) 402-8731,sbingham@gilacountyaz.gov,45675 N Hwy 188,Tonto Basin,AZ,85553,13:00:00 - 07:00,15:00:00 - 07:00,10-20-16,10-20-16,
Gila County,ocd-division/country:us/state:az/county:gila,http://www.gilacountyaz.gov/government/recorder/,(928) 402-8731,sbingham@gilacountyaz.gov,4039 N Az Highway 87,Pine,AZ,85544,10:00:00 - 07:00,14:00:00 - 07:00,10-25-16,10-25-16,
Gila County,ocd-division/country:us/state:az/county:gila,http://www.gilacountyaz.gov/government/recorder/,(928) 402-8731,sbingham@gilacountyaz.gov,89 San Carlos Ave, San Carlos,AZ,85550,10:00:00 - 07:00,14:00:00 - 07:00,10-26-16,10-26-16,
Gila County,ocd-division/country:us/state:az/county:gila,http://www.gilacountyaz.gov/government/recorder/,(928) 402-8731,sbingham@gilacountyaz.gov,"Pleasant Valley Community Center, Hwy 288  ",Young,AZ,85554,10:00:00 - 07:00,14:00:00 - 07:00,10-27-16,10-27-16,
Graham County,ocd-division/country:us/state:az/county:graham,http://www.graham.az.gov/county-recorder/,(928) 428-3560,recorder@graham.az.gov,921 Thatcher Blvd.,Safford,AZ,85546,7:00:00 - 07:00,18:00:00 - 07:00,10-12-16,10-13-16,EV starts Oct 12 and runs M - TH 7am to 6pm. Closed on Friday EXCEPT for Nov 4 when hours will be 8 - 5. No saturdays. Don't have satellite locations set at this time - will closer to election time. 
Graham County,ocd-division/country:us/state:az/county:graham,http://www.graham.az.gov/county-recorder/,(928) 428-3560,recorder@graham.az.gov,921 Thatcher Blvd.,Safford,AZ,85546,7:00:00 - 07:00,18:00:00 - 07:00,10-17-16,10-20-16,
Graham County,ocd-division/country:us/state:az/county:graham,http://www.graham.az.gov/county-recorder/,(928) 428-3560,recorder@graham.az.gov,921 Thatcher Blvd.,Safford,AZ,85546,7:00:00 - 07:00,18:00:00 - 07:00,10-24-16,10-27-16,
Graham County,ocd-division/country:us/state:az/county:graham,http://www.graham.az.gov/county-recorder/,(928) 428-3560,recorder@graham.az.gov,921 Thatcher Blvd.,Safford,AZ,85546,7:00:00 - 07:00,18:00:00 - 07:00,10-31-16,11-03-16,
Graham County,ocd-division/country:us/state:az/county:graham,http://www.graham.az.gov/county-recorder/,(928) 428-3560,recorder@graham.az.gov,921 Thatcher Blvd.,Safford,AZ,85546,8:00:00 - 07:00,17:00:00 - 07:00,11-04-16,11-04-16,
Greenlee County,ocd-division/country:us/state:az/county:greenlee,http://www.co.greenlee.az.us/recorder/,(928) 865-2632,bmanuz@co.greenlee.az.us,253 5th Street,Clifton,AZ,85533,8:00:00 - 07:00,17:00:00 - 07:00,10-12-16,10-14-16,EV runs Oct 12 - Nov 4. M - F 8 - 5 pm. no lunch. no satellite locations
Greenlee County,ocd-division/country:us/state:az/county:greenlee,http://www.co.greenlee.az.us/recorder/,(928) 865-2632,bmanuz@co.greenlee.az.us,253 5th Street,Clifton,AZ,85533,8:00:00 - 07:00,17:00:00 - 07:00,10-17-16,10-21-16,
Greenlee County,ocd-division/country:us/state:az/county:greenlee,http://www.co.greenlee.az.us/recorder/,(928) 865-2632,bmanuz@co.greenlee.az.us,253 5th Street,Clifton,AZ,85533,8:00:00 - 07:00,17:00:00 - 07:00,10-24-16,10-28-16,
Greenlee County,ocd-division/country:us/state:az/county:greenlee,http://www.co.greenlee.az.us/recorder/,(928) 865-2632,bmanuz@co.greenlee.az.us,253 5th Street,Clifton,AZ,85533,8:00:00 - 07:00,17:00:00 - 07:00,10-31-16,11-04-16,
La Paz County,ocd-division/country:us/state:az/county:la_paz,http://www.co.la-paz.az.us/Recorder.html,(928) 669-6136,recorder@co.la-paz.az.us,"1112 Joshua Ave., Suite 201",Parker,AZ,85344,07:00:00 - 07:00,18:00:00 - 07:00,10-12-16,10-13-16,EV runs Oct 12 - Nov 7. M - Th 7am - 6pm. 2 Fridays before 8 - 5 (not open any other fridays) 
La Paz County,ocd-division/country:us/state:az/county:la_paz,http://www.co.la-paz.az.us/Recorder.html,(928) 669-6136,recorder@co.la-paz.az.us,"1112 Joshua Ave., Suite 201",Parker,AZ,85344,07:00:00 - 07:00,18:00:00 - 07:00,10-17-16,10-20-16,
La Paz County,ocd-division/country:us/state:az/county:la_paz,http://www.co.la-paz.az.us/Recorder.html,(928) 669-6136,recorder@co.la-paz.az.us,"1112 Joshua Ave., Suite 201",Parker,AZ,85344,07:00:00 - 07:00,18:00:00 - 07:00,10-24-16,10-27-16,
La Paz County,ocd-division/country:us/state:az/county:la_paz,http://www.co.la-paz.az.us/Recorder.html,(928) 669-6136,recorder@co.la-paz.az.us,"1112 Joshua Ave., Suite 201",Parker,AZ,85344,08:00:00 - 07:00,17:00:00 - 07:00,10-28-16,10-28-16,
La Paz County,ocd-division/country:us/state:az/county:la_paz,http://www.co.la-paz.az.us/Recorder.html,(928) 669-6136,recorder@co.la-paz.az.us,"1112 Joshua Ave., Suite 201",Parker,AZ,85344,07:00:00 - 07:00,18:00:00 - 07:00,10-31-16,11-03-16,
La Paz County,ocd-division/country:us/state:az/county:la_paz,http://www.co.la-paz.az.us/Recorder.html,(928) 669-6136,recorder@co.la-paz.az.us,"1112 Joshua Ave., Suite 201",Parker,AZ,85344,08:00:00 - 07:00,17:00:00 - 07:00,11-04-16,11-04-16,
Maricopa County,ocd-division/country:us/state:az/county:maricopa,http://recorder.maricopa.gov/,(602) 506-1511,voterinfo@risc.maricopa.gov,"Recorder's/Election Office,  MCTEC, 510 South 3rd Avenue",Phoenix,AZ,85003,8:00:00 - 07:00,17:00:00 - 07:00,10-12-16,10-14-16,"Early Voting: Begins Wed, Oct 12 Ends Fri, Nov 4, 5PM Mon-Fri, 8AM - 5PM; Sat, Oct 22 & 29, 8 AM - 5PM"
Maricopa County,ocd-division/country:us/state:az/county:maricopa,http://recorder.maricopa.gov/,(602) 506-1511,voterinfo@risc.maricopa.gov,"Recorder's/Election Office,  MCTEC, 510 South 3rd Avenue",Phoenix,AZ,85003,8:00:00 - 07:00,17:00:00 - 07:00,10-17-16,10-21-16,
Maricopa County,ocd-division/country:us/state:az/county:maricopa,http://recorder.maricopa.gov/,(602) 506-1511,voterinfo@risc.maricopa.gov,"Recorder's/Election Office,  MCTEC, 510 South 3rd Avenue",Phoenix,AZ,85003,8:00:00 - 07:00,17:00:00 - 07:00,10-22-16,10-22-16,
Maricopa County,ocd-division/country:us/state:az/county:maricopa,http://recorder.maricopa.gov/,(602) 506-1511,voterinfo@risc.maricopa.gov,"Recorder's/Election Office,  MCTEC, 510 South 3rd Avenue",Phoenix,AZ,85003,8:00:00 - 07:00,17:00:00 - 07:00,10-24-16,10-28-16,
Maricopa County,ocd-division/country:us/state:az/county:maricopa,http://recorder.maricopa.gov/,(602) 506-1511,voterinfo@risc.maricopa.gov,"Recorder's/Election Office,  MCTEC, 510 South 3rd Avenue",Phoenix,AZ,85003,8:00:00 - 07:00,17:00:00 - 07:00,10-29-16,10-29-16,
Maricopa County,ocd-division/country:us/state:az/county:maricopa,http://recorder.maricopa.gov/,(602) 506-1511,voterinfo@risc.maricopa.gov,"Recorder's/Election Office,  MCTEC, 510 South 3rd Avenue",Phoenix,AZ,85003,8:00:00 - 07:00,17:00:00 - 07:00,10-31-16,11-04-16,
Maricopa County,ocd-division/country:us/state:az/county:maricopa,http://recorder.maricopa.gov/,(602) 506-1511,voterinfo@risc.maricopa.gov,"Recorder's/Election Office,  MCTEC, 510 South 3rd Avenue",Mesa,AZ,85210,8:00:00 - 07:00,17:00:00 - 07:00,10-12-16,10-14-16,"Early Voting: Begins Wed, Oct 12 Ends Fri, Nov 4, 5PM; Mon-Fri, 8AM - 5PM; Sat, Oct 22 & 29, 8 AM - 5PM"
Maricopa County,ocd-division/country:us/state:az/county:maricopa,http://recorder.maricopa.gov/,(602) 506-1511,voterinfo@risc.maricopa.gov,"Recorder's/Election Office,  MCTEC, 510 South 3rd Avenue",Mesa,AZ,85210,8:00:00 - 07:00,17:00:00 - 07:00,10-17-16,10-21-16,
Maricopa County,ocd-division/country:us/state:az/county:maricopa,http://recorder.maricopa.gov/,(602) 506-1511,voterinfo@risc.maricopa.gov,"Recorder's/Election Office,  MCTEC, 510 South 3rd Avenue",Mesa,AZ,85210,8:00:00 - 07:00,17:00:00 - 07:00,10-22-16,10-22-16,
Maricopa County,ocd-division/country:us/state:az/county:maricopa,http://recorder.maricopa.gov/,(602) 506-1511,voterinfo@risc.maricopa.gov,"Recorder's/Election Office,  MCTEC, 510 South 3rd Avenue",Mesa,AZ,85210,8:00:00 - 07:00,17:00:00 - 07:00,10-24-16,10-28-16,
Maricopa County,ocd-division/country:us/state:az/county:maricopa,http://recorder.maricopa.gov/,(602) 506-1511,voterinfo@risc.maricopa.gov,"Recorder's/Election Office,  MCTEC, 510 South 3rd Avenue",Mesa,AZ,85210,8:00:00 - 07:00,17:00:00 - 07:00,10-29-16,10-29-16,
Maricopa County,ocd-division/country:us/state:az/county:maricopa,http://recorder.maricopa.gov/,(602) 506-1511,voterinfo@risc.maricopa.gov,"Recorder's/Election Office,  MCTEC, 510 South 3rd Avenue",Mesa,AZ,85210,8:00:00 - 07:00,17:00:00 - 07:00,10-31-16,11-04-16,
Maricopa County,ocd-division/country:us/state:az/county:maricopa,http://recorder.maricopa.gov/,(602) 506-1511,voterinfo@risc.maricopa.gov,"Recorder's/ Elections Office, Downtown, 111 South 3rd Avenue",Phoenix,AZ,85003,8:00:00 - 07:00,17:00:00 - 07:00,10-12-16,10-14-16,"Early Voting: Begins Wed, Oct 12 Ends Fri, Nov 4, 5PM; Mon-Fri, 8AM - 5PM; Sat, Oct 22 & 29, 8 AM - 5PM"
Maricopa County,ocd-division/country:us/state:az/county:maricopa,http://recorder.maricopa.gov/,(602) 506-1511,voterinfo@risc.maricopa.gov,"Recorder's/ Elections Office, Downtown, 111 South 3rd Avenue",Phoenix,AZ,85003,8:00:00 - 07:00,17:00:00 - 07:00,10-17-16,10-21-16,
Maricopa County,ocd-division/country:us/state:az/county:maricopa,http://recorder.maricopa.gov/,(602) 506-1511,voterinfo@risc.maricopa.gov,"Recorder's/ Elections Office, Downtown, 111 South 3rd Avenue",Phoenix,AZ,85003,8:00:00 - 07:00,17:00:00 - 07:00,10-22-16,10-22-16,
Maricopa County,ocd-division/country:us/state:az/county:maricopa,http://recorder.maricopa.gov/,(602) 506-1511,voterinfo@risc.maricopa.gov,"Recorder's/ Elections Office, Downtown, 111 South 3rd Avenue",Phoenix,AZ,85003,8:00:00 - 07:00,17:00:00 - 07:00,10-24-16,10-28-16,
Maricopa County,ocd-division/country:us/state:az/county:maricopa,http://recorder.maricopa.gov/,(602) 506-1511,voterinfo@risc.maricopa.gov,"Recorder's/ Elections Office, Downtown, 111 South 3rd Avenue",Phoenix,AZ,85003,8:00:00 - 07:00,17:00:00 - 07:00,10-29-16,10-29-16,
Maricopa County,ocd-division/country:us/state:az/county:maricopa,http://recorder.maricopa.gov/,(602) 506-1511,voterinfo@risc.maricopa.gov,"Recorder's/ Elections Office, Downtown, 111 South 3rd Avenue",Phoenix,AZ,85003,8:00:00 - 07:00,17:00:00 - 07:00,10-31-16,11-04-16,
Maricopa County,ocd-division/country:us/state:az/county:maricopa,http://recorder.maricopa.gov/,(602) 506-1511,voterinfo@risc.maricopa.gov,"Avondale City Clerk's Office, 11465 W Civic Center Dr",Avondale,AZ,85323,7:00:00 - 07:00,18:00:00 - 07:00,10-12-16,10-13-16,"Early Voting: Begins Wed, Oct 12 Ends Thurs, Nov 3, 6PM; Mon-Thurs, 7AM - 6PM"
Maricopa County,ocd-division/country:us/state:az/county:maricopa,http://recorder.maricopa.gov/,(602) 506-1511,voterinfo@risc.maricopa.gov,"Avondale City Clerk's Office, 11465 W Civic Center Dr",Avondale,AZ,85323,7:00:00 - 07:00,18:00:00 - 07:00,10-17-16,10-20-16,
Maricopa County,ocd-division/country:us/state:az/county:maricopa,http://recorder.maricopa.gov/,(602) 506-1511,voterinfo@risc.maricopa.gov,"Avondale City Clerk's Office, 11465 W Civic Center Dr",Avondale,AZ,85323,7:00:00 - 07:00,18:00:00 - 07:00,10-24-16,10-27-16,
Maricopa County,ocd-division/country:us/state:az/county:maricopa,http://recorder.maricopa.gov/,(602) 506-1511,voterinfo@risc.maricopa.gov,"Avondale City Clerk's Office, 11465 W Civic Center Dr",Avondale,AZ,85323,7:00:00 - 07:00,18:00:00 - 07:00,10-31-16,11-03-16,
Maricopa County,ocd-division/country:us/state:az/county:maricopa,http://recorder.maricopa.gov/,(602) 506-1511,voterinfo@risc.maricopa.gov,"Ability360 Center, Computer Lab Room, 2nd Floor, 5025 E Washington St",Phoenix,AZ,85034,8:00:00 - 07:00,17:00:00 - 07:00,10-17-16,10-21-16,"Early Voting: Begins Mon, Oct 17 Ends Fri, Nov 4, 5PM; Mon - Fri 8AM - 5PM"
Maricopa County,ocd-division/country:us/state:az/county:maricopa,http://recorder.maricopa.gov/,(602) 506-1511,voterinfo@risc.maricopa.gov,"Ability360 Center, Computer Lab Room, 2nd Floor, 5025 E Washington St",Phoenix,AZ,85034,8:00:00 - 07:00,17:00:00 - 07:00,10-24-16,10-28-16,
Maricopa County,ocd-division/country:us/state:az/county:maricopa,http://recorder.maricopa.gov/,(602) 506-1511,voterinfo@risc.maricopa.gov,"Ability360 Center, Computer Lab Room, 2nd Floor, 5025 E Washington St",Phoenix,AZ,85034,8:00:00 - 07:00,17:00:00 - 07:00,10-31-16,11-04-16,
Maricopa County,ocd-division/country:us/state:az/county:maricopa,http://recorder.maricopa.gov/,(602) 506-1511,voterinfo@risc.maricopa.gov,"Buckeye City Clerk's Office, 530 E Monroe Ave",Buckeye,AZ,85326,7:00:00 - 07:00,18:00:00 - 07:00,10-12-16,10-13-16,"Early Voting: Begins Wed, Oct 12 Ends Thurs, Nov 3, 6PM; Mon-Thurs, 7AM - 6PM"
Maricopa County,ocd-division/country:us/state:az/county:maricopa,http://recorder.maricopa.gov/,(602) 506-1511,voterinfo@risc.maricopa.gov,"Buckeye City Clerk's Office, 530 E Monroe Ave",Buckeye,AZ,85326,7:00:00 - 07:00,18:00:00 - 07:00,10-17-16,10-20-16,
Maricopa County,ocd-division/country:us/state:az/county:maricopa,http://recorder.maricopa.gov/,(602) 506-1511,voterinfo@risc.maricopa.gov,"Buckeye City Clerk's Office, 530 E Monroe Ave",Buckeye,AZ,85326,7:00:00 - 07:00,18:00:00 - 07:00,10-24-16,10-27-16,
Maricopa County,ocd-division/country:us/state:az/county:maricopa,http://recorder.maricopa.gov/,(602) 506-1511,voterinfo@risc.maricopa.gov,"Buckeye City Clerk's Office, 530 E Monroe Ave",Buckeye,AZ,85326,7:00:00 - 07:00,18:00:00 - 07:00,10-31-16,11-03-16,
Maricopa County,ocd-division/country:us/state:az/county:maricopa,http://recorder.maricopa.gov/,(602) 506-1511,voterinfo@risc.maricopa.gov,"Carefree Town Clerk's Office, 8 Sundial Cir",Carefree,AZ,85377,8:00:00 - 07:00,16:30:00 - 07:00,10-12-16,10-13-16,"Early Voting: Begins Wed, Oct 12 Ends Thurs, Nov 3, 4:30PM; Mon - Thurs, 8AM - 4:30PM"
Maricopa County,ocd-division/country:us/state:az/county:maricopa,http://recorder.maricopa.gov/,(602) 506-1511,voterinfo@risc.maricopa.gov,"Carefree Town Clerk's Office, 8 Sundial Cir",Carefree,AZ,85377,8:00:00 - 07:00,16:30:00 - 07:00,10-17-16,10-20-16,
Maricopa County,ocd-division/country:us/state:az/county:maricopa,http://recorder.maricopa.gov/,(602) 506-1511,voterinfo@risc.maricopa.gov,"Carefree Town Clerk's Office, 8 Sundial Cir",Carefree,AZ,85377,8:00:00 - 07:00,16:30:00 - 07:00,10-24-16,10-27-16,
Maricopa County,ocd-division/country:us/state:az/county:maricopa,http://recorder.maricopa.gov/,(602) 506-1511,voterinfo@risc.maricopa.gov,"Carefree Town Clerk's Office, 8 Sundial Cir",Carefree,AZ,85377,8:00:00 - 07:00,16:30:00 - 07:00,10-31-16,11-03-16,
Maricopa County,ocd-division/country:us/state:az/county:maricopa,http://recorder.maricopa.gov/,(602) 506-1511,voterinfo@risc.maricopa.gov,"Cave Creek Town Clerk's Office, 37622 N Cave Creek Rd",Cave Creek,AZ,85331,7:00:00 - 07:00,17:00:00 - 07:00,10-12-16,10-13-16,"Early Voting: Begins Wed, Oct 12 Ends Thurs, Nov 3, 5PM; Mon - Thurs, 7AM - 5PM"
Maricopa County,ocd-division/country:us/state:az/county:maricopa,http://recorder.maricopa.gov/,(602) 506-1511,voterinfo@risc.maricopa.gov,"Cave Creek Town Clerk's Office, 37622 N Cave Creek Rd",Cave Creek,AZ,85331,7:00:00 - 07:00,17:00:00 - 07:00,10-17-16,10-20-16,
Maricopa County,ocd-division/country:us/state:az/county:maricopa,http://recorder.maricopa.gov/,(602) 506-1511,voterinfo@risc.maricopa.gov,"Cave Creek Town Clerk's Office, 37622 N Cave Creek Rd",Cave Creek,AZ,85331,7:00:00 - 07:00,17:00:00 - 07:00,10-24-16,10-27-16,
Maricopa County,ocd-division/country:us/state:az/county:maricopa,http://recorder.maricopa.gov/,(602) 506-1511,voterinfo@risc.maricopa.gov,"Cave Creek Town Clerk's Office, 37622 N Cave Creek Rd",Cave Creek,AZ,85331,7:00:00 - 07:00,17:00:00 - 07:00,10-31-16,11-03-16,
Maricopa County,ocd-division/country:us/state:az/county:maricopa,http://recorder.maricopa.gov/,(602) 506-1511,voterinfo@risc.maricopa.gov,"Chandler City Clerk's Office, 175 S Arizona Ave",Chandler,AZ,85225,8:00:00 - 07:00,17:00:00 - 07:00,10-17-16,10-21-16,"Early Voting: Begins Mon, Oct 17 Ends Fri, Nov 4, 5PM; Mon - Fri 8AM - 5PM"
Maricopa County,ocd-division/country:us/state:az/county:maricopa,http://recorder.maricopa.gov/,(602) 506-1511,voterinfo@risc.maricopa.gov,"Chandler City Clerk's Office, 175 S Arizona Ave",Chandler,AZ,85225,8:00:00 - 07:00,17:00:00 - 07:00,10-24-16,10-28-16,
Maricopa County,ocd-division/country:us/state:az/county:maricopa,http://recorder.maricopa.gov/,(602) 506-1511,voterinfo@risc.maricopa.gov,"Chandler City Clerk's Office, 175 S Arizona Ave",Chandler,AZ,85225,8:00:00 - 07:00,17:00:00 - 07:00,10-31-16,11-04-16,
Maricopa County,ocd-division/country:us/state:az/county:maricopa,http://recorder.maricopa.gov/,(602) 506-1511,voterinfo@risc.maricopa.gov,"El Mirage City Clerk's Office, 12145 NW Grand Ave",El Mirage,AZ,85335,8:00:00 - 07:00,17:00:00 - 07:00,10-12-16,10-14-16,"Early Voting: Begins Wed, Oct 12 Ends Fri, Nov 4, 5PM; Mon - Fri, 8AM - 5PM"
Maricopa County,ocd-division/country:us/state:az/county:maricopa,http://recorder.maricopa.gov/,(602) 506-1511,voterinfo@risc.maricopa.gov,"El Mirage City Clerk's Office, 12145 NW Grand Ave",El Mirage,AZ,85335,8:00:00 - 07:00,17:00:00 - 07:00,10-17-16,10-21-16,
Maricopa County,ocd-division/country:us/state:az/county:maricopa,http://recorder.maricopa.gov/,(602) 506-1511,voterinfo@risc.maricopa.gov,"El Mirage City Clerk's Office, 12145 NW Grand Ave",El Mirage,AZ,85335,8:00:00 - 07:00,17:00:00 - 07:00,10-24-16,10-28-16,
Maricopa County,ocd-division/country:us/state:az/county:maricopa,http://recorder.maricopa.gov/,(602) 506-1511,voterinfo@risc.maricopa.gov,"El Mirage City Clerk's Office, 12145 NW Grand Ave",El Mirage,AZ,85335,8:00:00 - 07:00,17:00:00 - 07:00,10-31-16,11-04-16,
Maricopa County,ocd-division/country:us/state:az/county:maricopa,http://recorder.maricopa.gov/,(602) 506-1511,voterinfo@risc.maricopa.gov,"Fountain Hills Town Clerk's Office, 16705 E Ave of the Fountains",Fountain Hills,AZ,85268,7:00:00 - 07:00,18:00:00 - 07:00,10-17-16,10-20-16,"Early Voting: Begins Mon, Oct 17 Ends Thurs, Nov 3, 6PM; Mon - Thurs, 7AM - 6PM"
Maricopa County,ocd-division/country:us/state:az/county:maricopa,http://recorder.maricopa.gov/,(602) 506-1511,voterinfo@risc.maricopa.gov,"Fountain Hills Town Clerk's Office, 16705 E Ave of the Fountains",Fountain Hills,AZ,85268,7:00:00 - 07:00,18:00:00 - 07:00,10-24-16,10-27-16,
Maricopa County,ocd-division/country:us/state:az/county:maricopa,http://recorder.maricopa.gov/,(602) 506-1511,voterinfo@risc.maricopa.gov,"Fountain Hills Town Clerk's Office, 16705 E Ave of the Fountains",Fountain Hills,AZ,85268,7:00:00 - 07:00,18:00:00 - 07:00,10-31-16,11-03-16,
Maricopa County,ocd-division/country:us/state:az/county:maricopa,http://recorder.maricopa.gov/,(602) 506-1511,voterinfo@risc.maricopa.gov,"Gila Bend Town Clerk's Office, 644 W Pima St",Gila Bend,AZ,85337,8:00:00 - 07:00,16:00:00 - 07:00,10-17-16,10-21-16,"Early Voting: Begins Mon, Oct 17 Ends Fri, Nov 4 at 4PM; Mon-Fri, 8AM - 4PM"
Maricopa County,ocd-division/country:us/state:az/county:maricopa,http://recorder.maricopa.gov/,(602) 506-1511,voterinfo@risc.maricopa.gov,"Gila Bend Town Clerk's Office, 644 W Pima St",Gila Bend,AZ,85337,8:00:00 - 07:00,16:00:00 - 07:00,10-24-16,10-28-16,
Maricopa County,ocd-division/country:us/state:az/county:maricopa,http://recorder.maricopa.gov/,(602) 506-1511,voterinfo@risc.maricopa.gov,"Gila Bend Town Clerk's Office, 644 W Pima St",Gila Bend,AZ,85337,8:00:00 - 07:00,16:00:00 - 07:00,10-31-16,11-04-16,
Maricopa County,ocd-division/country:us/state:az/county:maricopa,http://recorder.maricopa.gov/,(602) 506-1511,voterinfo@risc.maricopa.gov,"Gilbert Municipal Center, 50 E Civic Center Dr",Gilbert,AZ,85296,7:00:00 - 07:00,18:00:00 - 07:00,10-12-16,10-13-16,"Early Voting: Begins Wed, Oct 12 Ends Thurs, Nov 3 6PM; Mon - Thurs 7AM - 6PM"
Maricopa County,ocd-division/country:us/state:az/county:maricopa,http://recorder.maricopa.gov/,(602) 506-1511,voterinfo@risc.maricopa.gov,"Gilbert Municipal Center, 50 E Civic Center Dr",Gilbert,AZ,85296,7:00:00 - 07:00,18:00:00 - 07:00,10-17-16,10-20-16,
Maricopa County,ocd-division/country:us/state:az/county:maricopa,http://recorder.maricopa.gov/,(602) 506-1511,voterinfo@risc.maricopa.gov,"Gilbert Municipal Center, 50 E Civic Center Dr",Gilbert,AZ,85296,7:00:00 - 07:00,18:00:00 - 07:00,10-24-16,10-27-16,
Maricopa County,ocd-division/country:us/state:az/county:maricopa,http://recorder.maricopa.gov/,(602) 506-1511,voterinfo@risc.maricopa.gov,"Gilbert Municipal Center, 50 E Civic Center Dr",Gilbert,AZ,85296,7:00:00 - 07:00,18:00:00 - 07:00,10-31-16,11-03-16,
Maricopa County,ocd-division/country:us/state:az/county:maricopa,http://recorder.maricopa.gov/,(602) 506-1511,voterinfo@risc.maricopa.gov,"Glendale - Ability360 Center, 6829 N 57th Ave",Glendale,AZ,85301,8:00:00 - 07:00,17:00:00 - 07:00,10-17-16,10-21-16,"Early Voting: Begins Mon, Oct 17 Ends Fri, Nov 4, 5PM; Mon - Fri 8AM - 5PM"
Maricopa County,ocd-division/country:us/state:az/county:maricopa,http://recorder.maricopa.gov/,(602) 506-1511,voterinfo@risc.maricopa.gov,"Glendale - Ability360 Center, 6829 N 57th Ave",Glendale,AZ,85301,8:00:00 - 07:00,17:00:00 - 07:00,10-24-16,10-28-16,
Maricopa County,ocd-division/country:us/state:az/county:maricopa,http://recorder.maricopa.gov/,(602) 506-1511,voterinfo@risc.maricopa.gov,"Glendale - Ability360 Center, 6829 N 57th Ave",Glendale,AZ,85301,8:00:00 - 07:00,17:00:00 - 07:00,10-31-16,11-04-16,
Maricopa County,ocd-division/country:us/state:az/county:maricopa,http://recorder.maricopa.gov/,(602) 506-1511,voterinfo@risc.maricopa.gov,"Litchfield Park City Clerk's Office, 214 W Wigwam Boulevard",Litchfield Park,AZ,85340,8:00:00 - 07:00,17:00:00 - 07:00,10-17-16,10-21-16,"Early Voting: Begins Mon, Oct 17 Ends Fri, Nov 4, 5PM; Mon - Fri, 8AM - 5PM"
Maricopa County,ocd-division/country:us/state:az/county:maricopa,http://recorder.maricopa.gov/,(602) 506-1511,voterinfo@risc.maricopa.gov,"Litchfield Park City Clerk's Office, 214 W Wigwam Boulevard",Litchfield Park,AZ,85340,8:00:00 - 07:00,17:00:00 - 07:00,10-24-16,10-28-16,
Maricopa County,ocd-division/country:us/state:az/county:maricopa,http://recorder.maricopa.gov/,(602) 506-1511,voterinfo@risc.maricopa.gov,"Litchfield Park City Clerk's Office, 214 W Wigwam Boulevard",Litchfield Park,AZ,85340,8:00:00 - 07:00,17:00:00 - 07:00,10-31-16,11-04-16,
Maricopa County,ocd-division/country:us/state:az/county:maricopa,http://recorder.maricopa.gov/,(602) 506-1511,voterinfo@risc.maricopa.gov,"Maryvale - Cartwright School District Annex Blg, 3401 N 67TH Ave",Phoenix,AZ,85033,8:00:00 - 07:00,17:00:00 - 07:00,10-17-16,10-21-16,"Early Voting: Begins Mon, Oct 17 Ends Fri, Nov 4 at 5PM; Mon-Fri, 8AM - 5PM"
Maricopa County,ocd-division/country:us/state:az/county:maricopa,http://recorder.maricopa.gov/,(602) 506-1511,voterinfo@risc.maricopa.gov,"Maryvale - Cartwright School District Annex Blg, 3401 N 67TH Ave",Phoenix,AZ,85033,8:00:00 - 07:00,17:00:00 - 07:00,10-24-16,10-28-16,
Maricopa County,ocd-division/country:us/state:az/county:maricopa,http://recorder.maricopa.gov/,(602) 506-1511,voterinfo@risc.maricopa.gov,"Maryvale - Cartwright School District Annex Blg, 3401 N 67TH Ave",Phoenix,AZ,85033,8:00:00 - 07:00,17:00:00 - 07:00,10-31-16,11-04-16,
Maricopa County,ocd-division/country:us/state:az/county:maricopa,http://recorder.maricopa.gov/,(602) 506-1511,voterinfo@risc.maricopa.gov,"Mesa City Clerk's Office, 20 E Main St",Mesa,AZ,85201,7:00:00 - 07:00,18:00:00 - 07:00,10-12-16,10-13-16,"Early Voting: Begins Wed, Oct 12 Ends Thurs, Nov 3, 6PM; Mon - Thurs, 7AM - 6PM"
Maricopa County,ocd-division/country:us/state:az/county:maricopa,http://recorder.maricopa.gov/,(602) 506-1511,voterinfo@risc.maricopa.gov,"Mesa City Clerk's Office, 20 E Main St",Mesa,AZ,85201,7:00:00 - 07:00,18:00:00 - 07:00,10-17-16,10-20-16,
Maricopa County,ocd-division/country:us/state:az/county:maricopa,http://recorder.maricopa.gov/,(602) 506-1511,voterinfo@risc.maricopa.gov,"Mesa City Clerk's Office, 20 E Main St",Mesa,AZ,85201,7:00:00 - 07:00,18:00:00 - 07:00,10-24-16,10-27-16,
Maricopa County,ocd-division/country:us/state:az/county:maricopa,http://recorder.maricopa.gov/,(602) 506-1511,voterinfo@risc.maricopa.gov,"Mesa City Clerk's Office, 20 E Main St",Mesa,AZ,85201,7:00:00 - 07:00,18:00:00 - 07:00,10-31-16,11-03-16,
Maricopa County,ocd-division/country:us/state:az/county:maricopa,http://recorder.maricopa.gov/,(602) 506-1511,voterinfo@risc.maricopa.gov,"Phoenix City Hall, 200 W Washington St, 15th Floor",Phoenix,AZ,85003,8:00:00 - 07:00,17:00:00 - 07:00,10-12-16,10-14-16,"Early Voting: Begins Wed, Oct 12 Ends Fri, Nov 4, 5PM; Mon - Fri, 8AM - 5PM"
Maricopa County,ocd-division/country:us/state:az/county:maricopa,http://recorder.maricopa.gov/,(602) 506-1511,voterinfo@risc.maricopa.gov,"Phoenix City Hall, 200 W Washington St, 15th Floor",Phoenix,AZ,85003,8:00:00 - 07:00,17:00:00 - 07:00,10-17-16,10-21-16,
Maricopa County,ocd-division/country:us/state:az/county:maricopa,http://recorder.maricopa.gov/,(602) 506-1511,voterinfo@risc.maricopa.gov,"Phoenix City Hall, 200 W Washington St, 15th Floor",Phoenix,AZ,85003,8:00:00 - 07:00,17:00:00 - 07:00,10-24-16,10-28-16,
Maricopa County,ocd-division/country:us/state:az/county:maricopa,http://recorder.maricopa.gov/,(602) 506-1511,voterinfo@risc.maricopa.gov,"Phoenix City Hall, 200 W Washington St, 15th Floor",Phoenix,AZ,85003,8:00:00 - 07:00,17:00:00 - 07:00,10-31-16,11-04-16,
Maricopa County,ocd-division/country:us/state:az/county:maricopa,http://recorder.maricopa.gov/,(602) 506-1511,voterinfo@risc.maricopa.gov,"Scottsdale City Hall/Election's Office, 3939 N Drinkwater Blvd",Scottsdale,AZ,85251,9:00:00 - 07:00,17:00:00 - 07:00,10-12-16,10-14-16,"Early Voting: Begins Wed, Oct 12 Ends Fri, Nov 4, 5PM; Mon - Fri, 9AM - 5PM"
Maricopa County,ocd-division/country:us/state:az/county:maricopa,http://recorder.maricopa.gov/,(602) 506-1511,voterinfo@risc.maricopa.gov,"Scottsdale City Hall/Election's Office, 3939 N Drinkwater Blvd",Scottsdale,AZ,85251,9:00:00 - 07:00,17:00:00 - 07:00,10-17-16,10-21-16,
Maricopa County,ocd-division/country:us/state:az/county:maricopa,http://recorder.maricopa.gov/,(602) 506-1511,voterinfo@risc.maricopa.gov,"Scottsdale City Hall/Election's Office, 3939 N Drinkwater Blvd",Scottsdale,AZ,85251,9:00:00 - 07:00,17:00:00 - 07:00,10-24-16,10-28-16,
Maricopa County,ocd-division/country:us/state:az/county:maricopa,http://recorder.maricopa.gov/,(602) 506-1511,voterinfo@risc.maricopa.gov,"Scottsdale City Hall/Election's Office, 3939 N Drinkwater Blvd",Scottsdale,AZ,85251,9:00:00 - 07:00,17:00:00 - 07:00,10-31-16,11-04-16,
Maricopa County,ocd-division/country:us/state:az/county:maricopa,http://recorder.maricopa.gov/,(602) 506-1511,voterinfo@risc.maricopa.gov,"South Mountain Community Center, 212 E Alta Vista Rd",Phoenix,AZ,85042,8:00:00 - 07:00,17:00:00 - 07:00,10-17-16,10-21-16,"Early Voting: Begins Mon, Oct 17 Ends Fri, Nov 4, at 5PM; Monday - Friday, 9AM - 5PM; Sat, Oct 22, 10AM - 4PM; Sat, Oct 29, 10AM - 4PM"
Maricopa County,ocd-division/country:us/state:az/county:maricopa,http://recorder.maricopa.gov/,(602) 506-1511,voterinfo@risc.maricopa.gov,"South Mountain Community Center, 212 E Alta Vista Rd",Phoenix,AZ,85042,10:00:00 - 07:00,16:00:00 - 07:00,10-22-16,10-22-16,
Maricopa County,ocd-division/country:us/state:az/county:maricopa,http://recorder.maricopa.gov/,(602) 506-1511,voterinfo@risc.maricopa.gov,"South Mountain Community Center, 212 E Alta Vista Rd",Phoenix,AZ,85042,8:00:00 - 07:00,17:00:00 - 07:00,10-24-16,10-28-16,
Maricopa County,ocd-division/country:us/state:az/county:maricopa,http://recorder.maricopa.gov/,(602) 506-1511,voterinfo@risc.maricopa.gov,"South Mountain Community Center, 212 E Alta Vista Rd",Phoenix,AZ,85042,10:00:00 - 07:00,16:00:00 - 07:00,10-29-16,10-29-16,
Maricopa County,ocd-division/country:us/state:az/county:maricopa,http://recorder.maricopa.gov/,(602) 506-1511,voterinfo@risc.maricopa.gov,"South Mountain Community Center, 212 E Alta Vista Rd",Phoenix,AZ,85042,8:00:00 - 07:00,17:00:00 - 07:00,10-31-16,11-04-16,
Maricopa County,ocd-division/country:us/state:az/county:maricopa,http://recorder.maricopa.gov/,(602) 506-1511,voterinfo@risc.maricopa.gov,"Surprise City Clerk's Office, 16000 N Civic Center Plaza",Surprise,AZ,85374,8:00:00 - 07:00,17:00:00 - 07:00,10-12-16,10-14-16,"Early Voting: Begins Wed, Oct 12 Ends Fri, Nov 4, 5PM; Mon - Fri, 8AM - 5PM"
Maricopa County,ocd-division/country:us/state:az/county:maricopa,http://recorder.maricopa.gov/,(602) 506-1511,voterinfo@risc.maricopa.gov,"Surprise City Clerk's Office, 16000 N Civic Center Plaza",Surprise,AZ,85374,8:00:00 - 07:00,17:00:00 - 07:00,10-17-16,10-21-16,
Maricopa County,ocd-division/country:us/state:az/county:maricopa,http://recorder.maricopa.gov/,(602) 506-1511,voterinfo@risc.maricopa.gov,"Surprise City Clerk's Office, 16000 N Civic Center Plaza",Surprise,AZ,85374,8:00:00 - 07:00,17:00:00 - 07:00,10-24-16,10-28-16,
Maricopa County,ocd-division/country:us/state:az/county:maricopa,http://recorder.maricopa.gov/,(602) 506-1511,voterinfo@risc.maricopa.gov,"Surprise City Clerk's Office, 16000 N Civic Center Plaza",Surprise,AZ,85374,8:00:00 - 07:00,17:00:00 - 07:00,10-31-16,11-04-16,
Maricopa County,ocd-division/country:us/state:az/county:maricopa,http://recorder.maricopa.gov/,(602) 506-1511,voterinfo@risc.maricopa.gov,"Tempe - ASU, Safety Escort Office, Palo Verde West Bldg, Room 151, 330 E University Dr",Tempe,AZ,85281,10:00:00 - 07:00,18:00:00 - 07:00,10-12-16,10-12-16,"Early Voting: Begins Wed, Oct 12 Ends Fri, Nov 4, 5PM; Mon - Wed, 10AM - 6PM; Thurs & Fri, 10AM - 5PM; Validated parking is available in the Fulton Center Garage"
Maricopa County,ocd-division/country:us/state:az/county:maricopa,http://recorder.maricopa.gov/,(602) 506-1511,voterinfo@risc.maricopa.gov,"Tempe - ASU, Safety Escort Office, Palo Verde West Bldg, Room 151, 330 E University Dr",Tempe,AZ,85281,10:00:00 - 07:00,17:00:00 - 07:00,10-13-16,10-14-16,
Maricopa County,ocd-division/country:us/state:az/county:maricopa,http://recorder.maricopa.gov/,(602) 506-1511,voterinfo@risc.maricopa.gov,"Tempe - ASU, Safety Escort Office, Palo Verde West Bldg, Room 151, 330 E University Dr",Tempe,AZ,85281,10:00:00 - 07:00,18:00:00 - 07:00,10-17-16,10-19-16,
Maricopa County,ocd-division/country:us/state:az/county:maricopa,http://recorder.maricopa.gov/,(602) 506-1511,voterinfo@risc.maricopa.gov,"Tempe - ASU, Safety Escort Office, Palo Verde West Bldg, Room 151, 330 E University Dr",Tempe,AZ,85281,10:00:00 - 07:00,17:00:00 - 07:00,10-20-16,10-21-16,
Maricopa County,ocd-division/country:us/state:az/county:maricopa,http://recorder.maricopa.gov/,(602) 506-1511,voterinfo@risc.maricopa.gov,"Tempe - ASU, Safety Escort Office, Palo Verde West Bldg, Room 151, 330 E University Dr",Tempe,AZ,85281,10:00:00 - 07:00,18:00:00 - 07:00,10-24-16,10-26-16,
Maricopa County,ocd-division/country:us/state:az/county:maricopa,http://recorder.maricopa.gov/,(602) 506-1511,voterinfo@risc.maricopa.gov,"Tempe - ASU, Safety Escort Office, Palo Verde West Bldg, Room 151, 330 E University Dr",Tempe,AZ,85281,10:00:00 - 07:00,17:00:00 - 07:00,10-27-16,10-28-16,
Maricopa County,ocd-division/country:us/state:az/county:maricopa,http://recorder.maricopa.gov/,(602) 506-1511,voterinfo@risc.maricopa.gov,"Tempe - ASU, Safety Escort Office, Palo Verde West Bldg, Room 151, 330 E University Dr",Tempe,AZ,85281,10:00:00 - 07:00,18:00:00 - 07:00,10-31-16,11-02-16,
Maricopa County,ocd-division/country:us/state:az/county:maricopa,http://recorder.maricopa.gov/,(602) 506-1511,voterinfo@risc.maricopa.gov,"Tempe - ASU, Safety Escort Office, Palo Verde West Bldg, Room 151, 330 E University Dr",Tempe,AZ,85281,10:00:00 - 07:00,17:00:00 - 07:00,11-03-16,11-04-16,
Maricopa County,ocd-division/country:us/state:az/county:maricopa,http://recorder.maricopa.gov/,(602) 506-1511,voterinfo@risc.maricopa.gov,"Tempe Public Library, 3500 S Rural Rd",Tempe,AZ,85282,10:00:00 - 07:00,18:00:00 - 07:00,10-12-16,10-12-16,"Early Voting: Begins Wed, Oct 12 Ends Fri, Nov 4, 5PM; Mon - Wed, 10AM - 6PM; Thurs & Fri, 10AM - 5PM"
Maricopa County,ocd-division/country:us/state:az/county:maricopa,http://recorder.maricopa.gov/,(602) 506-1511,voterinfo@risc.maricopa.gov,"Tempe Public Library, 3500 S Rural Rd",Tempe,AZ,85282,10:00:00 - 07:00,17:00:00 - 07:00,10-13-16,10-14-16,
Maricopa County,ocd-division/country:us/state:az/county:maricopa,http://recorder.maricopa.gov/,(602) 506-1511,voterinfo@risc.maricopa.gov,"Tempe Public Library, 3500 S Rural Rd",Tempe,AZ,85282,10:00:00 - 07:00,18:00:00 - 07:00,10-17-16,10-19-16,
Maricopa County,ocd-division/country:us/state:az/county:maricopa,http://recorder.maricopa.gov/,(602) 506-1511,voterinfo@risc.maricopa.gov,"Tempe Public Library, 3500 S Rural Rd",Tempe,AZ,85282,10:00:00 - 07:00,17:00:00 - 07:00,10-20-16,10-21-16,
Maricopa County,ocd-division/country:us/state:az/county:maricopa,http://recorder.maricopa.gov/,(602) 506-1511,voterinfo@risc.maricopa.gov,"Tempe Public Library, 3500 S Rural Rd",Tempe,AZ,85282,10:00:00 - 07:00,18:00:00 - 07:00,10-24-16,10-26-16,
Maricopa County,ocd-division/country:us/state:az/county:maricopa,http://recorder.maricopa.gov/,(602) 506-1511,voterinfo@risc.maricopa.gov,"Tempe Public Library, 3500 S Rural Rd",Tempe,AZ,85282,10:00:00 - 07:00,17:00:00 - 07:00,10-27-16,10-28-16,
Maricopa County,ocd-division/country:us/state:az/county:maricopa,http://recorder.maricopa.gov/,(602) 506-1511,voterinfo@risc.maricopa.gov,"Tempe Public Library, 3500 S Rural Rd",Tempe,AZ,85282,10:00:00 - 07:00,18:00:00 - 07:00,10-31-16,11-02-16,
Maricopa County,ocd-division/country:us/state:az/county:maricopa,http://recorder.maricopa.gov/,(602) 506-1511,voterinfo@risc.maricopa.gov,"Tempe Public Library, 3500 S Rural Rd",Tempe,AZ,85282,10:00:00 - 07:00,17:00:00 - 07:00,11-03-16,11-04-16,
Maricopa County,ocd-division/country:us/state:az/county:maricopa,http://recorder.maricopa.gov/,(602) 506-1511,voterinfo@risc.maricopa.gov,"Wickenburg Town Clerk's Office, 155 N Tegner St",Wickenburg,AZ,85390,7:00:00 - 07:00,18:00:00 - 07:00,10-12-16,10-13-16,"Early Voting: Begins Mon, Oct 17 Ends Thurs, Nov 3, 6PM; Mon - Thurs, 7AM - 6PM"
Maricopa County,ocd-division/country:us/state:az/county:maricopa,http://recorder.maricopa.gov/,(602) 506-1511,voterinfo@risc.maricopa.gov,"Wickenburg Town Clerk's Office, 155 N Tegner St",Wickenburg,AZ,85390,7:00:00 - 07:00,18:00:00 - 07:00,10-17-16,10-20-16,
Maricopa County,ocd-division/country:us/state:az/county:maricopa,http://recorder.maricopa.gov/,(602) 506-1511,voterinfo@risc.maricopa.gov,"Wickenburg Town Clerk's Office, 155 N Tegner St",Wickenburg,AZ,85390,7:00:00 - 07:00,18:00:00 - 07:00,10-24-16,10-27-16,
Maricopa County,ocd-division/country:us/state:az/county:maricopa,http://recorder.maricopa.gov/,(602) 506-1511,voterinfo@risc.maricopa.gov,"Wickenburg Town Clerk's Office, 155 N Tegner St",Wickenburg,AZ,85390,7:00:00 - 07:00,18:00:00 - 07:00,10-31-16,11-03-16,
Maricopa County,ocd-division/country:us/state:az/county:maricopa,http://recorder.maricopa.gov/,(602) 506-1511,voterinfo@risc.maricopa.gov,"Youngtown Town Clerk's Office, 12030 N Clubhouse Sq",Youngtown,AZ,85363,8:00:00 - 07:00,16:00:00 - 07:00,10-12-16,10-14-16,"Early Voting: Begins Wed, Oct 12 Ends Fri, Nov 4, 4PM; Mon - Fri, 8AM - 4PM"
Maricopa County,ocd-division/country:us/state:az/county:maricopa,http://recorder.maricopa.gov/,(602) 506-1511,voterinfo@risc.maricopa.gov,"Youngtown Town Clerk's Office, 12030 N Clubhouse Sq",Youngtown,AZ,85363,8:00:00 - 07:00,16:00:00 - 07:00,10-17-16,10-21-16,
Maricopa County,ocd-division/country:us/state:az/county:maricopa,http://recorder.maricopa.gov/,(602) 506-1511,voterinfo@risc.maricopa.gov,"Youngtown Town Clerk's Office, 12030 N Clubhouse Sq",Youngtown,AZ,85363,8:00:00 - 07:00,16:00:00 - 07:00,10-24-16,10-28-16,
Maricopa County,ocd-division/country:us/state:az/county:maricopa,http://recorder.maricopa.gov/,(602) 506-1511,voterinfo@risc.maricopa.gov,"Youngtown Town Clerk's Office, 12030 N Clubhouse Sq",Youngtown,AZ,85363,8:00:00 - 07:00,16:00:00 - 07:00,10-31-16,11-04-16,
Mohave County,ocd-division/country:us/state:az/county:mohave,http://www.co.mohave.az.us/ContentPage.aspx?id=129,"(928) 753-0733, opt. 2",elections@mohavecounty.us,"Mohave County Library, 1770 N McCulloch Blvd, Room A",Lake Havasu City,AZ,86403,9:00:00 - 07:00,16:00:00 - 07:00,10-12-16,10-14-16,https://secure.helpscout.net/conversation/239640073/0/
Mohave County,ocd-division/country:us/state:az/county:mohave,http://www.co.mohave.az.us/ContentPage.aspx?id=129,"(928) 753-0733, opt. 2",elections@mohavecounty.us,"Mohave County Library, 1770 N McCulloch Blvd, Room A",Lake Havasu City,AZ,86403,9:00:00 - 07:00,16:00:00 - 07:00,10-17-16,10-21-16,
Mohave County,ocd-division/country:us/state:az/county:mohave,http://www.co.mohave.az.us/ContentPage.aspx?id=129,"(928) 753-0733, opt. 2",elections@mohavecounty.us,"Mohave County Library, 1770 N McCulloch Blvd, Room A",Lake Havasu City,AZ,86403,9:00:00 - 07:00,16:00:00 - 07:00,10-24-16,10-28-16,
Mohave County,ocd-division/country:us/state:az/county:mohave,http://www.co.mohave.az.us/ContentPage.aspx?id=129,"(928) 753-0733, opt. 2",elections@mohavecounty.us,"Mohave County Library, 1770 N McCulloch Blvd, Room A",Lake Havasu City,AZ,86403,9:00:00 - 07:00,16:00:00 - 07:00,10-31-16,10-31-16,
Mohave County,ocd-division/country:us/state:az/county:mohave,http://www.co.mohave.az.us/ContentPage.aspx?id=129,"(928) 753-0733, opt. 2",elections@mohavecounty.us,"Mohave County Library, 1770 N McCulloch Blvd, Room A",Lake Havasu City,AZ,86403,9:00:00 - 07:00,16:00:00 - 07:00,11-02-16,11-02-16,
Mohave County,ocd-division/country:us/state:az/county:mohave,http://www.co.mohave.az.us/ContentPage.aspx?id=129,"(928) 753-0733, opt. 2",elections@mohavecounty.us,"Mohave County Library, 1770 N McCulloch Blvd, Room A",Lake Havasu City,AZ,86403,9:00:00 - 07:00,16:00:00 - 07:00,11-04-16,11-04-16,
Mohave County,ocd-division/country:us/state:az/county:mohave,http://www.co.mohave.az.us/ContentPage.aspx?id=129,"(928) 753-0733, opt. 2",elections@mohavecounty.us,"Mohave County Library, 1770 N McCulloch Blvd, Room A",Lake Havasu City,AZ,86403,9:00:00 - 07:00,19:00:00 - 07:00,11-01-16,11-01-16,
Mohave County,ocd-division/country:us/state:az/county:mohave,http://www.co.mohave.az.us/ContentPage.aspx?id=129,"(928) 753-0733, opt. 2",elections@mohavecounty.us,"Mohave County Library, 1770 N McCulloch Blvd, Room A",Lake Havasu City,AZ,86403,9:00:00 - 07:00,19:00:00 - 07:00,11-03-16,11-03-16,
Mohave County,ocd-division/country:us/state:az/county:mohave,http://www.co.mohave.az.us/ContentPage.aspx?id=129,"(928) 753-0733, opt. 2",elections@mohavecounty.us,"Mohave County Library, 1770 N McCulloch Blvd, Room A",Lake Havasu City,AZ,86403,10:00:00 - 07:00,15:00:00 - 07:00,10-29-16,10-29-16,
Mohave County,ocd-division/country:us/state:az/county:mohave,http://www.co.mohave.az.us/ContentPage.aspx?id=129,"(928) 753-0733, opt. 2",elections@mohavecounty.us,"Mohave County Library, 1170 E Hancock Rd",Bullhead City,AZ,86442,9:00:00 - 07:00,14:00:00 - 07:00,10-12-16,10-14-16,
Mohave County,ocd-division/country:us/state:az/county:mohave,http://www.co.mohave.az.us/ContentPage.aspx?id=129,"(928) 753-0733, opt. 2",elections@mohavecounty.us,"Mohave County Library, 1170 E Hancock Rd",Bullhead City,AZ,86442,9:00:00 - 07:00,14:00:00 - 07:00,10-17-16,10-21-16,
Mohave County,ocd-division/country:us/state:az/county:mohave,http://www.co.mohave.az.us/ContentPage.aspx?id=129,"(928) 753-0733, opt. 2",elections@mohavecounty.us,"Mohave County Library, 1170 E Hancock Rd",Bullhead City,AZ,86442,9:00:00 - 07:00,16:00:00 - 07:00,10-24-16,10-28-16,
Mohave County,ocd-division/country:us/state:az/county:mohave,http://www.co.mohave.az.us/ContentPage.aspx?id=129,"(928) 753-0733, opt. 2",elections@mohavecounty.us,"Mohave County Library, 1170 E Hancock Rd",Bullhead City,AZ,86442,9:00:00 - 07:00,16:00:00 - 07:00,10-31-16,10-31-16,
Mohave County,ocd-division/country:us/state:az/county:mohave,http://www.co.mohave.az.us/ContentPage.aspx?id=129,"(928) 753-0733, opt. 2",elections@mohavecounty.us,"Mohave County Library, 1170 E Hancock Rd",Bullhead City,AZ,86442,9:00:00 - 07:00,16:00:00 - 07:00,11-02-16,11-02-16,
Mohave County,ocd-division/country:us/state:az/county:mohave,http://www.co.mohave.az.us/ContentPage.aspx?id=129,"(928) 753-0733, opt. 2",elections@mohavecounty.us,"Mohave County Library, 1170 E Hancock Rd",Bullhead City,AZ,86442,9:00:00 - 07:00,16:00:00 - 07:00,11-04-16,11-04-16,
Mohave County,ocd-division/country:us/state:az/county:mohave,http://www.co.mohave.az.us/ContentPage.aspx?id=129,"(928) 753-0733, opt. 2",elections@mohavecounty.us,"Mohave County Library, 1170 E Hancock Rd",Bullhead City,AZ,86442,9:00:00 - 07:00,19:00:00 - 07:00,11-01-16,11-01-16,
Mohave County,ocd-division/country:us/state:az/county:mohave,http://www.co.mohave.az.us/ContentPage.aspx?id=129,"(928) 753-0733, opt. 2",elections@mohavecounty.us,"Mohave County Library, 1170 E Hancock Rd",Bullhead City,AZ,86442,9:00:00 - 07:00,19:00:00 - 07:00,11-03-16,11-03-16,
Mohave County,ocd-division/country:us/state:az/county:mohave,http://www.co.mohave.az.us/ContentPage.aspx?id=129,"(928) 753-0733, opt. 2",elections@mohavecounty.us,"Mohave County Library, 1170 E Hancock Rd",Bullhead City,AZ,86442,10:00:00 - 07:00,15:00:00 - 07:00,10-29-16,10-29-16,
Mohave County,ocd-division/country:us/state:az/county:mohave,http://www.co.mohave.az.us/ContentPage.aspx?id=129,"(928) 753-0733, opt. 2",elections@mohavecounty.us,"Kathryn Heidenreich Senior Center, 1776 Airway, Suite B",Kingman,AZ,86401,9:00:00 - 07:00,14:00:00 - 07:00,10-12-16,10-14-16,
Mohave County,ocd-division/country:us/state:az/county:mohave,http://www.co.mohave.az.us/ContentPage.aspx?id=129,"(928) 753-0733, opt. 2",elections@mohavecounty.us,"Kathryn Heidenreich Senior Center, 1776 Airway, Suite B",Kingman,AZ,86401,9:00:00 - 07:00,14:00:00 - 07:00,10-17-16,10-21-16,
Mohave County,ocd-division/country:us/state:az/county:mohave,http://www.co.mohave.az.us/ContentPage.aspx?id=129,"(928) 753-0733, opt. 2",elections@mohavecounty.us,"Kathryn Heidenreich Senior Center, 1776 Airway, Suite B",Kingman,AZ,86401,9:00:00 - 07:00,16:00:00 - 07:00,10-24-16,10-28-16,
Mohave County,ocd-division/country:us/state:az/county:mohave,http://www.co.mohave.az.us/ContentPage.aspx?id=129,"(928) 753-0733, opt. 2",elections@mohavecounty.us,"Kathryn Heidenreich Senior Center, 1776 Airway, Suite B",Kingman,AZ,86401,9:00:00 - 07:00,16:00:00 - 07:00,10-31-16,11-04-16,
Mohave County,ocd-division/country:us/state:az/county:mohave,http://www.co.mohave.az.us/ContentPage.aspx?id=129,"(928) 753-0733, opt. 2",elections@mohavecounty.us,"Kathryn Heidenreich Senior Center, 1776 Airway, Suite B",Kingman,AZ,86401,10:00:00 - 07:00,15:00:00 - 07:00,10-29-16,10-29-16,
Navajo County,ocd-division/country:us/state:az/county:navajo,http://www.navajocountyaz.gov/Departments/Recorder,(928) 524-4191,laura.sanchez@co.navajo.az.us,"100 East Code Talkers Drive, South Hwy 77",Holbrook,AZ,86025,8:00:00 - 07:00,17:00:00 - 07:00,10-12-16,10-14-16,"Pinon Shopping Center (Bashas)        Wednesday October 12, 2016        10:00am-6:00pm MST
Kayenta Shopping Center Area (Bashas)        Friday October 14, 2016        10:00am-6:00pm MST
Whiteriver - Social Services Building    (Lobby)        Wednesday October 19, 2016        11:00am-6:00pm MST
Kayenta Shopping Center Area (Bashas)        Friday October 21, 2016        10:00am-6:00pm MST
Dilkon Shopping Center (Bashas)        Wednesday October 26, 2016        11:00am-6:00pm MST
Polacca Circle M Store        Friday October 28, 2016        11:00am-6:00pm MST
Show Low Recorder's Office        Mon - Weds Oct 12, 2016 to Nov 4, 2016        8:00am - 5:00pm MST
Holbrook Recorder's Office        Mon - Fri Oct 12, 2016 to Nov 4, 2016        8:00am - 5:00pm MST "
Navajo County,ocd-division/country:us/state:az/county:navajo,http://www.navajocountyaz.gov/Departments/Recorder,(928) 524-4191,laura.sanchez@co.navajo.az.us,"100 East Code Talkers Drive, South Hwy 77",Holbrook,AZ,86025,8:00:00 - 07:00,17:00:00 - 07:00,10-17-16,10-21-16,
Navajo County,ocd-division/country:us/state:az/county:navajo,http://www.navajocountyaz.gov/Departments/Recorder,(928) 524-4191,laura.sanchez@co.navajo.az.us,"100 East Code Talkers Drive, South Hwy 77",Holbrook,AZ,86025,8:00:00 - 07:00,17:00:00 - 07:00,10-24-16,10-28-16,
Navajo County,ocd-division/country:us/state:az/county:navajo,http://www.navajocountyaz.gov/Departments/Recorder,(928) 524-4191,laura.sanchez@co.navajo.az.us,"100 East Code Talkers Drive, South Hwy 77",Holbrook,AZ,86025,8:00:00 - 07:00,17:00:00 - 07:00,10-31-16,11-04-16,
Navajo County,ocd-division/country:us/state:az/county:navajo,http://www.navajocountyaz.gov/Departments/Recorder,(928) 524-4191,laura.sanchez@co.navajo.az.us,180 N. 9th St.,Show Low,AZ,85901,8:00:00 - 07:00,17:00:00 - 07:00,10-12-16,10-12-16,
Navajo County,ocd-division/country:us/state:az/county:navajo,http://www.navajocountyaz.gov/Departments/Recorder,(928) 524-4191,laura.sanchez@co.navajo.az.us,180 N. 9th St.,Show Low,AZ,85901,8:00:00 - 07:00,17:00:00 - 07:00,10-17-16,10-19-16,
Navajo County,ocd-division/country:us/state:az/county:navajo,http://www.navajocountyaz.gov/Departments/Recorder,(928) 524-4191,laura.sanchez@co.navajo.az.us,180 N. 9th St.,Show Low,AZ,85901,8:00:00 - 07:00,17:00:00 - 07:00,10-24-16,10-26-16,
Navajo County,ocd-division/country:us/state:az/county:navajo,http://www.navajocountyaz.gov/Departments/Recorder,(928) 524-4191,laura.sanchez@co.navajo.az.us,180 N. 9th St.,Show Low,AZ,85901,8:00:00 - 07:00,17:00:00 - 07:00,10-31-16,11-02-16,
Navajo County,ocd-division/country:us/state:az/county:navajo,http://www.navajocountyaz.gov/Departments/Recorder,(928) 524-4191,laura.sanchez@co.navajo.az.us,"Polacca Circle M Store, AZ-264",Polacca,AZ,86042,11:00:00 - 07:00,18:00:00 - 07:00,10-28-16,10-28-16,
Navajo County,ocd-division/country:us/state:az/county:navajo,http://www.navajocountyaz.gov/Departments/Recorder,(928) 524-4191,laura.sanchez@co.navajo.az.us,"Dilkon Shopping Center, Bashas, NEC NAVAJO RTE 15 AND 60",Dilkon,AZ,86047,11:00:00 - 07:00,18:00:00 - 07:00,10-26-16,10-26-16,
Navajo County,ocd-division/country:us/state:az/county:navajo,http://www.navajocountyaz.gov/Departments/Recorder,(928) 524-4191,laura.sanchez@co.navajo.az.us,"Kayenta Shopping Center Area, Bashas Grocery Store, Hwy 160 & Hwy 163",Kayenta,AZ,86033,10:00:00 - 07:00,18:00:00 - 07:00,10-21-16,10-21-16,
Navajo County,ocd-division/country:us/state:az/county:navajo,http://www.navajocountyaz.gov/Departments/Recorder,(928) 524-4191,laura.sanchez@co.navajo.az.us,"Social Services Building, Lobby ",Whiteriver,AZ,85941,11:00:00 - 07:00,18:00:00 - 07:00,10-19-16,10-19-16,
Navajo County,ocd-division/country:us/state:az/county:navajo,http://www.navajocountyaz.gov/Departments/Recorder,(928) 524-4191,laura.sanchez@co.navajo.az.us,"Kayenta Shopping Center Area, Bashas' Grocery Store, Hwy 160 & Hwy 163",Kayenta,AZ,86033,10:00:00 - 07:00,18:00:00 - 07:00,10-14-16,10-14-16,
Navajo County,ocd-division/country:us/state:az/county:navajo,http://www.navajocountyaz.gov/Departments/Recorder,(928) 524-4191,laura.sanchez@co.navajo.az.us,"Pinon Shopping Center, Bashas Grocery Store, BIA Route 4 & BIA Route 41",Pinon,AZ,86510,10:00:00 - 07:00,18:00:00 - 07:00,10-12-16,10-12-16,
Pima County,ocd-division/country:us/state:az/county:pima,http://www.recorder.Pima.gov/,(520) 724-4330,recorder@recorder.pima.gov,"County Public Service Center, Recorders Main Office, 240 North Stone Avenue",Tucson,AZ,85701,8:00:00 - 07:00,17:00:00 - 07:00,10-12-16,10-14-16,
Pima County,ocd-division/country:us/state:az/county:pima,http://www.recorder.Pima.gov/,(520) 724-4330,recorder@recorder.pima.gov,"County Public Service Center, Recorders Main Office, 240 North Stone Avenue",Tucson,AZ,85701,8:00:00 - 07:00,17:00:00 - 07:00,10-17-16,10-21-16,
Pima County,ocd-division/country:us/state:az/county:pima,http://www.recorder.Pima.gov/,(520) 724-4330,recorder@recorder.pima.gov,"County Public Service Center, Recorders Main Office, 240 North Stone Avenue",Tucson,AZ,85701,8:00:00 - 07:00,17:00:00 - 07:00,10-24-16,10-28-16,
Pima County,ocd-division/country:us/state:az/county:pima,http://www.recorder.Pima.gov/,(520) 724-4330,recorder@recorder.pima.gov,"County Public Service Center, Recorders Main Office, 240 North Stone Avenue",Tucson,AZ,85701,8:00:00 - 07:00,17:00:00 - 07:00,10-31-16,11-04-16,
Pima County,ocd-division/country:us/state:az/county:pima,http://www.recorder.Pima.gov/,(520) 724-4330,recorder@recorder.pima.gov,"County Public Service Center, Recorders Main Office, 240 North Stone Avenue",Tucson,AZ,85701,9:00:00 - 07:00,14:00:00 - 07:00,11-05-16,11-05-16,
Pima County,ocd-division/country:us/state:az/county:pima,http://www.recorder.Pima.gov/,(520) 724-4330,recorder@recorder.pima.gov,"County Public Service Center, Recorders Main Office, 240 North Stone Avenue",Tucson,AZ,85701,8:00:00 - 07:00,17:00:00 - 07:00,11-07-16,11-07-16,
Pima County,ocd-division/country:us/state:az/county:pima,http://www.recorder.Pima.gov/,(520) 724-4330,recorder@recorder.pima.gov,"Recorders East Side Annex, Suite D, 6920 East Broadway Boulevard",Tucson,AZ,85710,8:00:00 - 07:00,17:00:00 - 07:00,10-12-16,10-14-16,
Pima County,ocd-division/country:us/state:az/county:pima,http://www.recorder.Pima.gov/,(520) 724-4330,recorder@recorder.pima.gov,"Recorders East Side Annex, Suite D, 6920 East Broadway Boulevard",Tucson,AZ,85710,8:00:00 - 07:00,17:00:00 - 07:00,10-17-16,10-21-16,
Pima County,ocd-division/country:us/state:az/county:pima,http://www.recorder.Pima.gov/,(520) 724-4330,recorder@recorder.pima.gov,"Recorders East Side Annex, Suite D, 6920 East Broadway Boulevard",Tucson,AZ,85710,8:00:00 - 07:00,17:00:00 - 07:00,10-24-16,10-28-16,
Pima County,ocd-division/country:us/state:az/county:pima,http://www.recorder.Pima.gov/,(520) 724-4330,recorder@recorder.pima.gov,"Recorders East Side Annex, Suite D, 6920 East Broadway Boulevard",Tucson,AZ,85710,8:00:00 - 07:00,17:00:00 - 07:00,10-31-16,11-04-16,
Pima County,ocd-division/country:us/state:az/county:pima,http://www.recorder.Pima.gov/,(520) 724-4330,recorder@recorder.pima.gov,"Recorders East Side Annex, Suite D, 6920 East Broadway Boulevard",Tucson,AZ,85710,9:00:00 - 07:00,14:00:00 - 07:00,11-05-16,11-05-16,
Pima County,ocd-division/country:us/state:az/county:pima,http://www.recorder.Pima.gov/,(520) 724-4330,recorder@recorder.pima.gov,"Recorders East Side Annex, Suite D, 6920 East Broadway Boulevard",Tucson,AZ,85710,8:00:00 - 07:00,17:00:00 - 07:00,11-07-16,11-07-16,
Pima County,ocd-division/country:us/state:az/county:pima,http://www.recorder.Pima.gov/,(520) 724-4330,recorder@recorder.pima.gov,"Pima County Recorders Office Annex, 6550 South Country Club Rd",Tucson,AZ,85756,8:00:00 - 07:00,17:00:00 - 07:00,10-12-16,10-14-16,
Pima County,ocd-division/country:us/state:az/county:pima,http://www.recorder.Pima.gov/,(520) 724-4330,recorder@recorder.pima.gov,"Pima County Recorders Office Annex, 6550 South Country Club Rd",Tucson,AZ,85756,8:00:00 - 07:00,17:00:00 - 07:00,10-17-16,10-21-16,
Pima County,ocd-division/country:us/state:az/county:pima,http://www.recorder.Pima.gov/,(520) 724-4330,recorder@recorder.pima.gov,"Pima County Recorders Office Annex, 6550 South Country Club Rd",Tucson,AZ,85756,8:00:00 - 07:00,17:00:00 - 07:00,10-24-16,10-28-16,
Pima County,ocd-division/country:us/state:az/county:pima,http://www.recorder.Pima.gov/,(520) 724-4330,recorder@recorder.pima.gov,"Pima County Recorders Office Annex, 6550 South Country Club Rd",Tucson,AZ,85756,8:00:00 - 07:00,17:00:00 - 07:00,10-31-16,11-04-16,
Pima County,ocd-division/country:us/state:az/county:pima,http://www.recorder.Pima.gov/,(520) 724-4330,recorder@recorder.pima.gov,"Pima County Recorders Office Annex, 6550 South Country Club Rd",Tucson,AZ,85756,9:00:00 - 07:00,14:00:00 - 07:00,11-05-16,11-05-16,
Pima County,ocd-division/country:us/state:az/county:pima,http://www.recorder.Pima.gov/,(520) 724-4330,recorder@recorder.pima.gov,"Pima County Recorders Office Annex, 6550 South Country Club Rd",Tucson,AZ,85756,8:00:00 - 07:00,17:00:00 - 07:00,11-07-16,11-07-16,
Pima County,ocd-division/country:us/state:az/county:pima,http://www.recorder.Pima.gov/,(520) 724-4330,recorder@recorder.pima.gov,"Ascension Lutheran Church and School, 1220 W. Magee Road",Tucson,AZ,85704,9:00:00 - 07:00,17:00:00 - 07:00,10-17-16,10-21-16,
Pima County,ocd-division/country:us/state:az/county:pima,http://www.recorder.Pima.gov/,(520) 724-4330,recorder@recorder.pima.gov,"Ascension Lutheran Church and School, 1220 W. Magee Road",Tucson,AZ,85704,9:00:00 - 07:00,17:00:00 - 07:00,10-24-16,10-28-16,
Pima County,ocd-division/country:us/state:az/county:pima,http://www.recorder.Pima.gov/,(520) 724-4330,recorder@recorder.pima.gov,"Ascension Lutheran Church and School, 1220 W. Magee Road",Tucson,AZ,85704,9:00:00 - 07:00,17:00:00 - 07:00,10-31-16,11-04-16,
Pima County,ocd-division/country:us/state:az/county:pima,http://www.recorder.Pima.gov/,(520) 724-4330,recorder@recorder.pima.gov,"Sahuarita Town Hall, 375 West Sahuarita Center Way",Sahuarita,AZ,85629,9:00:00 - 07:00,16:30:00 - 07:00,10-17-16,10-21-16,
Pima County,ocd-division/country:us/state:az/county:pima,http://www.recorder.Pima.gov/,(520) 724-4330,recorder@recorder.pima.gov,"Sahuarita Town Hall, 375 West Sahuarita Center Way",Sahuarita,AZ,85629,9:00:00 - 07:00,16:30:00 - 07:00,10-24-16,10-28-16,
Pima County,ocd-division/country:us/state:az/county:pima,http://www.recorder.Pima.gov/,(520) 724-4330,recorder@recorder.pima.gov,"Sahuarita Town Hall, 375 West Sahuarita Center Way",Sahuarita,AZ,85629,9:00:00 - 07:00,16:30:00 - 07:00,10-31-16,11-04-16,
Pima County,ocd-division/country:us/state:az/county:pima,http://www.recorder.Pima.gov/,(520) 724-4330,recorder@recorder.pima.gov,"ASUA Administration Office, Conference Room, 3rd floor of the Student Union Memorial Building",Tucson,AZ,85721,9:00:00 - 07:00,17:00:00 - 07:00,10-17-16,10-21-16,
Pima County,ocd-division/country:us/state:az/county:pima,http://www.recorder.Pima.gov/,(520) 724-4330,recorder@recorder.pima.gov,"ASUA Administration Office, Conference Room, 3rd floor of the Student Union Memorial Building",Tucson,AZ,85721,9:00:00 - 07:00,17:00:00 - 07:00,10-24-16,10-28-16,
Pima County,ocd-division/country:us/state:az/county:pima,http://www.recorder.Pima.gov/,(520) 724-4330,recorder@recorder.pima.gov,"ASUA Administration Office, Conference Room, 3rd floor of the Student Union Memorial Building",Tucson,AZ,85721,9:00:00 - 07:00,17:00:00 - 07:00,10-31-16,11-04-16,
Pima County,ocd-division/country:us/state:az/county:pima,http://www.recorder.Pima.gov/,(520) 724-4330,recorder@recorder.pima.gov,"Salazar-Ajo Library Conference Room, 33 Plaza Street",Ajo,AZ,85321,9:00:00 - 07:00,17:00:00 - 07:00,10-31-16,11-04-16,
Pima County,ocd-division/country:us/state:az/county:pima,http://www.recorder.Pima.gov/,(520) 724-4330,recorder@recorder.pima.gov,"Pascua Yaqui Tribe Radio Station, 7474 South Camino de Oeste",Tucson,AZ,85746,9:00:00 - 07:00,17:00:00 - 07:00,10-31-16,11-03-16,FOR PASCUA YAQUI TRIBE (only)
Pima County,ocd-division/country:us/state:az/county:pima,http://www.recorder.Pima.gov/,(520) 724-4330,recorder@recorder.pima.gov,"Tohono Oodham High School, Music Room State Rt 86, Mile Marker 74",Sells,AZ,85634,9:00:00 - 07:00,16:00:00 - 07:00,10-24-16,10-25-16,TOHONO OODHAM NATION (only)
Pima County,ocd-division/country:us/state:az/county:pima,http://www.recorder.Pima.gov/,(520) 724-4330,recorder@recorder.pima.gov,"Gu Achi District Santa Rosa Multi-Purpose Building, Santa Rosa Community",Sells,AZ,85634,9:00:00 - 07:00,16:00:00 - 07:00,10-26-16,10-26-16,TOHONO OODHAM NATION (only)
Pima County,ocd-division/country:us/state:az/county:pima,http://www.recorder.Pima.gov/,(520) 724-4330,recorder@recorder.pima.gov,"San Xavier District Council Chamber, 2018 W San Xavier Rd",Tucson,AZ,85746,9:00:00 - 07:00,16:00:00 - 07:00,10-27-16,10-28-16,TOHONO OODHAM NATION (only)
Pima County,ocd-division/country:us/state:az/county:pima,http://www.recorder.Pima.gov/,(520) 724-4330,recorder@recorder.pima.gov,Tohono O'odham Legislative Council Chambers,Sells,AZ,85634,9:00:00 - 07:00,16:00:00 - 07:00,10-31-16,11-04-16,TOHONO OODHAM NATION (only)
Pinal County,ocd-division/country:us/state:az/county:pinal,http://pinalcountyaz.gov/Recorder/Pages/home.aspx,(520) 866-6830,virginia.ross@pinalcountyaz.gov,"31 North Pinal Street, Bldg. E",Florence,AZ,85132,8:00:00 - 07:00,17:00:00 - 07:00,10-12-16,10-14-16,"October 12 - November 4, 2016 Times here: http://pinalcountyaz.gov/Recorder/Pages/EarlyVoteRegister.aspx"
Pinal County,ocd-division/country:us/state:az/county:pinal,http://pinalcountyaz.gov/Recorder/Pages/home.aspx,(520) 866-6830,virginia.ross@pinalcountyaz.gov,"31 North Pinal Street, Bldg. E",Florence,AZ,85132,8:00:00 - 07:00,17:00:00 - 07:00,10-17-16,10-21-16,Voter Registration Office - Florence
Pinal County,ocd-division/country:us/state:az/county:pinal,http://pinalcountyaz.gov/Recorder/Pages/home.aspx,(520) 866-6830,virginia.ross@pinalcountyaz.gov,"31 North Pinal Street, Bldg. E",Florence,AZ,85132,8:00:00 - 07:00,17:00:00 - 07:00,10-24-16,10-28-16,"31 N Pinal St, Building E"
Pinal County,ocd-division/country:us/state:az/county:pinal,http://pinalcountyaz.gov/Recorder/Pages/home.aspx,(520) 866-6830,virginia.ross@pinalcountyaz.gov,"31 North Pinal Street, Bldg. E",Florence,AZ,85132,8:00:00 - 07:00,17:00:00 - 07:00,10-31-16,11-04-16,"Mon  Fri, 8:00 am  5:00 pm"
Pinal County,ocd-division/country:us/state:az/county:pinal,http://pinalcountyaz.gov/Recorder/Pages/home.aspx,(520) 866-6830,virginia.ross@pinalcountyaz.gov,575 N Idaho Rd #800,Apache Junction,AZ,85119,8:00:00 - 07:00,16:30:00 - 07:00,10-12-16,10-14-16,
Pinal County,ocd-division/country:us/state:az/county:pinal,http://pinalcountyaz.gov/Recorder/Pages/home.aspx,(520) 866-6830,virginia.ross@pinalcountyaz.gov,575 N Idaho Rd #800,Apache Junction,AZ,85119,8:00:00 - 07:00,16:30:00 - 07:00,10-17-16,10-21-16,Pinal County Recorders Office  Apache Junction
Pinal County,ocd-division/country:us/state:az/county:pinal,http://pinalcountyaz.gov/Recorder/Pages/home.aspx,(520) 866-6830,virginia.ross@pinalcountyaz.gov,575 N Idaho Rd #800,Apache Junction,AZ,85119,8:00:00 - 07:00,16:30:00 - 07:00,10-24-16,10-28-16,"575 N Idaho Rd, #800"
Pinal County,ocd-division/country:us/state:az/county:pinal,http://pinalcountyaz.gov/Recorder/Pages/home.aspx,(520) 866-6830,virginia.ross@pinalcountyaz.gov,575 N Idaho Rd #800,Apache Junction,AZ,85119,8:00:00 - 07:00,16:30:00 - 07:00,10-31-16,11-04-16,"Mon  Fri, 8:00 am  4:30 pm"
Pinal County,ocd-division/country:us/state:az/county:pinal,http://pinalcountyaz.gov/Recorder/Pages/home.aspx,(520) 866-6830,virginia.ross@pinalcountyaz.gov,"820 E Cottonwood Ln, Ste A-2",Casa Grande,AZ,85122,8:00:00 - 07:00,16:30:00 - 07:00,10-12-16,10-14-16,
Pinal County,ocd-division/country:us/state:az/county:pinal,http://pinalcountyaz.gov/Recorder/Pages/home.aspx,(520) 866-6830,virginia.ross@pinalcountyaz.gov,"820 E Cottonwood Ln, Ste A-2",Casa Grande,AZ,85122,8:00:00 - 07:00,16:30:00 - 07:00,10-17-16,10-21-16,Pinal County Recorders Office  Casa Grande
Pinal County,ocd-division/country:us/state:az/county:pinal,http://pinalcountyaz.gov/Recorder/Pages/home.aspx,(520) 866-6830,virginia.ross@pinalcountyaz.gov,"820 E Cottonwood Ln, Ste A-2",Casa Grande,AZ,85122,8:00:00 - 07:00,16:30:00 - 07:00,10-24-16,10-28-16,"820 E Cottonwood Ln, Ste A-2"
Pinal County,ocd-division/country:us/state:az/county:pinal,http://pinalcountyaz.gov/Recorder/Pages/home.aspx,(520) 866-6830,virginia.ross@pinalcountyaz.gov,"820 E Cottonwood Ln, Ste A-2",Casa Grande,AZ,85122,8:00:00 - 07:00,16:30:00 - 07:00,10-31-16,11-04-16,"Mon  Fri, 8:00 am  4:30 pm"
Santa Cruz County,ocd-division/country:us/state:az/county:santa_cruz,http://az-santacruzcounty.civicplus.com/287/Recorder,(520) 375-7990,ssainz@santacruzcountyaz.gov,"2150 N. Congress Drive, Suite 119",Nogales,AZ,85621,8:00:00 - 07:00,17:00:00 - 07:00,10-12-16,10-14-16,"2150 N Congress (main office) from Oct 12 to Nov 4, M-F 8-5 // Tubac Community Center, 50 Bridge Rd, Tubac, Oct 22 9-1 // Nogales Pub Wks, Oct 22 2-5 275 Rio Rico Dr., Rio Rico, AZ // Patagonia Town Hall, 310 McKeown Ave, Patagonia, AZ 85624 Oct 29 9-12 // Sonoita Fire House [3173 State Highway 83, Sonoita, AZ 85637], Oct 29 2-5"
Santa Cruz County,ocd-division/country:us/state:az/county:santa_cruz,http://az-santacruzcounty.civicplus.com/287/Recorder,(520) 375-7990,ssainz@santacruzcountyaz.gov,"2150 N. Congress Drive, Suite 119",Nogales,AZ,85621,8:00:00 - 07:00,17:00:00 - 07:00,10-17-16,10-21-16,
Santa Cruz County,ocd-division/country:us/state:az/county:santa_cruz,http://az-santacruzcounty.civicplus.com/287/Recorder,(520) 375-7990,ssainz@santacruzcountyaz.gov,"2150 N. Congress Drive, Suite 119",Nogales,AZ,85621,8:00:00 - 07:00,17:00:00 - 07:00,10-24-16,10-28-16,
Santa Cruz County,ocd-division/country:us/state:az/county:santa_cruz,http://az-santacruzcounty.civicplus.com/287/Recorder,(520) 375-7990,ssainz@santacruzcountyaz.gov,"2150 N. Congress Drive, Suite 119",Nogales,AZ,85621,8:00:00 - 07:00,17:00:00 - 07:00,10-31-16,11-04-16,
Santa Cruz County,ocd-division/country:us/state:az/county:santa_cruz,http://az-santacruzcounty.civicplus.com/287/Recorder,(520) 375-7990,ssainz@santacruzcountyaz.gov,50 Bridge Rd ,Tubac,AZ,85646,09:00:00 - 07:00,13:00:00 - 07:00,10-22-16,10-22-16,
Santa Cruz County,ocd-division/country:us/state:az/county:santa_cruz,http://az-santacruzcounty.civicplus.com/287/Recorder,(520) 375-7990,ssainz@santacruzcountyaz.gov,1450 N Hohokam Dr,Nogales,AZ,85621,14:00:00 - 07:00,17:00:00 - 07:00,10-22-16,10-22-16,
Santa Cruz County,ocd-division/country:us/state:az/county:santa_cruz,http://az-santacruzcounty.civicplus.com/287/Recorder,(520) 375-7990,ssainz@santacruzcountyaz.gov,310 McKeown Ave,Patagonia,AZ,85624,09:00:00 - 07:00,13:00:00 - 07:00,10-29-16,10-29-16,
Santa Cruz County,ocd-division/country:us/state:az/county:santa_cruz,http://az-santacruzcounty.civicplus.com/287/Recorder,(520) 375-7990,ssainz@santacruzcountyaz.gov,3173 State Highway 83,Sonoita,AZ,85637,14:00:00 - 07:00,17:00:00 - 07:00,10-29-16,10-29-16,
Yavapai County,ocd-division/country:us/state:az/county:yavapai,http://www.yavapai.us/recorder/,(928) 771-3250,web.voter.registration@yavapai.us,"1015 Fair St., Room #228",Prescott,AZ,86305,8:00:00 - 07:00,17:00:00 - 07:00,10-12-16,10-14-16,"Oct 12 - Nov 4 8 - 5 at our offices at 1015 Fair 
St, Room 228 in Prescott or 10 S 6th St in Cottonwood for Vote Center elections. 
"
Yavapai County,ocd-division/country:us/state:az/county:yavapai,http://www.yavapai.us/recorder/,(928) 771-3250,web.voter.registration@yavapai.us,"1015 Fair St., Room #228",Prescott,AZ,86305,8:00:00 - 07:00,17:00:00 - 07:00,10-17-16,10-21-16,
Yavapai County,ocd-division/country:us/state:az/county:yavapai,http://www.yavapai.us/recorder/,(928) 771-3250,web.voter.registration@yavapai.us,"1015 Fair St., Room #228",Prescott,AZ,86305,8:00:00 - 07:00,17:00:00 - 07:00,10-24-16,10-28-16,
Yavapai County,ocd-division/country:us/state:az/county:yavapai,http://www.yavapai.us/recorder/,(928) 771-3250,web.voter.registration@yavapai.us,"1015 Fair St., Room #228",Prescott,AZ,86305,8:00:00 - 07:00,17:00:00 - 07:00,10-31-16,11-04-16,
Yavapai County,ocd-division/country:us/state:az/county:yavapai,http://www.yavapai.us/recorder/,(928) 771-3250,web.voter.registration@yavapai.us,10 S 6th St,Cottonwood,AZ,86326,8:00:00 - 07:00,17:00:00 - 07:00,10-12-16,10-14-16,
Yavapai County,ocd-division/country:us/state:az/county:yavapai,http://www.yavapai.us/recorder/,(928) 771-3250,web.voter.registration@yavapai.us,10 S 6th St,Cottonwood,AZ,86326,8:00:00 - 07:00,17:00:00 - 07:00,10-17-16,10-21-16,
Yavapai County,ocd-division/country:us/state:az/county:yavapai,http://www.yavapai.us/recorder/,(928) 771-3250,web.voter.registration@yavapai.us,10 S 6th St,Cottonwood,AZ,86326,8:00:00 - 07:00,17:00:00 - 07:00,10-24-16,10-28-16,
Yavapai County,ocd-division/country:us/state:az/county:yavapai,http://www.yavapai.us/recorder/,(928) 771-3250,web.voter.registration@yavapai.us,10 S 6th St,Cottonwood,AZ,86326,8:00:00 - 07:00,17:00:00 - 07:00,10-31-16,11-04-16,
Yuma County,ocd-division/country:us/state:az/county:yuma,http://www.co.yuma.az.us/government/recorder,(928) 373-6034,robyn.pouquette@yumacountyaz.gov,"410 S. Maiden Lane, #b",Yuma,AZ,85364,8:00:00 - 07:00,17:00:00 - 07:00,10-12-16,10-14-16,"Oct 12-Nov 4, M-F 8-5 // no other locations ""we're the only one in Yuma"""
Yuma County,ocd-division/country:us/state:az/county:yuma,http://www.co.yuma.az.us/government/recorder,(928) 373-6034,robyn.pouquette@yumacountyaz.gov,"410 S. Maiden Lane, #b",Yuma,AZ,85364,8:00:00 - 07:00,17:00:00 - 07:00,10-17-16,10-21-16,
Yuma County,ocd-division/country:us/state:az/county:yuma,http://www.co.yuma.az.us/government/recorder,(928) 373-6034,robyn.pouquette@yumacountyaz.gov,"410 S. Maiden Lane, #b",Yuma,AZ,85364,8:00:00 - 07:00,17:00:00 - 07:00,10-24-16,10-28-16,
Yuma County,ocd-division/country:us/state:az/county:yuma,http://www.co.yuma.az.us/government/recorder,(928) 373-6034,robyn.pouquette@yumacountyaz.gov,"410 S. Maiden Lane, #b",Yuma,AZ,85364,8:00:00 - 07:00,17:00:00 - 07:00,10-31-16,11-04-16,