office-name,official-title,ocd-division,homepage-url,phone,email,street,city,state,zip,start time,end time,start_date,end_date
Acworth Town,Town Clerk,ocd-division/country:us/state:nh/place:acworth,www.acworth.cc,(603) 835-6879,atclerk@sover.net,13 Town Hall Road,Acworth,NH,3601,08:00:00 - 05:00,19:00:00 - 05:00,11-08-16,11-08-16
Albany Town,Town Clerk,ocd-division/country:us/state:nh/place:albany,www.albanynh.org,(603) 447-2877,townclerk@albanynh.org,"Albany Town Hall, 1972 Nh Route 16",Albany,NH,3818,08:00:00 - 05:00,19:00:00 - 05:00,11-08-16,11-08-16
Alexandria Town,Town Clerk,ocd-division/country:us/state:nh/place:alexandria,www.alexandrianh.com,(603) 744-3288,alextctxcoll@metrocast.net,45 Washburn Road,Alexandria,NH,3222,08:00:00 - 05:00,19:00:00 - 05:00,11-08-16,11-08-16
Allenstown Town,Town Clerk,ocd-division/country:us/state:nh/place:allenstown,www.allenstownnh.gov,(603) 485-4276 ext 116,krogers@allenstownnh.gov,10 School Street,Allenstown,NH,3275,07:00:00 - 05:00,19:00:00 - 05:00,11-08-16,11-08-16
Alstead Town,Town Clerk,ocd-division/country:us/state:nh/place:alstead,www.alsteadnh.org,(603) 835-2242,alsteadtownclerk@comcast.net,9 Main Street,Alstead,NH,3602,08:00:00 - 05:00,19:00:00 - 05:00,11-08-16,11-08-16
Alton Town,Town Clerk,ocd-division/country:us/state:nh/place:alton,www.alton.nh.gov,(603) 875-2101,townclerk@alton.nh.gov,"Pearson Senior Center, 7 Pearson Road",Alton,NH,3809,07:00:00 - 05:00,19:00:00 - 05:00,11-08-16,11-08-16
Amherst Town,Town Clerk,ocd-division/country:us/state:nh/place:amherst,www.amherstnh.gov,(603) 673-6041,ndemers@amherstnh.gov,412 Boston Post Rd,Amherst,NH,3031,06:00:00 - 05:00,20:00:00 - 05:00,11-08-16,11-08-16
Andover Town,Town Clerk,ocd-division/country:us/state:nh/place:andover,andover.nh.us,(603) 735-5018,tctc@andover-nh.gov,20 School Street,Andover,NH,3216,08:00:00 - 05:00,19:00:00 - 05:00,11-08-16,11-08-16
Antrim Town,Town Clerk,ocd-division/country:us/state:nh/place:antrim,www.antrimnh.org,(603) 588-6785,antrimatc@tds.net,"Antrim Town Hall, 66 Main Street",Antrim,NH,3440,08:00:00 - 05:00,19:00:00 - 05:00,11-08-16,11-08-16
Ashland Town,Town Clerk,ocd-division/country:us/state:nh/place:ashland,www.ashland.nh.gov,(603) 968-4432,ptucker@ashland.nh.gov,27 Highland Street,Ashland,NH,3217,08:00:00 - 05:00,19:00:00 - 05:00,11-08-16,11-08-16
Atkinson Town,Town Clerk,ocd-division/country:us/state:nh/place:atkinson,www.town-atkinsonnh.com,(603) 362-4920,rcavalear@atkinson-nh.gov,4 Main St,Atkinson,NH,3811,07:00:00 - 05:00,20:00:00 - 05:00,11-08-16,11-08-16
Auburn Town,Town Clerk,ocd-division/country:us/state:nh/place:auburn,www.auburnnh.us,(603) 483-2281,townclerk@townofauburnnh.com,"Auburn Village School, 11 Eaton Hill Rd",Auburn,NH,3032,07:00:00 - 05:00,19:00:00 - 05:00,11-08-16,11-08-16
Barnstead Town,Town Clerk,ocd-division/country:us/state:nh/place:barnstead,www.barnstead.org,(603) 269-4631,ctreadwell@barnstead.org,108 S BarnStead Rd,Barnstead,NH,3225,07:00:00 - 05:00,19:00:00 - 05:00,11-08-16,11-08-16
Barrington Town,Town Clerk,ocd-division/country:us/state:nh/place:barrington,www.barrington.nh.gov,(603) 664-5476,townclrk@metrocast.net,"Barrington Middle School, 51 Haley Dr",Barrington,NH,3825,08:00:00 - 05:00,19:00:00 - 05:00,11-08-16,11-08-16
Bartlett Town,Town Clerk,ocd-division/country:us/state:nh/place:bartlett,www.bartlettnh.org,(603) 356-2300,bartletttownclerk@roadrunner.com,56 Town Hall Road,Intervale,NH,3845,08:00:00 - 05:00,19:00:00 - 05:00,11-08-16,11-08-16
Bath Town,Town Clerk,ocd-division/country:us/state:nh/place:bath,bathnh.info,(603) 747-2454,bathnh@myfairpoint.net,"Bath Village School, 61 Lisbon Rd",Bath,NH,3740,08:00:00 - 05:00,19:00:00 - 05:00,11-08-16,11-08-16
Bedford Town,Town Clerk,ocd-division/country:us/state:nh/place:bedford,www.bedfordnh.org,(603) 472-3550,lradke@bedfordnh.org,"Bedford High School Gymnasium, 47 Nashua Road",Bedford,NH,3110,07:00:00 - 05:00,19:00:00 - 05:00,11-08-16,11-08-16
Belmont Town,Town Clerk,ocd-division/country:us/state:nh/place:belmont,www.belmontnh.org,(603) 267-8300,tctc@belmontnh.org,255 Seavey Rd,Belmont,NH,3220,07:00:00 - 05:00,19:00:00 - 05:00,11-08-16,11-08-16
Bennington Town,Town Clerk,ocd-division/country:us/state:nh/place:bennington,http://townofbennington.com/,(603) 588-2189,townclerk@townofbennington.com,"Pierce Elementary School, 19 Main Street",Bennington,NH,3442,08:00:00 - 05:00,19:00:00 - 05:00,11-08-16,11-08-16
Benton Town,Town Clerk,ocd-division/country:us/state:nh/place:benton,,(603) 787-6541,mstiebitz@att.net,221 Coventry Rd,Benton,NH,3785,11:00:00 - 05:00,19:00:00 - 05:00,11-08-16,11-08-16
Berlin City,City Clerk,ocd-division/country:us/state:nh/place:berlin,www.berlinnh.gov,(603) 752-2340,dpatrick@berlinnh.gov,672 First Ave,Berlin,NH,3570,08:00:00 - 05:00,19:00:00 - 05:00,11-08-16,11-08-16
Berlin City,City Clerk,ocd-division/country:us/state:nh/place:berlin,www.berlinnh.gov,(603) 752-2340,dpatrick@berlinnh.gov,304 School St,Berlin,NH,3570,08:00:00 - 05:00,19:00:00 - 05:00,11-08-16,11-08-16
Berlin City,City Clerk,ocd-division/country:us/state:nh/place:berlin,www.berlinnh.gov,(603) 752-2340,dpatrick@berlinnh.gov,593 Sullivan St,Berlin,NH,3570,08:00:00 - 05:00,19:00:00 - 05:00,11-08-16,11-08-16
Bethlehem Town,Town Clerk,ocd-division/country:us/state:nh/place:bethlehem,bethlehemnh.org,(603) 869-2293,townclerk@bethlehemnh.org,"Bethlehem Town Hall, 2155 Main Street",Bethlehem,NH,3574,08:00:00 - 05:00,19:00:00 - 05:00,11-08-16,11-08-16
Boscawen Town,Town Clerk,ocd-division/country:us/state:nh/place:boscawen,http://www.townofboscawen.org,(603) 753-9188,mbrochu@townofboscawen.org,"Town Hall, 12 High Street",Boscawen,NH,3303,07:00:00 - 05:00,19:00:00 - 05:00,11-08-16,11-08-16
Bow Town,Town Clerk,ocd-division/country:us/state:nh/place:bow,www.bow-nh.gov,(603) 228-1187,townclerk@bow-nh.gov,"Bow Memorial School, 20 Bow Center Road",Bow,NH,3304,07:00:00 - 05:00,19:00:00 - 05:00,11-08-16,11-08-16
Bradford Town,Town Clerk,ocd-division/country:us/state:nh/place:bradford,www.bradfordnh.org,(603) 938-2288,tc@bradfordnh.org,75 West Main St.,Bradford,NH,3221,08:00:00 - 05:00,19:00:00 - 05:00,11-08-16,11-08-16
Brentwood Town,Town Clerk,ocd-division/country:us/state:nh/place:brentwood,www.brentwoodnh.gov,(603) 642-6400,townclerk@brentwoodnh.gov,190 RT 125 ,Brentwood,NH,3833,08:00:00 - 05:00,19:00:00 - 05:00,11-08-16,11-08-16
Bridgewater Town,Town Clerk,ocd-division/country:us/state:nh/place:bridgewater,http://www.bridgewater-nh.com,(603) 968-7911,cmkenny@plymouth.edu,297 Mayhew Turnpike,Bridgewater,NH,3264,11:00:00 - 05:00,19:00:00 - 05:00,11-08-16,11-08-16
Bristol Town,Town Clerk,ocd-division/country:us/state:nh/place:bristol,www.townofbristolnh.org,(603) 744-3354,rsimpson@townofbristolnh.org,Marion Center; 17 West Shore Road,Bristol,NH,3222,08:00:00 - 05:00,19:00:00 - 05:00,11-08-16,11-08-16
Brookfield Town,Town Clerk,ocd-division/country:us/state:nh/place:brookfield,www.brookfieldnh.org,(603) 522-3688,brookfieldnhtc@hotmail.com,267 Wentworth Rd,Brookfield,NH,3872,08:00:00 - 05:00,19:00:00 - 05:00,11-08-16,11-08-16
Brookline Town,Town Clerk,ocd-division/country:us/state:nh/place:brookline,http://www.brookline.nh.us/,(603) 673-8855,patti@brookline.nh.us,"Captain Samuel Douglass Academy, 24 Townsend Hill Road ",Brookline,NH,3033,07:00:00 - 05:00,19:30:00 - 05:00,11-08-16,11-08-16
Cambridge Township,Town Clerk,ocd-division/country:us/state:nh/place:cambridge,,(603) 482-3351,erroltownclerk@gmail.com,33 Main St,Cambridge,NH,3579,08:00:00 - 05:00,19:00:00 - 05:00,11-08-16,11-08-16
Campton Town,Town Clerk,ocd-division/country:us/state:nh/place:campton,www.camptonnh.org,(603) 726-3223,toc.hj@camptonnh.org,12 Gearty Way,Campton,NH,3223,08:00:00 - 05:00,19:00:00 - 05:00,11-08-16,11-08-16
Canaan Town,Town Clerk,ocd-division/country:us/state:nh/place:canaan,www.canaannh.org,(603) 523-7106,vmcalister@canaannh.org,18 Orange Road,Canaan,NH,3741,08:00:00 - 05:00,19:00:00 - 05:00,11-08-16,11-08-16
Candia Town,Town Clerk,ocd-division/country:us/state:nh/place:candia,www.candianh.org,(603) 483-5573,cdupere@townofcandia.org,12 Deerfield Rd,Candia,NH,3034,06:00:00 - 05:00,19:00:00 - 05:00,11-08-16,11-08-16
Canterbury Town,Town Clerk,ocd-division/country:us/state:nh/place:canterbury,www.canterbury-nh.org,(603) 783-0153,bbynum@canterbury-nh.org,11 Center Rd ,Canterbury,NH,3224,07:00:00 - 05:00,19:00:00 - 05:00,11-08-16,11-08-16
Carroll Town,Town Clerk,ocd-division/country:us/state:nh/place:carroll,,(603) 846-5494,townclerk@townofcarroll.org,92 School Street,Twin Mountain,NH,3595,11:00:00 - 05:00,19:00:00 - 05:00,11-08-16,11-08-16
Center Harbor Town,Town Clerk,ocd-division/country:us/state:nh/place:center_harbor,www.centerharbornh.org,(603) 253-4561,chtownclerk@metrocast.net,36 Main Street,Center Harbor,NH,3226,08:00:00 - 05:00 ,19:00:00 - 05:00,11-08-16,11-08-16
Charlestown Town,Town Clerk,ocd-division/country:us/state:nh/place:charlestown,www.charlestown-nh.gov,(603) 826-5821,deb@charlestown-nh.gov,26 Railroad St,Charlestown,NH,3603,08:00:00 - 05:00 ,19:00:00 - 05:00,11-08-16,11-08-16
Chatham Town,Town Clerk,ocd-division/country:us/state:nh/place:chatham,,(603) 694-2043,mpitman@fairpoint.net,1071 Main Rd ,Chatham,NH,3813,11:00:00 - 05:00,19:00:00 - 05:00,11-08-16,11-08-16
Chester Town,Town Clerk,ocd-division/country:us/state:nh/place:chester,www.chesternh.org,(603) 887-3636,chester9@gsinet.net,84 Chester Street,Chester,NH,3036,07:00:00 - 05:00,19:00:00 - 05:00,11-08-16,11-08-16
Chesterfield Town,Town Clerk,ocd-division/country:us/state:nh/place:chesterfield,www.nhchesterfield.com,(603) 363-8071,chesterfieldtownclerk@yahoo.com,"Chesterfield Town Hall, 518 Route 63",Chesterfield,NH,3443,08:00:00 - 05:00,19:00:00 - 05:00,11-08-16,11-08-16
Chichester Town,Town Clerk,ocd-division/country:us/state:nh/place:chichester,www.chichesternh.org,(603) 798-5808,townclerk@chichesternh.org,54 Main Street,Chichester,NH,3258,07:00:00 - 05:00,19:00:00 - 05:00,11-08-16,11-08-16
Claremont City,City Clerk,ocd-division/country:us/state:nh/place:claremont,www.claremontnh.com,(603) 542-7003,cityclerk@claremontnh.com,"Claremont Middle School, 107 South St",Claremont,NH,3743,08:00:00 - 05:00,19:00:00 - 05:00,11-08-16,11-08-16
Claremont City,City Clerk,ocd-division/country:us/state:nh/place:claremont,www.claremontnh.com,(603) 542-7003,cityclerk@claremontnh.com,"Disnard Middle School, 160 Hanover St.",Claremont,NH,3743,08:00:00 - 05:00,19:00:00 - 05:00,11-08-16,11-08-16
Clarksville Town,Town Clerk,ocd-division/country:us/state:nh/place:clarksville,,(603) 246-7751,twnclark@yahoo.com,408 Nh Route 145,Clarksville,NH,3592,11:00:00 - 05:00,19:00:00 - 05:00,11-08-16,11-08-16
Colebrook Town,Town Clerk,ocd-division/country:us/state:nh/place:colebrook,www.colebrook-nh.com,(603) 237-5200,sbeauchemin@myfairpoint.net,27 Dumont St,Colebrook,NH,3576,08:00:00 - 05:00,19:00:00 - 05:00,11-08-16,11-08-16
Columbia Town,Town Clerk,ocd-division/country:us/state:nh/place:columbia,www.columbianh.org,(603) 237-5255,towncolumbia@myfairpoint.net,1919 US RT 3,Columbia,NH,3576,11:00:00 - 05:00,19:00:00 - 05:00,11-08-16,11-08-16
Concord City,City Clerk,ocd-division/country:us/state:nh/place:concord,www.concordnh.gov,(603) 225-8500,cityclerk@concordnh.gov,9 Bonney Street,Penacook,NH,3303,07:00:00 - 05:00,19:00:00 - 05:00,11-08-16,11-08-16
Concord City,City Clerk,ocd-division/country:us/state:nh/place:concord,www.concordnh.gov,(603) 225-8500,cityclerk@concordnh.gov,"West Congregational Church, 499 North State Street",Concord,NH,3301,07:00:00 - 05:00,19:00:00 - 05:00,11-08-16,11-08-16
Concord City,City Clerk,ocd-division/country:us/state:nh/place:concord,www.concordnh.gov,(603) 225-8500,cityclerk@concordnh.gov,1 Beaver Meadow Street,Concord,NH,3301,07:00:00 - 05:00,19:00:00 - 05:00,11-08-16,11-08-16
Concord City,City Clerk,ocd-division/country:us/state:nh/place:concord,www.concordnh.gov,(603) 225-8500,cityclerk@concordnh.gov,55 Bradley Street,Concord,NH,3301,07:00:00 - 05:00,19:00:00 - 05:00,11-08-16,11-08-16
Concord City,City Clerk,ocd-division/country:us/state:nh/place:concord,www.concordnh.gov,(603) 225-8500,cityclerk@concordnh.gov,"Green Street Community Center, 39 Green Street",Concord,NH,3301,07:00:00 - 05:00,19:00:00 - 05:00,11-08-16,11-08-16
Concord City,City Clerk,ocd-division/country:us/state:nh/place:concord,www.concordnh.gov,(603) 225-8500,cityclerk@concordnh.gov,72 S Main St,Concord,NH,3301,07:00:00 - 05:00,19:00:00 - 05:00,11-08-16,11-08-16
Concord City,City Clerk,ocd-division/country:us/state:nh/place:concord,www.concordnh.gov,(603) 225-8500,cityclerk@concordnh.gov,41 West Street,Concord,NH,3301,07:00:00 - 05:00,19:00:00 - 05:00,11-08-16,11-08-16
Concord City,City Clerk,ocd-division/country:us/state:nh/place:concord,www.concordnh.gov,(603) 225-8500,cityclerk@concordnh.gov,189 Pembroke Road,Concord,NH,3301,07:00:00 - 05:00,19:00:00 - 05:00,11-08-16,11-08-16
Concord City,City Clerk,ocd-division/country:us/state:nh/place:concord,www.concordnh.gov,(603) 225-8500,cityclerk@concordnh.gov,33 Christian Avenue,Concord,NH,3301,07:00:00 - 05:00,19:00:00 - 05:00,11-08-16,11-08-16
Concord City,City Clerk,ocd-division/country:us/state:nh/place:concord,www.concordnh.gov,(603) 225-8500,cityclerk@concordnh.gov,"Broken Ground Elementary School, 123 Portsmouth Street",Concord,NH,3301,07:00:00 - 05:00,19:00:00 - 05:00,11-08-16,11-08-16
Conway Town,Town Clerk,ocd-division/country:us/state:nh/place:conway,www.conwaynh.org,(603) 447-3811,rquint@conwaynh.org,409 Eagle's Way,North Conway,NH,3860,08:00:00 - 05:00,19:00:00 - 05:00,11-08-16,11-08-16
Cornish Town,Town Clerk,ocd-division/country:us/state:nh/place:cornish,www.cornishnh.net,(603) 675-5207,cornishtownclerk@comcast.net,994 Town House Rd,Cornish,NH,3745,08:00:00 - 05:00,19:00:00 - 05:00,11-08-16,11-08-16
Croydon Town,Town Clerk,ocd-division/country:us/state:nh/place:croydon,,(603) 863-7830,croydon@myfairpoint.net,879 Nh Rte 10,Croydon,NH,3773,08:00:00 - 05:00,19:00:00 - 05:00,11-08-16,11-08-16
Dalton Town,Town Clerk,ocd-division/country:us/state:nh/place:dalton,http://www.townofdalton.com/,(603) 837-2092,town.clerk@townofdalton.com,756 Dalton Road,Dalton,NH,3598,08:00:00 - 05:00,19:00:00 - 05:00,11-08-16,11-08-16
Danbury Town,Town Clerk,ocd-division/country:us/state:nh/place:danbury,www.townofdanburynh.com,(603) 768-5448,danburyclerk@comcast.net,23 High St,Danbury,NH,3230,08:00:00 - 05:00,19:00:00 - 05:00,11-08-16,11-08-16
Danville Town,Town Clerk,ocd-division/country:us/state:nh/place:danville,www.townofdanville.org,(603) 382-8253,ctracy@townofdanville.org,169 Main St,Danville,NH,3819,08:00:00 - 05:00,20:00:00 - 05:00,11-08-16,11-08-16
Deerfield Town,Town Clerk,ocd-division/country:us/state:nh/place:deerfield,www.townofdeerfieldnh.com,(603) 463-8811,twn@townofdeerfieldnh.com,10 Church St,Deerfield,NH,3037,07:00:00 - 05:00,19:00:00 - 05:00,11-08-16,11-08-16
Deering Town,Town Clerk,ocd-division/country:us/state:nh/place:deering,www.deering.nh.us,(603) 464-3224,townclerk@deering.nh.us,762 Deering Center Road,Deering,NH,3244,08:00:00 - 05:00,19:00:00 - 05:00,11-08-16,11-08-16
Derry Town,Town Clerk,ocd-division/country:us/state:nh/place:derry,www.derrynh.org,(603) 432-6105,townclerk@derrynh.org,14 Manning Street,Derry,NH,3038,07:00:00 - 05:00,20:00:00 - 05:00,11-08-16,11-08-16
Derry Town,Town Clerk,ocd-division/country:us/state:nh/place:derry,www.derrynh.org,(603) 432-6105,townclerk@derrynh.org,5 Hood Rd,Derry,NH,3038,07:00:00 - 05:00,20:00:00 - 05:00,11-08-16,11-08-16
Derry Town,Town Clerk,ocd-division/country:us/state:nh/place:derry,www.derrynh.org,(603) 432-6105,townclerk@derrynh.org,145 Hampstead Rd,Derry,NH,3038,07:00:00 - 05:00,20:00:00 - 05:00,11-08-16,11-08-16
Derry Town,Town Clerk,ocd-division/country:us/state:nh/place:derry,www.derrynh.org,(603) 432-6105,townclerk@derrynh.org,1 West Running Brook Ln,Derry,NH,3038,07:00:00 - 05:00,20:00:00 - 05:00,11-08-16,11-08-16
Dixville Township,Town Clerk,ocd-division/country:us/state:nh/place:dixville,,(603) 255-3851,debtt@tango175.com,1 Wilderness Road,Dixville,NH,3576,12:00:00 - 05:00,12:05:00 - 05:00,11-08-16,11-08-16
Dorchester Town,Town Clerk,ocd-division/country:us/state:nh/place:dorchester,townofdorchester.net,(603) 786-9476,town.clerk@townofdorchester.net,24 Town House Rd,Dorchester,NH,3266,11:00:00 - 05:00,19:00:00 - 05:00,11-08-16,11-08-16
Dover City,Town Clerk,ocd-division/country:us/state:nh/place:dover,www.dover.nh.gov,(603) 516-6018,k.lavertu@dover.nh.gov,"Church Hall, 21 Chestnut St",Dover,NH,3820,08:00:00 - 05:00,19:00:00 - 05:00,11-08-16,11-08-16
Dover City,Town Clerk,ocd-division/country:us/state:nh/place:dover,www.dover.nh.gov,(603) 516-6018,k.lavertu@dover.nh.gov,"Congregational Church, 218 Central Ave",Dover,NH,3820,08:00:00 - 05:00,19:00:00 - 05:00,11-08-16,11-08-16
Dover City,Town Clerk,ocd-division/country:us/state:nh/place:dover,www.dover.nh.gov,(603) 516-6018,k.lavertu@dover.nh.gov,"Langdon Place, 60 Middle Rd",Dover,NH,3820,08:00:00 - 05:00,19:00:00 - 05:00,11-08-16,11-08-16
Dover City,Town Clerk,ocd-division/country:us/state:nh/place:dover,www.dover.nh.gov,(603) 516-6018,k.lavertu@dover.nh.gov,"Elks Lodge, 282 Durham Rd",Dover,NH,3820,08:00:00 - 05:00,19:00:00 - 05:00,11-08-16,11-08-16
Dover City,Town Clerk,ocd-division/country:us/state:nh/place:dover,www.dover.nh.gov,(603) 516-6018,k.lavertu@dover.nh.gov,"Saint John's Methodist Church, 28 Cataract Ave",Dover,NH,3820,08:00:00 - 05:00,19:00:00 - 05:00,11-08-16,11-08-16
Dover City,Town Clerk,ocd-division/country:us/state:nh/place:dover,www.dover.nh.gov,(603) 516-6018,k.lavertu@dover.nh.gov,276 County Farm Rd,Dover,NH,3820,08:00:00 - 05:00,19:00:00 - 05:00,11-08-16,11-08-16
Dublin Town,Town Clerk,ocd-division/country:us/state:nh/place:dublin,www.townofdublin.org,(603) 563-8859,townclerk@townofdublin.org,1120 Main Street,Dublin,NH,3444,08:00:00 - 05:00,19:00:00 - 05:00,11-08-16,11-08-16
Dummer Town,Town Clerk,ocd-division/country:us/state:nh/place:dummer,www.dummernh.org,(603) 449-2006,townofdummer@gmail.com,75 Hill Road,Dummer,NH,3588,11:00:00 - 05:00,19:00:00 - 05:00,11-08-16,11-08-16
Dunbarton Town,Town Clerk,ocd-division/country:us/state:nh/place:dunbarton,http://dunbartonnh.org,(603) 774-3547,townclerk@dunbartonnh.org,20 Robert Rogers Rd,Dunbarton,NH,3046,08:00:00 - 05:00,19:00:00 - 05:00,11-08-16,11-08-16
Durham Town,Town Clerk,ocd-division/country:us/state:nh/place:durham,http://www.ci.durham.nh.us,(603) 868-5577,lpitt@ci.durham.nh.us,"Oyster River High School, 55 Coe Dr",Durham,NH,3824,07:00:00 - 05:00,19:00:00 - 05:00,11-08-16,11-08-16
East Kingston Town,Town Clerk,ocd-division/country:us/state:nh/place:east_kingston,www.eknh.org,(603) 642-8794,ektctc@myfairpoint.net,"East Kingston Elementary School, 5 Andrews Lane",East Kingston,NH,3827,08:00:00 - 05:00,19:00:00 - 05:00,11-08-16,11-08-16
Easton Town,Town Clerk,ocd-division/country:us/state:nh/place:easton,townofeastonnh.org,(603) 823-8017,eastontownclerk@aaahawk.com,1060 Easton Valley Road,Easton,NH,3580,11:00:00 - 05:00,19:00:00 - 05:00,11-08-16,11-08-16
Eaton Town,Town Clerk,ocd-division/country:us/state:nh/place:eaton,http://eatonnh.org,(603) 447-2840,eatonnhtc@gmail.com,83 Brownfield Rd,Eaton,NH,3832,11:00:00 - 05:00,19:00:00 - 05:00,11-08-16,11-08-16
Effingham Town,Town Clerk,ocd-division/country:us/state:nh/place:effingham,effinghamnh.net,(603) 539-7551,townclerk.taxcollector@effinghamnh.net,6 Partridge Cove Road,Effingham,NH,3882,08:00:00 - 05:00,19:00:00 - 05:00,11-08-16,11-08-16
Ellsworth Town,Town Clerk,ocd-division/country:us/state:nh/place:ellsworth,,(603) 726-3551,dob7159@gmail.com,3 Ellsworth Pond Rd,Ellsworth,NH,3223,11:00:00 - 05:00,19:00:00 - 05:00,11-08-16,11-08-16
Enfield Town,Town Clerk,ocd-division/country:us/state:nh/place:enfield,www.enfield.nh.us,(603) 632-4201,ceisener@enfield.nh.us,23 Main Street,Enfield,NH,3748,08:00:00 - 05:00,19:00:00 - 05:00,11-08-16,11-08-16
Epping Town,Town Clerk,ocd-division/country:us/state:nh/place:epping,www.townofepping.com,(603) 679-8288,clerkandtax@townofepping.com,"Epping Middle School, 33 Prescott Road",Epping,NH,3042,08:00:00 - 05:00,19:00:00 - 05:00,11-08-16,11-08-16
Epsom Town,Town Clerk,ocd-division/country:us/state:nh/place:epsom,www.epsomnh.org,(603) 736-4825,dawnepsom@metrocast.net,"Epsom Central School, 282 Black Hall Rd",Epsom,NH,3234,08:00:00 - 05:00,19:00:00 - 05:00,11-08-16,11-08-16
Errol Town,Town Clerk,ocd-division/country:us/state:nh/place:errol,,(603) 482-3351,erroltownclerk@gmail.com,Errol Town Hall 33 Main Street,Errol,NH,3579,08:00:00 - 05:00,19:00:00 - 05:00,11-08-16,11-08-16
Exeter Town,Town Clerk,ocd-division/country:us/state:nh/place:exeter,www.exeternh.gov,(603) 778-0591,akohler@exeternh.gov,"Seacoast School of Technology in the Talbot Gym, 30 Linden Street",Exeter,NH,3833,07:00:00 - 05:00,20:00:00 - 05:00,11-08-16,11-08-16
Farmington Town,Town Clerk,ocd-division/country:us/state:nh/place:farmington,www.farmington.nh.us,(603) 755-3657,tctc@metrocast.net,531 Main Street,Farmington,NH,3835,08:00:00 - 05:00,19:00:00 - 05:00,11-08-16,11-08-16
Fitzwilliam Town,Town Clerk,ocd-division/country:us/state:nh/place:fitzwilliam,www.fitzwilliam-nh.gov,(603) 585-7214,fitzclerk@fitzwilliam-nh.gov,13 Templeton Tnpk,Fitzwilliam,NH,3447,08:00:00 - 05:00,19:00:00 - 05:00,11-08-16,11-08-16
Francestown Town,Town Clerk,ocd-division/country:us/state:nh/place:francestown,www.francestown-nh.gov,(603) 547-6251,townclerk@francestownnh.org,27 Main Street,Francestown,NH,3043,08:00:00 - 05:00,19:00:00 - 05:00,11-08-16,11-08-16
Franconia Town,Town Clerk,ocd-division/country:us/state:nh/place:franconia,www.franconianh.org,(603) 823-5237,townclerk@franconianh.org,421 Main Street,Franconia,NH,3580,08:00:00 - 05:00,19:00:00 - 05:00,11-08-16,11-08-16
Franklin City,City Clerk,ocd-division/country:us/state:nh/place:franklin,www.franklinnh.org,(603) 934-3109,kgargano@franklinnh.org,316 Central Street,Franklin,NH,3235,08:00:00 - 05:00,19:00:00 - 05:00,11-08-16,11-08-16
Franklin City,City Clerk,ocd-division/country:us/state:nh/place:franklin,www.franklinnh.org,(603) 934-3109,kgargano@franklinnh.org,"Thompson Hall, 24 S Main St.",Franklin,NH,3235,08:00:00 - 05:00,19:00:00 - 05:00,11-08-16,11-08-16
Franklin City,City Clerk,ocd-division/country:us/state:nh/place:franklin,www.franklinnh.org,(603) 934-3109,kgargano@franklinnh.org,"Franklin Middle School, 200 Sandborn St. ",Franklin,NH,3235,08:00:00 - 05:00,19:00:00 - 05:00,11-08-16,11-08-16
Freedom Town,Town Clerk,ocd-division/country:us/state:nh/place:freedom,www.townoffreedom.net,(603) 539-8269,freedomtownclerk@yahoo.com,16 Elm St ,Freedom,NH,3836,08:00:00 - 05:00,19:00:00 - 05:00,11-08-16,11-08-16
Fremont Town,Town Clerk,ocd-division/country:us/state:nh/place:fremont,www.fremont.nh.gov,(603) 895-8693,fremontclerk@comcast.net,"Ellis Gymnasium, 432 Main St",Fremont,NH,3044,07:00:00 - 05:00,20:00:00 - 05:00,11-08-16,11-08-16
Gilford Town,Town Clerk,ocd-division/country:us/state:nh/place:gilford,http://www.gilfordnh.org,(603) 527-4713,dgonyer@gilfordnh.org,19 Potter Hill Rd,Gilford,NH,3249,07:00:00 - 05:00,19:00:00 - 05:00,11-08-16,11-08-16
Gilmanton Town,Town Clerk,ocd-division/country:us/state:nh/place:gilmanton,www.gilmantonnh.org,(603) 267-6726,tctx@gilmantonnh.org,503 Province Road,Gilmanton,NH,3237,07:00:00 - 05:00,19:00:00 - 05:00,11-08-16,11-08-16
Gilsum Town,Town Clerk,ocd-division/country:us/state:nh/place:gilsum,,(603) 357-0320,robin03448@gmail.com,640 Route 10,Gilsum,NH,3448,08:00:00 - 05:00,19:00:00 - 05:00,11-08-16,11-08-16
Goffstown Town,Town Clerk,ocd-division/country:us/state:nh/place:goffstown,www.goffstown.com,(603) 497-8990,cball@goffstownnh.gov,16 Main Street,Goffstown,NH,3045,07:00:00 - 05:00,19:00:00 - 05:00,11-08-16,11-08-16
Gorham Town,Town Clerk,ocd-division/country:us/state:nh/place:gorham,www.gorhamnh.org,(603) 466-2744,cporter@gorhamnh.org,20 Park Street,Gorham,NH,3581,08:00:00 - 05:00,19:00:00 - 05:00,11-08-16,11-08-16
Goshen Town,Town Clerk,ocd-division/country:us/state:nh/place:goshen,www.goshennh.org,(603) 863-5655,townofgoshen@goshennh.org,54 Mill Village Rd N,Goshen,NH,3752,08:00:00 - 05:00,19:00:00 - 05:00,11-08-16,11-08-16
Grafton Town,Town Clerk,ocd-division/country:us/state:nh/place:grafton,www.townofgraftonnh.com,(603) 523-7270,graftontc2008@hotmail.com,10 Library Road,Grafton,NH,3240,08:00:00 - 05:00,19:00:00 - 05:00,11-08-16,11-08-16
Grantham Town,Town Clerk,ocd-division/country:us/state:nh/place:grantham,www.granthamnh.net,(603) 863-5608,rfriedman@granthamnh.net,300 Route 10 South,Grantham,NH,3753,08:00:00 - 05:00,19:00:00 - 05:00,11-08-16,11-08-16
Greenfield Town,Town Clerk,ocd-division/country:us/state:nh/place:greenfield,http://www.greenfield-nh.gov,(603) 547-2782,greenfieldnhtc@yahoo.com,776 Forest Rd,Greenfield,NH,3047,08:00:00 - 05:00,19:00:00 - 05:00,11-08-16,11-08-16
Greenland Town,Town Clerk,ocd-division/country:us/state:nh/place:greenland,www.greenland-nh.com,(603) 431-7111,mmorgan@greenland-nh.com,70 Post Road,Greenland,NH,3840,08:00:00 - 05:00,19:00:00 - 05:00,11-08-16,11-08-16
Green's Grant Township,Town Clerk,ocd-division/country:us/state:nh/place:greens_grant,,(603) 466-2744,cporter@gorhamnh.org,20 Park Street,Gorham,NH,3581,08:00:00 - 05:00,19:00:00 - 05:00,11-08-16,11-08-16
Greenville Town,Town Clerk,ocd-division/country:us/state:nh/place:greenville,www.greenvillenh.org,(603) 878-4155,clerk-collector@comcast.net,16 Adams St,Greenville,NH,3048,08:00:00 - 05:00,19:00:00 - 05:00,11-08-16,11-08-16
Groton Town,Town Clerk,ocd-division/country:us/state:nh/place:groton,grotonnh.org,(603) 744-8849,townclerk@grotonnh.org,754 North Groton Road,Groton,NH,3241,08:00:00 - 05:00,19:00:00 - 05:00,11-08-16,11-08-16
Hampstead Town,Town Clerk,ocd-division/country:us/state:nh/place:hampstead,www.hampsteadnh.us,(603) 329-4100,townclerk@hampsteadnh.us," Hampstead Middle School, 28 School St",Hampstead,NH,3841,08:00:00 - 05:00,20:00:00 - 05:00,11-08-16,11-08-16
Hampton Town,Town Clerk,ocd-division/country:us/state:nh/place:hampton,www.hamptonnh.gov,(603) 926-0406,townclerk@hamptonnh.gov,"Winnacunnet High School, 1 Alumni Dr",Hampton,NH,3842,07:00:00 - 05:00,20:00:00 - 05:00,11-08-16,11-08-16
Hampton Falls Town,Town Clerk,ocd-division/country:us/state:nh/place:hampton_falls,www.hamptonfalls.org,(603) 926-4618,townclerk@hamptonfalls.org,1 Drinkwater Road,Hampton Falls,NH,3844,08:00:00 - 05:00,20:00:00 - 05:00,11-08-16,11-08-16
Hancock Town,Town Clerk,ocd-division/country:us/state:nh/place:hancock,www.hancocknh.org,(603) 525-4441,clerk@hancocknh.org,50 Main Street,Hancock,NH,3449,08:00:00 - 05:00,19:00:00 - 05:00,11-08-16,11-08-16
Hanover Town,Town Clerk,ocd-division/country:us/state:nh/place:hanover,www.hanovernh.org,(603) 640-3203,betsy.mcclain@hanovernh.org,"Hanover High School, 41 Lebanon St",Hanover,NH,3755,07:00:00 - 05:00,19:00:00 - 05:00,11-08-16,11-08-16
Harrisville Town,Town Clerk,ocd-division/country:us/state:nh/place:harrisville,www.harrisvillenh.org,(603) 827-5546,townclerkdonna@myfairpoint.net,705 Chesham Rd,Harrisville,NH,3450,08:00:00 - 05:00,19:00:00 - 05:00,11-08-16,11-08-16
Hart's Location Town,Town Clerk,ocd-division/country:us/state:nh/place:hart~s_location,,(603) 374-2436,board@hartslocation.com,979 Route 302,Hart's Location,NH,3812,08:00:00 - 05:00,19:05:00 - 05:00,11-08-16,11-08-16
Haverhill Town,Town Clerk,ocd-division/country:us/state:nh/place:haverhill,www.haverhill-nh.com,(603) 787-6200,townclerk@haverhill-nh.com,2975 Dartmouth College Hwy,N Haverhill,NH,3774,08:00:00 - 05:00,19:00:00 - 05:00,11-08-16,11-08-16
Hebron Town,Town Clerk,ocd-division/country:us/state:nh/place:hebron,http://hebronnh.org,(603) 744-7999,clerk@hebronnh.org,16 Church Lane,Hebron,NH,3241,11:00:00 - 05:00,19:00:00 - 05:00,11-08-16,11-08-16
Henniker Town,Town Clerk,ocd-division/country:us/state:nh/place:henniker,www.henniker.org,(603) 428-3240,townclerk@henniker.org,51 Western Ave,Henniker,NH,3242,07:00:00 - 05:00,19:00:00 - 05:00,11-08-16,11-08-16
Hill Town,Town Clerk,ocd-division/country:us/state:nh/place:hill,www.townofhillnh.org,(603) 934-3951,hilltwnclk@comcast.net,30 Crescent St.,Hill,NH,3243,11:00:00 - 05:00,19:00:00 - 05:00,11-08-16,11-08-16
Hillsborough Town,Town Clerk,ocd-division/country:us/state:nh/place:hillsborough,www.town.hillsborough.nh.us,(603) 464-3877,debbie@hillsboroughnh.net,6 Hillcat Drive,Hillsborough,NH,3244,07:00:00 - 05:00,19:00:00 - 05:00,11-08-16,11-08-16
Hinsdale Town,Town Clerk,ocd-division/country:us/state:nh/place:hinsdale,,(603) 336-5719,tchinsdale.nh@myfairpoint.net,"Hinsdale Community Center, 19 Main Street",Hinsdale,NH,3451,08:00:00 - 05:00,19:00:00 - 05:00,11-08-16,11-08-16
Holderness Town,Town Clerk,ocd-division/country:us/state:nh/place:holderness,www.holderness-nh.gov,(603) 968-7536,townclerk-taxcollector@holderness-nh.gov,1089 Us Route 3,Holderness,NH,3245,08:00:00 - 05:00,19:00:00 - 05:00,11-08-16,11-08-16
Hollis Town,Town Clerk,ocd-division/country:us/state:nh/place:hollis,http://www.hollisnh.org/townclerk/townclerk_main.htm,(603) 465-2064,townclerk@hollisnh.org,24 Cavalier Court,Hollis,NH,3049,07:00:00 - 05:00,19:00:00 - 05:00,11-08-16,11-08-16
Hooksett Town,Town Clerk,ocd-division/country:us/state:nh/place:hooksett,www.hooksett.org,(603) 485-9534,trainier@hooksett.org,89 Ward 04 Whitehall Road ,Hooksett,NH,3106,06:00:00 - 05:00,19:00:00 - 05:00,11-08-16,11-08-16
Hopkinton Town,Town Clerk,ocd-division/country:us/state:nh/place:hopkinton,www.hopkinton-nh.gov,(603) 746-3180,clerkcollector@hopkinton-nh.gov,297 Park Ave,Hopkinton,NH,3229,07:00:00 - 05:00,19:00:00 - 05:00,11-08-16,11-08-16
Hudson Town,Town Clerk,ocd-division/country:us/state:nh/place:hudson,www.hudsonnh.gov,(603) 886-6003,pbarry@hudsonnh.gov,12 Lions Ave,Hudson,NH,3051,07:00:00 - 05:00,20:00:00 - 05:00,11-08-16,11-08-16
Jackson Town,Town Clerk,ocd-division/country:us/state:nh/place:jackson,www.jacksonvillage.net,(603) 383-6248,jxntctc@jackson-nh.org,16 Black Mountain Road,Jackson,NH,3846,08:00:00 - 05:00,19:00:00 - 05:00,11-08-16,11-08-16
Jaffrey Town,Town Clerk,ocd-division/country:us/state:nh/place:jaffrey,www.townofjaffrey.com,(603) 532-7861,krollins@townofjaffrey.com,12 Hathorn Rd,Jaffrey,NH,3452,08:00:00 - 05:00,19:00:00 - 05:00,11-08-16,11-08-16
Jefferson Town,Town Clerk,ocd-division/country:us/state:nh/place:jefferson,www.jeffersonnh.org,(603) 586-4553,jeffersontownclerk@live.com,698 Presidential Hwy,Jefferson,NH,3583,08:00:00 - 05:00,19:00:00 - 05:00,11-08-16,11-08-16
Keene City,City Clerk,ocd-division/country:us/state:nh/place:keene,www.ci.keene.nh.us,(603) 352-0133,plittle@ci.keene.nh.us,400 Marlborough St,Keene,NH,3431,08:00:00 - 05:00,19:00:00 - 05:00,11-08-16,11-08-16
Keene City,City Clerk,ocd-division/country:us/state:nh/place:keene,www.ci.keene.nh.us,(603) 352-0133,plittle@ci.keene.nh.us,312 Washington St. ,Keene,NH,3431,08:00:00 - 05:00,19:00:00 - 05:00,11-08-16,11-08-16
Keene City,City Clerk,ocd-division/country:us/state:nh/place:keene,www.ci.keene.nh.us,(603) 352-0133,plittle@ci.keene.nh.us,167 Maple Ave,Keene,NH,3431,08:00:00 - 05:00,19:00:00 - 05:00,11-08-16,11-08-16
Keene City,City Clerk,ocd-division/country:us/state:nh/place:keene,www.ci.keene.nh.us,(603) 352-0133,plittle@ci.keene.nh.us,79 Park Ave ,Keene,NH,3431,08:00:00 - 05:00,19:00:00 - 05:00,11-08-16,11-08-16
Keene City,City Clerk,ocd-division/country:us/state:nh/place:keene,www.ci.keene.nh.us,(603) 352-0133,plittle@ci.keene.nh.us,43 Arch St,Keene,NH,3431,08:00:00 - 05:00,19:00:00 - 05:00,11-08-16,11-08-16
Kensington Town,Town Clerk,ocd-division/country:us/state:nh/place:kensington,www.town.kensington.nh.us,(603) 772-5423,townclerk@kensingtontown.com,122 Amesbury Road,Kensington,NH,3833,08:00:00 - 05:00,19:30:00 - 05:00,11-08-16,11-08-16
Kingston Town,Town Clerk,ocd-division/country:us/state:nh/place:kingston,www.kingstonnh.org,(603) 642-3112,tc-tc@kingstonnh.org,178 Main St,Kingston,NH,3848,08:00:00 - 05:00,20:00:00 - 05:00,11-08-16,11-08-16
Laconia City,City Clerk,ocd-division/country:us/state:nh/place:laconia,www.city.laconia.nh.us,(603) 527-1265,voter@city.laconia.nh.us,"Belknap County Nursing Home, 30 County Drive",Laconia,NH,3246,07:00:00 - 05:00,19:00:00 - 05:00,11-08-16,11-08-16
Laconia City,City Clerk,ocd-division/country:us/state:nh/place:laconia,www.city.laconia.nh.us,(603) 527-1265,voter@city.laconia.nh.us,31 Gilford Avenue ,Laconia,NH,3246,07:00:00 - 05:00,19:00:00 - 05:00,11-08-16,11-08-16
Laconia City,City Clerk,ocd-division/country:us/state:nh/place:laconia,www.city.laconia.nh.us,(603) 527-1265,voter@city.laconia.nh.us,"Laconia Middle School, 150 McGrath Street",Laconia,NH,3246,07:00:00 - 05:00,19:00:00 - 05:00,11-08-16,11-08-16
Laconia City,City Clerk,ocd-division/country:us/state:nh/place:laconia,www.city.laconia.nh.us,(603) 527-1265,voter@city.laconia.nh.us,31 Lindsay Court,Laconia,NH,3246,07:00:00 - 05:00,19:00:00 - 05:00,11-08-16,11-08-16
Laconia City,City Clerk,ocd-division/country:us/state:nh/place:laconia,www.city.laconia.nh.us,(603) 527-1265,voter@city.laconia.nh.us,"Woodland Heights Elementary School,  225 Winter Street Ext.",Laconia,NH,3246,07:00:00 - 05:00,19:00:00 - 05:00,11-08-16,11-08-16
Laconia City,City Clerk,ocd-division/country:us/state:nh/place:laconia,www.city.laconia.nh.us,(603) 527-1265,voter@city.laconia.nh.us,"Leavitt Park Club House, 334 Elm Street",Laconia,NH,3246,07:00:00 - 05:00,19:00:00 - 05:00,11-08-16,11-08-16
Lancaster Town,Town Clerk,ocd-division/country:us/state:nh/place:lancaster,http://lancasternh.org,(603) 788-2306,townclerk@lancasternh.org,25 Main Street,Lancaster,NH,3584,08:00:00 - 05:00,19:00:00 - 05:00,11-08-16,11-08-16
Landaff Town,Town Clerk,ocd-division/country:us/state:nh/place:landaff,www.landaffnh.org,(603) 838-6220,townclerk@landaffnh.org,12 Center Hill Road,Landaff,NH,3585,11:00:00 - 05:00,19:00:00 - 05:00,11-08-16,11-08-16
Langdon Town,Town Clerk,ocd-division/country:us/state:nh/place:langdon,http://langdonnh.org/,(603) 835-2389,langdontownclerk@gmail.com,122 Route 12a,Langdon,NH,3602,08:00:00 - 05:00,19:00:00 - 05:00,11-08-16,11-08-16
Lebanon City,City Clerk,ocd-division/country:us/state:nh/place:lebanon,www.lebnh.net,(603) 448-3054,cityclerk@lebcity.com,51 North Park Street,Lebanon,NH,3766,08:00:00 - 05:00,19:00:00 - 05:00,11-08-16,11-08-16
Lebanon City,City Clerk,ocd-division/country:us/state:nh/place:lebanon,www.lebnh.net,(603) 448-3054,cityclerk@lebcity.com,"Kilton Public Library, 80 Main St",West Lebanon,NH,3784,08:00:00 - 05:00,19:00:00 - 05:00,11-08-16,11-08-16
Lebanon City,City Clerk,ocd-division/country:us/state:nh/place:lebanon,www.lebnh.net,(603) 448-3054,cityclerk@lebcity.com,"Methodist Church, 18 School St",Lebanon,NH,3766,08:00:00 - 05:00,19:00:00 - 05:00,11-08-16,11-08-16
Lee Town,Town Clerk,ocd-division/country:us/state:nh/place:lee,www.leenh.org,(603) 659-2964,lreinhold@leenh.org,20 George Bennett Rd,Lee,NH,3824,07:00:00 - 05:00,19:00:00 - 05:00,11-08-16,11-08-16
Lempster Town,Town Clerk,ocd-division/country:us/state:nh/place:lempster,www.lempsternh.org,(603) 863-3213,lempstertownclerk@myfairpoint.net,856 Rte 10,Lempster,NH,3605,08:00:00 - 05:00,19:00:00 - 05:00,11-08-16,11-08-16
Lincoln Town,Town Clerk,ocd-division/country:us/state:nh/place:lincoln,www.lincolnnh.org,(603) 745-8971,townclerk@lincolnnh.org,148 Main St,Lincoln,NH,3251,08:00:00 - 05:00,19:00:00 - 05:00,11-08-16,11-08-16
Lisbon Town,Town Clerk,ocd-division/country:us/state:nh/place:lisbon,www.lisbonnh.org,(603) 838-2862,lisbonnhtc@ne.twcbc.com,25 Highland Avenue,Lisbon,NH,3585,08:00:00 - 05:00,19:00:00 - 05:00,11-08-16,11-08-16
Litchfield Town,Town Clerk,ocd-division/country:us/state:nh/place:litchfield,www.litchfieldnh.gov,(603) 424-4045,tbriand@litchfieldnh.gov,"Campbell High School, 1 Highlander Court",Litchfield,NH,3052,07:00:00 - 05:00,19:00:00 - 05:00,11-08-16,11-08-16
Littleton Town,Town Clerk,ocd-division/country:us/state:nh/place:littleton,www.townoflittleton.org,(603) 444-3995,jwhite@townoflittleton.org,240 W Main St.,Littleton,NH,3561,08:00:00 - 05:00,19:00:00 - 05:00,11-08-16,11-08-16
Londonderry Town,Town Clerk,ocd-division/country:us/state:nh/place:londonderry,www.londonderrynh.org,(603) 432-1100,sfarrell@londonderrynh.org,295 Mammoth Rd,Londonderry,NH,3053,07:00:00 - 05:00,20:00:00 - 05:00,11-08-16,11-08-16
Loudon Town,Town Clerk,ocd-division/country:us/state:nh/place:loudon,www.loudonnh.org,(603) 798-4542,townclerk@loudonnh.org,29 South Village Rd,Loudon,NH,3307,07:00:00 - 05:00,19:00:00 - 05:00,11-08-16,11-08-16
Lyman Town,Town Clerk,ocd-division/country:us/state:nh/place:lyman,www.lymannh.org,(603) 838-6113,lymantc@myfairpoint.net,"Lyman Town Hall, 65 Parker Hill Road",Lyman,NH,3585,08:00:00 - 05:00,19:00:00 - 05:00,11-08-16,11-08-16
Lyme Town,Town Clerk,ocd-division/country:us/state:nh/place:lyme,www.lymenh.gov,(603) 795-2535,patty@lymenh.gov,35 Union Street,Lyme,NH,3768,07:00:00 - 05:00,19:00:00 - 05:00,11-08-16,11-08-16
Lyndeborough Town,Town Clerk,ocd-division/country:us/state:nh/place:lyndeborough,www.lyndeboroughnh.us,(603) 654-5955,tschultz@lyndeboroughnh.us,9 Citizens Hall Road,Lyndeborough,NH,3082,08:00:00 - 05:00,19:00:00 - 05:00,11-08-16,11-08-16
Madbury Town,Town Clerk,ocd-division/country:us/state:nh/place:madbury,http://www.townofmadbury.com,(603) 742-5131,tcmadbury@comcast.net,"Madbury Town Hall, 13 Town Hall Rd",Madbury,NH,3823,07:00:00 - 05:00,19:00:00 - 05:00,11-08-16,11-08-16
Madison Town,Town Clerk,ocd-division/country:us/state:nh/place:madison,www.madison-nh.org,(603) 367-9931,clerk@madison-nh.org,"Madison Elementary School, 2069 Village Road",Madison,NH,3849,08:00:00 - 05:00,19:00:00 - 05:00,11-08-16,11-08-16
Manchester City,City Clerk,ocd-division/country:us/state:nh/place:manchester,www.manchesternh.gov,(603) 624-6455,cityclerk@manchesternh.gov,"WEBSTER SCHOOL, 2519 Elm Street",Manchester,NH,3104,06:00:00 - 05:00,19:00:00 - 05:00,11-08-16,11-08-16
Manchester City,City Clerk,ocd-division/country:us/state:nh/place:manchester,www.manchesternh.gov,(603) 624-6455,cityclerk@manchesternh.gov,"HILLSIDE MIDDLE SCHOOL, 112 Reservoir Avenue ",Manchester,NH,3104,06:00:00 - 05:00,19:00:00 - 05:00,11-08-16,11-08-16
Manchester City,City Clerk,ocd-division/country:us/state:nh/place:manchester,www.manchesternh.gov,(603) 624-6455,cityclerk@manchesternh.gov,"CAROL M. RINES CENTER, 1528 Elm Street",Manchester,NH,3101,06:00:00 - 05:00,19:00:00 - 05:00,11-08-16,11-08-16
Manchester City,City Clerk,ocd-division/country:us/state:nh/place:manchester,www.manchesternh.gov,(603) 624-6455,cityclerk@manchesternh.gov,"MCDONOUGH SCHOOL, 550 Lowell Street",Manchester,NH,3104,06:00:00 - 05:00,19:00:00 - 05:00,11-08-16,11-08-16
Manchester City,City Clerk,ocd-division/country:us/state:nh/place:manchester,www.manchesternh.gov,(603) 624-6455,cityclerk@manchesternh.gov,"BEECH STREET SCHOOL, 333 Beech Street",Manchester,NH,3103,06:00:00 - 05:00,19:00:00 - 05:00,11-08-16,11-08-16
Manchester City,City Clerk,ocd-division/country:us/state:nh/place:manchester,www.manchesternh.gov,(603) 624-6455,cityclerk@manchesternh.gov,575 Candia Road,Manchester,NH,3103,06:00:00 - 05:00,19:00:00 - 05:00,11-08-16,11-08-16
Manchester City,City Clerk,ocd-division/country:us/state:nh/place:manchester,www.manchesternh.gov,(603) 624-6455,cityclerk@manchesternh.gov,"ST. ANTHONY COMMUNITY CENTER, 148 Belmont Street",Manchester,NH,3103,06:00:00 - 05:00,19:00:00 - 05:00,11-08-16,11-08-16
Manchester City,City Clerk,ocd-division/country:us/state:nh/place:manchester,www.manchesternh.gov,(603) 624-6455,cityclerk@manchesternh.gov,"MEMORIAL HIGH SCHOOL, One Crusader Way",Manchester,NH,3103,06:00:00 - 05:00,19:00:00 - 05:00,11-08-16,11-08-16
Manchester City,City Clerk,ocd-division/country:us/state:nh/place:manchester,www.manchesternh.gov,(603) 624-6455,cityclerk@manchesternh.gov,"BISHOP LEO E. O'NEIL YOUTH CENTER, 30 South Elm Street",Manchester,NH,3103,06:00:00 - 05:00,19:00:00 - 05:00,11-08-16,11-08-16
Manchester City,City Clerk,ocd-division/country:us/state:nh/place:manchester,www.manchesternh.gov,(603) 624-6455,cityclerk@manchesternh.gov,"PARKER-VARNEY SCHOOL, 223 James Pollock Drive",Manchester,NH,3102,06:00:00 - 05:00,19:00:00 - 05:00,11-08-16,11-08-16
Manchester City,City Clerk,ocd-division/country:us/state:nh/place:manchester,www.manchesternh.gov,(603) 624-6455,cityclerk@manchesternh.gov,"GOSSLER SCHOOL, 145 Parkside Avenue",Manchester,NH,3102,06:00:00 - 05:00,19:00:00 - 05:00,11-08-16,11-08-16
Manchester City,City Clerk,ocd-division/country:us/state:nh/place:manchester,www.manchesternh.gov,(603) 624-6455,cityclerk@manchesternh.gov,"NORTHWEST ELEMENTARY SCHOOL, 300 Youville Street",Manchester,NH,3102,06:00:00 - 05:00,19:00:00 - 05:00,11-08-16,11-08-16
Marlborough Town,Town Clerk,ocd-division/country:us/state:nh/place:marlborough,www.marlboroughnh.org,(603) 876-4529,townclerk@marlboroughnh.org,"Marlborough School, 41 Fitz Court",Marlborough,NH,3455,08:00:00 - 05:00,19:00:00 - 05:00,11-08-16,11-08-16
Marlow Town,Town Clerk,ocd-division/country:us/state:nh/place:marlow,www.marlownh.gov,(603) 446-2245,marlowclerk@myfairpoint.net,919 Nh Rt 10,Marlow,NH,3456,08:00:00 - 05:00,19:00:00 - 05:00,11-08-16,11-08-16
Mason Town,Town Clerk,ocd-division/country:us/state:nh/place:mason,www.masonnh.us,(603) 878-3768,masontownclerk@gmail.com,13 Darling Hill Rd,Mason,NH,3048,08:00:00 - 05:00,19:00:00 - 05:00,11-08-16,11-08-16
Meredith Town,Town Clerk,ocd-division/country:us/state:nh/place:meredith,www.meredithnh.org,(603) 677-4203,kparker@meredithnh.org,1 Circle Drive,Meredith,NH,3253,07:00:00 - 05:00,19:00:00 - 05:00,11-08-16,11-08-16
Merrimack Town,Town Clerk,ocd-division/country:us/state:nh/place:merrimack,www.merrimacknh.gov,(603) 424-3651,dtrippett@merrimacknh.gov,26 Baboosic Lake Road,Merrimack,NH,3054,07:00:00 - 05:00,19:00:00 - 05:00,11-08-16,11-08-16
Merrimack Town,Town Clerk,ocd-division/country:us/state:nh/place:merrimack,www.merrimacknh.gov,(603) 424-3651,dtrippett@merrimacknh.gov,31 Madeline Bennett Lane,Merrimack,NH,3054,07:00:00 - 05:00,19:00:00 - 05:00,11-08-16,11-08-16
Merrimack Town,Town Clerk,ocd-division/country:us/state:nh/place:merrimack,www.merrimacknh.gov,(603) 424-3651,dtrippett@merrimacknh.gov,"708 Milford Road, 101A",Merrimack,NH,3054,07:00:00 - 05:00,19:00:00 - 05:00,11-08-16,11-08-16
Middleton Town,Town Clerk,ocd-division/country:us/state:nh/place:middleton,www.middletonnh.gov,(603) 473-5210,tctx@middletonnh.gov,200 Kings Hwy,Middleton,NH,3887,08:00:00 - 05:00,19:00:00 - 05:00,11-08-16,11-08-16
Milan Town,Town Clerk,ocd-division/country:us/state:nh/place:milan,www.townofmilan.org,(603) 449-3461,milantownclerk@gmail.com,11 Bridge Street,Milan,NH,3588,08:00:00 - 05:00,19:00:00 - 05:00,11-08-16,11-08-16
Milford Town,Town Clerk,ocd-division/country:us/state:nh/place:milford,http://www.milford.nh.gov/,(603) 249-0650,plangell@milford.nh.gov,33 Osgood Road,Milford,NH,3055,06:00:00 - 05:00,20:00:00 - 05:00,11-08-16,11-08-16
Millsfield Township,Town Clerk,ocd-division/country:us/state:nh/place:millsfield,,(603) 482-3294,caploghaven@aol.com,469 Us Route 26,Errol,NH,3579,06:00:00 - 05:00,20:05:00 - 05:00,11-08-16,11-08-16
Milton Town,Town Clerk,ocd-division/country:us/state:nh/place:milton,www.miltonnh-us.com,(603) 652-4501,townclerktaxcollecter@miltonnh-us.com,370 White Mountain Hwy,Milton,NH,3851,08:00:00 - 05:00,19:00:00 - 05:00,11-08-16,11-08-16
Monroe Town,Town Clerk,ocd-division/country:us/state:nh/place:monroe,monroenh.org,(603) 638-2644,monroetc@roadrunner.com,50 Main Street,Monroe,NH,3771,08:00:00 - 05:00,19:00:00 - 05:00,11-08-16,11-08-16
Mont Vernon Town,Town Clerk,ocd-division/country:us/state:nh/place:mont_vernon,http://montvernonnh.us,(603) 673-9126,mvtownclerk@comcast.net,"Mont Vernon Village School, Harwood Road ",Mont Vernon,NH,3057,07:00:00 - 05:00,19:00:00 - 05:00,11-08-16,11-08-16
Moultonborough Town,Town Clerk,ocd-division/country:us/state:nh/place:moultonborough,www.moultonboroughnh.gov,(603) 476-2347,townclerk@moultonboroughnh.gov,1135 Whittier Hwy,Moultonborough,NH,3254,07:00:00 - 05:00,19:00:00 - 05:00,11-08-16,11-08-16
Nashua City,City Clerk,ocd-division/country:us/state:nh/place:nashua,www.nashuanh.gov,(603) 589-3010,cityclerkdept@nashuanh.gov,"Broad Street Elementary School, 390 Broad Street",Nashua,NH,3060,06:00:00 - 05:00,20:00:00 - 05:00,11-08-16,11-08-16
Nashua City,City Clerk,ocd-division/country:us/state:nh/place:nashua,www.nashuanh.gov,(603) 589-3010,cityclerkdept@nashuanh.gov,"Charlotte Avenue Elementary School, 48 Charlotte Avenue",Nashua,NH,3060,06:00:00 - 05:00,20:00:00 - 05:00,11-08-16,11-08-16
Nashua City,City Clerk,ocd-division/country:us/state:nh/place:nashua,www.nashuanh.gov,(603) 589-3010,cityclerkdept@nashuanh.gov,"Amherst Street Elementary School, 71 Amherst Street",Nashua,NH,3060,06:00:00 - 05:00,20:00:00 - 05:00,11-08-16,11-08-16
Nashua City,City Clerk,ocd-division/country:us/state:nh/place:nashua,www.nashuanh.gov,(603) 589-3010,cityclerkdept@nashuanh.gov,"Ledge Street Elementary School, 139 Ledge Street",Nashua,NH,3060,06:00:00 - 05:00,20:00:00 - 05:00,11-08-16,11-08-16
Nashua City,City Clerk,ocd-division/country:us/state:nh/place:nashua,www.nashuanh.gov,(603) 589-3010,cityclerkdept@nashuanh.gov,"Main Dunstable Elementary School,  20 Whitford Road",Nashua,NH,3060,06:00:00 - 05:00,20:00:00 - 05:00,11-08-16,11-08-16
Nashua City,City Clerk,ocd-division/country:us/state:nh/place:nashua,www.nashuanh.gov,(603) 589-3010,cityclerkdept@nashuanh.gov,"Fairgrounds Middle School, 27 Cleveland Street",Nashua,NH,3060,06:00:00 - 05:00,20:00:00 - 05:00,11-08-16,11-08-16
Nashua City,City Clerk,ocd-division/country:us/state:nh/place:nashua,www.nashuanh.gov,(603) 589-3010,cityclerkdept@nashuanh.gov,"Dr. Normand Crisp Elementary School, 50 Arlington Street",Nashua,NH,3060,06:00:00 - 05:00,20:00:00 - 05:00,11-08-16,11-08-16
Nashua City,City Clerk,ocd-division/country:us/state:nh/place:nashua,www.nashuanh.gov,(603) 589-3010,cityclerkdept@nashuanh.gov,"Bicentennial Elementary School, 296 East Dunstable Road",Nashua,NH,3060,06:00:00 - 05:00,20:00:00 - 05:00,11-08-16,11-08-16
Nashua City,City Clerk,ocd-division/country:us/state:nh/place:nashua,www.nashuanh.gov,(603) 589-3010,cityclerkdept@nashuanh.gov,"New Searles Elementary School, 39 Shady Lane",Nashua,NH,3060,06:00:00 - 05:00,20:00:00 - 05:00,11-08-16,11-08-16
Nelson Town,Town Clerk,ocd-division/country:us/state:nh/place:nelson,www.townofnelson.com,(603) 847-9043,townclerk@nelsonnh.us,7 Nelson Common Rd,Nelson,NH,3457,08:00:00 - 05:00,19:00:00 - 05:00,11-08-16,11-08-16
New Boston Town,Town Clerk,ocd-division/country:us/state:nh/place:new_boston,www.newbostonnh.gov,(603) 487-2500,i.baudreau@newbostonnh.gov,15 Central School Rd,New Boston,NH,3070,07:00:00 - 05:00,19:00:00 - 05:00,11-08-16,11-08-16
New Castle Town,Town Clerk,ocd-division/country:us/state:nh/place:new_castle,www.newcastlenh.org,(603) 431-6710,phnewcastle@yahoo.com,301 Wentworth Rd,New Castle,NH,3854,09:00:00 - 05:00,19:00:00 - 05:00,11-08-16,11-08-16
New Durham Town,Town Clerk,ocd-division/country:us/state:nh/place:new_durham,www.newdurhamnh.us,(603) 859-2091,ndclerk@metrocast.net,7 Old Bay Road,New Durham,NH,3855,08:00:00 - 05:00,19:00:00 - 05:00,11-08-16,11-08-16
New Hampton Town,Town Clerk,ocd-division/country:us/state:nh/place:new_hampton,www.new-hampton.nh.us,(603) 744-8454,ctorsey@new-hampton.nh.us,86 Town House Road,New Hampton,NH,3256,08:00:00 - 05:00,19:00:00 - 05:00,11-08-16,11-08-16
New Ipswich Town,Town Clerk,ocd-division/country:us/state:nh/place:new_ipswich,www.townofnewipswich.org,(603) 878-2772,townclerk@townofnewipswich.org,175 Turnpike Road,New Ipswich,NH,3071,07:00:00 - 05:00,19:00:00 - 05:00,11-08-16,11-08-16
New London Town,Town Clerk,ocd-division/country:us/state:nh/place:new_london,www.nl-nh.com,(603) 526-4821,tctc@nl-nh.com,429 Main Street,New London,NH,3257,07:00:00 - 05:00,19:00:00 - 05:00,11-08-16,11-08-16
Newbury Town,Town Clerk,ocd-division/country:us/state:nh/place:newbury,www.newburynh.org,(603) 763-5326,linda@newburynh.org,937 Route 103,Newbury,NH,3255,07:00:00 - 05:00,19:00:00 - 05:00,11-08-16,11-08-16
Newfields Town,Town Clerk,ocd-division/country:us/state:nh/place:newfields,www.newfieldsnh.gov,(603) 772-5070,townclerk@newfieldsnh.gov,65 Main Street,Newfields,NH,3856,07:00:00 - 05:00,19:00:00 - 05:00,11-08-16,11-08-16
Newington Town,Town Clerk,ocd-division/country:us/state:nh/place:newington,www.newington.nh.us,(603) 436-7640,lcoleman@townofnewingtonnh.com,205 Nimble Hill Rd,Newington,NH,3801,08:00:00 - 05:00,19:00:00 - 05:00,11-08-16,11-08-16
Newmarket Town,Town Clerk,ocd-division/country:us/state:nh/place:newmarket,www.newmarketnh.gov,(603) 659-3073,tlittlefield@newmarketnh.gov,213 South Main St,Newmarket,NH,3857,07:00:00 - 05:00,19:00:00 - 05:00,11-08-16,11-08-16
Newport Town,Town Clerk,ocd-division/country:us/state:nh/place:newport,www.newportnh.net,(603) 863-2224,clerk@newportnh.net,15 Sunapee Street,Newport,NH,3773,08:00:00 - 05:00,19:00:00 - 05:00,11-08-16,11-08-16
Newton Town,Town Clerk,ocd-division/country:us/state:nh/place:newton,www.newton-nh.gov,(603) 382-4096,townclerktaxcollector@newtonnh.net,2 Town Hall Road,Newton,NH,3858,08:00:00 - 05:00,20:00:00 - 05:00,11-08-16,11-08-16
North Hampton Town,Town Clerk,ocd-division/country:us/state:nh/place:north_hampton,www.northhampton-nh.gov,(603) 964-6029,sbuchanan@northhampton-nh.gov,231 Atlantic Avenue,North Hampton,NH,3862,08:00:00 - 05:00,19:00:00 - 05:00,11-08-16,11-08-16
Northfield Town,Town Clerk,ocd-division/country:us/state:nh/place:northfield,www.northfieldnh.org,(603) 286-4482,ccaveney@northfieldnh.org,61 Summer St,Northfield,NH,3276,08:00:00 - 05:00,19:00:00 - 05:00,11-08-16,11-08-16
Northumberland Town,Town Clerk,ocd-division/country:us/state:nh/place:northumberland,northumberlandnh.weebly.com,(603) 636-1451,northumberlandtownclerk@yahoo.com,10 Station Square,Groveton,NH,3582,08:00:00 - 05:00,19:00:00 - 05:00,11-08-16,11-08-16
Northwood Town,Town Clerk,ocd-division/country:us/state:nh/place:northwood,www.northwoodnh.org,(603) 942-5586,jpease@northwoodnh.org,844 First NH Tpke,Northwood,NH,3261,07:00:00 - 05:00,19:00:00 - 05:00,11-08-16,11-08-16
Nottingham Town,Town Clerk,ocd-division/country:us/state:nh/place:nottingham,www.nottingham-nh.gov,(603) 679-9598,sweston@nottingham-nh.gov,245 Stage Road,Nottingham,NH,3290,08:00:00 - 05:00,19:00:00 - 05:00,11-08-16,11-08-16
Orange Town,Town Clerk,ocd-division/country:us/state:nh/place:orange,www.orangenh.us,(603) 523-4467,orangetownclerk@myfairpoint.net,8 Town House Road,Orange,NH,3741,11:00:00 - 05:00,19:00:00 - 05:00,11-08-16,11-08-16
Orford Town,Town Clerk,ocd-division/country:us/state:nh/place:orford,www.orfordnh.us,(603) 353-4404,townclerk@orfordnh.us,2529 Route 25A,Orford,NH,3777,07:00:00 - 05:00,19:00:00 - 05:00,11-08-16,11-08-16
Ossipee Town,Town Clerk,ocd-division/country:us/state:nh/place:ossipee,www.ossipee.org,(603) 539-2008,tctc@ossipee.org,55 Main St,Ossipee,NH,3814,08:00:00 - 05:00,19:00:00 - 05:00,11-08-16,11-08-16
Pelham Town,Town Clerk,ocd-division/country:us/state:nh/place:pelham,www.pelhamweb.com,(603) 508-3076,townclerk@pelhamweb.com,85 Marsh Rd,Pelham,NH,3076,07:00:00 - 05:00,19:00:00 - 05:00,11-08-16,11-08-16
Pembroke Town,Town Clerk,ocd-division/country:us/state:nh/place:pembroke,www.pembroke-nh.com,(603) 485-4747,jgoff@pembroke-nh.com,243 Academy Road,Pembroke,NH,3275,07:00:00 - 05:00,19:00:00 - 05:00,11-08-16,11-08-16
Peterborough Town,Town Clerk,ocd-division/country:us/state:nh/place:peterborough,www.townofpeterborough.com,(603) 924-8000,townclerk@peterboroughnh.gov,25 Elm St,Peterborough,NH,3458,07:00:00 - 05:00,19:00:00 - 05:00,11-08-16,11-08-16
Piermont Town,Town Clerk,ocd-division/country:us/state:nh/place:piermont,www.townofpiermontnh.org,(603) 272-4840,piermont.town.clerk@gmail.com,129 Route 10,Piermont,NH,3779,10:00:00 - 05:00,19:00:00 - 05:00,11-08-16,11-08-16
Pinkham's Grant Township,Town Clerk,ocd-division/country:us/state:nh/place:pinkham~s_grant,www.gorhamnh.org,(603) 466-2744,cporter@gorhamnh.org,20 Park Street,Gorham,NH,3581,08:00:00 - 05:00,19:00:00 - 05:00,11-08-16,11-08-16
Pittsburg Town,Town Clerk,ocd-division/country:us/state:nh/place:pittsburg,www.pittsburg-nh.com,(603) 538-6699,pittsburg1nh@gmail.com,12 School St,Pittsburg,NH,3592,11:00:00 - 05:00,19:00:00 - 05:00,11-08-16,11-08-16
Pittsfield Town,Town Clerk,ocd-division/country:us/state:nh/place:pittsfield,www.pittsfieldnh.gov,(603) 435-6773,eanthony@pittsfieldnh.gov,85 Main Street,Pittsfield,NH,3263,07:00:00 - 05:00,19:00:00 - 05:00,11-08-16,11-08-16
Plainfield Town,Town Clerk,ocd-division/country:us/state:nh/place:plainfield,http://www.plainfieldnh.org/office.htm,(603) 469-3201,plainfield.ofc@plainfieldnh.org,92 Bonner Road ,Plainfield,NH,3781,08:00:00 - 05:00,19:00:00 - 05:00,11-08-16,11-08-16
Plaistow Town,Town Clerk,ocd-division/country:us/state:nh/place:plaistow,www.plaistow.com,(603) 382-8129,mpelletier@plaistow.com,120 Main Street,Plaistow,NH,3865,07:00:00 - 05:00,20:00:00 - 05:00,11-08-16,11-08-16
Plymouth Town,Town Clerk,ocd-division/country:us/state:nh/place:plymouth,www.plymouth-nh.org,(603) 536-1732,townclerk@plymouth-nh.org,43 Old Ward Bridge Rd,Plymouth,NH,3264,08:00:00 - 05:00,19:00:00 - 05:00,11-08-16,11-08-16
Portsmouth City,City Clerk,ocd-division/country:us/state:nh/place:portsmouth,www.cityofportsmouth.com,(603) 610-7207,klbarnaby@cityofportsmouth.com,1 Franklin Dr,Portsmouth,NH,3801,08:00:00 - 05:00,19:00:00 - 05:00,11-08-16,11-08-16
Portsmouth City,City Clerk,ocd-division/country:us/state:nh/place:portsmouth,www.cityofportsmouth.com,(603) 610-7207,klbarnaby@cityofportsmouth.com,155 Parrott Ave,Portsmouth,NH,3801,08:00:00 - 05:00,19:00:00 - 05:00,11-08-16,11-08-16
Portsmouth City,City Clerk,ocd-division/country:us/state:nh/place:portsmouth,www.cityofportsmouth.com,(603) 610-7207,klbarnaby@cityofportsmouth.com,35 Sherburne Rd,Portsmouth,NH,3801,08:00:00 - 05:00,19:00:00 - 05:00,11-08-16,11-08-16
Portsmouth City,City Clerk,ocd-division/country:us/state:nh/place:portsmouth,www.cityofportsmouth.com,(603) 610-7207,klbarnaby@cityofportsmouth.com,50 Andrew Jarvis Dr,Portsmouth,NH,3801,08:00:00 - 05:00,19:00:00 - 05:00,11-08-16,11-08-16
Portsmouth City,City Clerk,ocd-division/country:us/state:nh/place:portsmouth,www.cityofportsmouth.com,(603) 610-7207,klbarnaby@cityofportsmouth.com,50 Clough Dr,Portsmouth,NH,3801,08:00:00 - 05:00,19:00:00 - 05:00,11-08-16,11-08-16
Randolph Town,Town Clerk,ocd-division/country:us/state:nh/place:randolph,www.randolph.nh.gov,(603) 466-5771,townclerk@randolph.nh.gov,130 Durand Road,Randolph,NH,3593,11:00:00 - 05:00,19:00:00 - 05:00,11-08-16,11-08-16
Raymond Town,Town Clerk,ocd-division/country:us/state:nh/place:raymond,www.raymondnh.gov,(603) 895-4735,swalls@raymondnh.gov,1 Stephen K Batchelder Parkway,Raymond,NH,3077,07:00:00 - 05:00,19:00:00 - 05:00,11-08-16,11-08-16
Richmond Town,Town Clerk,ocd-division/country:us/state:nh/place:richmond,www.richmond.nh.gov,(603) 239-6202,richmondtownclerk@yahoo.com,105 Old Homestead Hwy,Richmond,NH,3470,08:00:00 - 05:00,19:00:00 - 05:00,11-08-16,11-08-16
Rindge Town,Town Clerk,ocd-division/country:us/state:nh/place:rindge,www.rindgenh.org,(603) 899-5181,townclerk@town.rindge.nh.us,58 School St,Rindge,NH,3461,07:00:00 - 05:00,19:00:00 - 05:00,11-08-16,11-08-16
Rochester City,City Clerk,ocd-division/country:us/state:nh/place:rochester,www.rochesternh.net,(603) 332-2130,kelly.walters@rochesternh.net,31 Wakefield St,Rochester,NH,3867,08:00:00 - 05:00,19:00:00 - 05:00,11-08-16,11-08-16
Rollinsford Town,Town Clerk,ocd-division/country:us/state:nh/place:rollinsford,www.rollinsford.nh.us,(603) 742-2510,kate.nesman@rollinsford.nh.us,551 Foundry Street,Rollinsford,NH,3869,07:00:00 - 05:00,19:00:00 - 05:00,11-08-16,11-08-16
Roxbury Town,Town Clerk,ocd-division/country:us/state:nh/place:roxbury,www.roxburynh.org,(603) 352-4903,roxburytownclerk@yahoo.com,3 Middletown Rd,Roxbury,NH,3431,11:00:00 - 05:00,19:00:00 - 05:00,11-08-16,11-08-16
Rumney Town,Town Clerk,ocd-division/country:us/state:nh/place:rumney,www.rumneynh.org,(603) 786-2237,townclerk@rumneynh.org,195 School St,Rumney,NH,3266,08:00:00 - 05:00,19:00:00 - 05:00,11-08-16,11-08-16
Rye Town,Town Clerk,ocd-division/country:us/state:nh/place:rye,www.town.rye.nh.us,(603) 964-8562,byeaton@town.rye.nh.us,461 Sagamore Rd,Rye,NH,3870,08:00:00 - 05:00,19:00:00 - 05:00,11-08-16,11-08-16
Salem Town,Town Clerk,ocd-division/country:us/state:nh/place:salem,www.townofsalemnh.org,(603) 890-2116,swall@ci.salem.nh.us,14 Main St,Salem,NH,3079,07:00:00 - 05:00,19:00:00 - 05:00,11-08-16,11-08-16
Salem Town,Town Clerk,ocd-division/country:us/state:nh/place:salem,www.townofsalemnh.org,(603) 890-2116,swall@ci.salem.nh.us,173 S Policy,Salem,NH,3079,07:00:00 - 05:00,19:00:00 - 05:00,11-08-16,11-08-16
Salem Town,Town Clerk,ocd-division/country:us/state:nh/place:salem,www.townofsalemnh.org,(603) 890-2116,swall@ci.salem.nh.us,55 Butler St,Salem,NH,3079,07:00:00 - 05:00,19:00:00 - 05:00,11-08-16,11-08-16
Salem Town,Town Clerk,ocd-division/country:us/state:nh/place:salem,www.townofsalemnh.org,(603) 890-2116,swall@ci.salem.nh.us,1 Sally Sweets Way,Salem,NH,3079,07:00:00 - 05:00,19:00:00 - 05:00,11-08-16,11-08-16
Salem Town,Town Clerk,ocd-division/country:us/state:nh/place:salem,www.townofsalemnh.org,(603) 890-2116,swall@ci.salem.nh.us,140 Zion Hill Rd,Salem,NH,3079,07:00:00 - 05:00,19:00:00 - 05:00,11-08-16,11-08-16
Salisbury Town,Town Clerk,ocd-division/country:us/state:nh/place:salisbury,www.salisburynh.org,(603) 648-6322,salisburyclerk@tds.net,645 Old Turnpike Rd,Salisbury,NH,3268,08:00:00 - 05:00,19:00:00 - 05:00,11-08-16,11-08-16
Sanbornton Town,Town Clerk,ocd-division/country:us/state:nh/place:sanbornton,www.sanborntonnh.org,(603) 286-4034,tctc@sanborntonnh.org,19 Meetinghouse Hill Rd,Sanbornton,NH,3269,07:00:00 - 05:00,19:00:00 - 05:00,11-08-16,11-08-16
Sandown Town,Town Clerk,ocd-division/country:us/state:nh/place:sandown,www.sandown.us,(603) 887-4870,mshort@sandown.us,320 Main Street,Sandown,NH,3873,08:00:00 - 05:00,20:00:00 - 05:00\,11-08-16,11-08-16
Sandwich Town,Town Clerk,ocd-division/country:us/state:nh/place:sandwich,sandwichnh.org,(603) 284-7113,tctcsandwich@cyberpine.net,8 Maple Street,Sandwich,NH,3227,08:00:00 - 05:00,19:00:00 - 05:00,11-08-16,11-08-16
Sargent's Purchase Township,Town Clerk,ocd-division/country:us/state:nh/place:sargent~s_purchase,,(603) 466-2744,cporter@gorhamnh.org,20 Park Street,Gorham,NH,3581,08:00:00 - 05:00,19:00:00 - 05:00,11-08-16,11-08-16
Seabrook Town,Town Clerk,ocd-division/country:us/state:nh/place:seabrook,www.seabrooknh.info,(603) 474-3152,townclerk@seabrooknh.org,99 Lafayette Road,Seabrook,NH,3874,07:00:00 - 05:00,19:00:00 - 05:00,11-08-16,11-08-16
Sharon Town,Town Clerk,ocd-division/country:us/state:nh/place:sharon,www.sharonnh.org,603-924-9250 or 603-831-6661,sharonnhtc@gmail.com,432 Rt 123,Sharon,NH,3458,11:00:00 - 05:00,19:00:00 - 05:00,11-08-16,11-08-16
Shelburne Town,Town Clerk,ocd-division/country:us/state:nh/place:shelburne,www.shelburnenh.com,(603) 466-2262,shelburntctx@gmail.com,74 Village Road,Shelburne,NH,3581,11:00:00 - 05:00,19:00:00 - 05:00,11-08-16,11-08-16
Somersworth City,City Clerk,ocd-division/country:us/state:nh/place:somersworth,www.somersworth.com,(603) 692-9511,tharris@somersworth.com,1 Government Way,Somersworth,NH,3878,07:00:00 - 05:00,17:00:00 - 05:00,11-08-16,11-08-16
Somersworth City,City Clerk,ocd-division/country:us/state:nh/place:somersworth,www.somersworth.com,(603) 692-9511,tharris@somersworth.com,157 Main St,Somersworth,NH,3878,07:00:00 - 05:00,17:00:00 - 05:00,11-08-16,11-08-16
Somersworth City,City Clerk,ocd-division/country:us/state:nh/place:somersworth,www.somersworth.com,(603) 692-9511,tharris@somersworth.com,25 Bartlett Ave,Somersworth,NH,3878,07:00:00 - 05:00,17:00:00 - 05:00,11-08-16,11-08-16
Somersworth City,City Clerk,ocd-division/country:us/state:nh/place:somersworth,www.somersworth.com,(603) 692-9511,tharris@somersworth.com,28 Franklin St,Somersworth,NH,3878,07:00:00 - 05:00,17:00:00 - 05:00,11-08-16,11-08-16
Somersworth City,City Clerk,ocd-division/country:us/state:nh/place:somersworth,www.somersworth.com,(603) 692-9511,tharris@somersworth.com,218 Main St,Somersworth,NH,3878,07:00:00 - 05:00,17:00:00 - 05:00,11-08-16,11-08-16
South Hampton Town,Town Clerk,ocd-division/country:us/state:nh/place:south_hampton,southhamptonnh.org,(603) 394-7696,townclerk@townsh.comcastbiz.net,3 Hilldale Ave,South Hampton,NH,3827,11:00:00 - 05:00,20:00:00 - 05:00,11-08-16,11-08-16
Springfield Town,Town Clerk,ocd-division/country:us/state:nh/place:springfield,www.springfieldnh.org,(603) 763-4805,townclerk@springfieldnh.org,23 Four Corners Road,Springfield,NH,3284,08:00:00 - 05:00,19:00:00 - 05:00,11-08-16,11-08-16
Stark Town,Town Clerk,ocd-division/country:us/state:nh/place:stark,,(603) 636-2118,starktownof@myfairpoint.net,1276 Stark Hwy,Stark,NH,3582,09:00:00 - 05:00,19:00:00 - 05:00,11-08-16,11-08-16
Stewartstown Town,Town Clerk,ocd-division/country:us/state:nh/place:stewartstown,,(603) 246-3329,townofstewartstown@hotmail.com,60 School St,W Stewartstown,NH,3597,11:00:00 - 05:00,19:00:00 - 05:00,11-08-16,11-08-16
Stoddard Town,Town Clerk,ocd-division/country:us/state:nh/place:stoddard,www.stoddardnh.org,(603) 446-2214,townclerkstoddard@live.com,1450 Route 123 North,Stoddard,NH,3464,08:00:00 - 05:00,19:00:00 - 05:00,11-08-16,11-08-16
Strafford Town,Town Clerk,ocd-division/country:us/state:nh/place:strafford,www.strafford.nh.gov,(603) 664-2192,townclerk@strafford.k12.nh.us,12 Mountain View Dr,Strafford,NH,3884,08:00:00 - 05:00,19:00:00 - 05:00,11-08-16,11-08-16
Stratford Town,Town Clerk,ocd-division/country:us/state:nh/place:stratford,www.stratfordnh.org,(603) 922-5546,townofstratford@gmail.com,1956 US Rte. 3,Stratford,NH,3590,10:00:00 - 05:00,19:00:00 - 05:00,11-08-16,11-08-16
Stratham Town,Town Clerk,ocd-division/country:us/state:nh/place:stratham,http://www.strathamnh.gov/Pages/StrathamNH_Voting/index,(603) 772-4741,jcharbonneau@strathamnh.gov,10 Bunker Hill Ave,Stratham,NH,3885,08:00:00 - 05:00,20:00:00 - 05:00,11-08-16,11-08-16
Sugar Hill Town,Town Clerk,ocd-division/country:us/state:nh/place:sugar_hill,www.sugarhillnh.org,(603) 823-8516,townclerk@sugarhillnh.org,1411 Route 117,Sugar Hill,NH,3586,11:00:00 - 05:00,19:00:00 - 05:00,11-08-16,11-08-16
Sullivan Town,Town Clerk,ocd-division/country:us/state:nh/place:sullivan,www.ci.sullivan.nh.us,(603) 847-3316,sullivantownclerk@myfairpoint.net,452 Centre St,Sullivan,NH,3445,08:00:00 - 05:00,19:00:00 - 05:00,11-08-16,11-08-16
Sunapee Town,Town Clerk,ocd-division/country:us/state:nh/place:sunapee,www.town.sunapee.nh.us,(603) 763-2449,betty@town.sunapee.nh.us,561 Route 11 ,Sunapee,NH,3782,08:00:00 - 05:00,19:00:00 - 05:00,11-08-16,11-08-16
Surry Town,Town Clerk,ocd-division/country:us/state:nh/place:surry,http://surry.nh.gov/,(603) 352-3075,surrytown@hotmail.com,1 Village Road,Surry,NH,3431,11:00:00 - 05:00,19:00:00 - 05:00,11-08-16,11-08-16
Sutton Town,Town Clerk,ocd-division/country:us/state:nh/place:sutton,www.sutton-nh.gov,(603) 927-4575,lfordtctc@hotmail.com,93 Main Street,Sutton Mills,NH,3221,08:00:00 - 05:00,19:00:00 - 05:00,11-08-16,11-08-16
Swanzey Town,Town Clerk,ocd-division/country:us/state:nh/place:swanzey,www.town.swanzey.nh.us,(603) 352-7411,dmunson@town.swanzey.nh.us,211 Whitcomb Rd,Swanzey,NH,3446,08:00:00 - 05:00,19:00:00 - 05:00,11-08-16,11-08-16
Tamworth Town,Town Clerk,ocd-division/country:us/state:nh/place:tamworth,www.tamworthnh.org,(603) 323-7971,tamworthtownclerk~lksjdf~roadrunner.com,27 Cleveland Hill Rd,Tamworth,NH,3886,08:00:00 - 05:00,19:00:00 - 05:00,11-08-16,11-08-16
Temple Town,Town Clerk,ocd-division/country:us/state:nh/place:temple,http://templenh.org,(603) 878-3873,templeclerk@comcast.net,19 Main St Temple,Temple,NH,3084,08:00:00 - 05:00,19:00:00 - 05:00,11-08-16,11-08-16
Thornton Town,Town Clerk,ocd-division/country:us/state:nh/place:thornton,www.thorntonnh.org,(603) 726-4232,townclerk@thorntonnh.org,16 Merrill Access Rd.,Thornton,NH,3285,08:00:00 - 05:00,19:00:00 - 05:00,11-08-16,11-08-16
Tilton Town,Town Clerk,ocd-division/country:us/state:nh/place:tilton,www.tiltonnh.org,(603) 286-4425,tctc@tiltonnh.org,435 W Main St,Tilton,NH,3276,08:00:00 - 05:00,19:00:00 - 05:00,11-08-16,11-08-16
Troy Town,Town Clerk,ocd-division/country:us/state:nh/place:troy,,(603) 242-3845,taxcollector@troy-nh.us,61 South St,Troy,NH,3465,08:00:00 - 05:00,19:00:00 - 05:00,11-08-16,11-08-16
Tuftonboro Town,Town Clerk,ocd-division/country:us/state:nh/place:tuftonboro,www.tuftonboro.org,(603) 569-4539,townclerk@tuftonboro.org,247 Middle Road,Tuftonboro,NH,3816,08:00:00 - 05:00,19:00:00 - 05:00,11-08-16,11-08-16
Unity Town,Town Clerk,ocd-division/country:us/state:nh/place:unity,,(603) 542-9665,townofunity@myfairpoint.net,896 2Nd Nh Tpke,Unity,NH,3603,08:00:00 - 05:00,19:00:00 - 05:00,11-08-16,11-08-16
Wakefield Town,Town Clerk,ocd-division/country:us/state:nh/place:wakefield,www.wakefieldnh.com,(603) 522-6205,townclerk@wakefieldnh.com,60 Taylor Way,Sanbornville,NH,3872,08:00:00 - 05:00,19:00:00 - 05:00,11-08-16,11-08-16
Walpole Town,Town Clerk,ocd-division/country:us/state:nh/place:walpole,www.walpolenh.us,(603) 756-3514,ssmith@walpolenh.us,34 Elm Street,Walpole,NH,3608,08:00:00 - 05:00,19:00:00 - 05:00,11-08-16,11-08-16
Walpole Town,Town Clerk,ocd-division/country:us/state:nh/place:walpole,www.walpolenh.us,(603) 756-3514,ssmith@walpolenh.us,39 Church St,North Walpole,NH,3609,08:00:00 - 05:00,19:00:00 - 05:00,11-08-16,11-08-16
Warner Town,Town Clerk,ocd-division/country:us/state:nh/place:warner,www.warner.nh.us,(603) 456-2298,townclerk@warner.nh.us,5 East Main St,Warner,NH,3278,07:00:00 - 05:00,19:00:00 - 05:00,11-08-16,11-08-16
Warren Town,Town Clerk,ocd-division/country:us/state:nh/place:warren,www.warren-nh.com,(603) 764-7705,warrentownclerk@gmail.com,8 Water Street,Warren,NH,3279,09:00:00 - 05:00,19:00:00 - 05:00,11-08-16,11-08-16
Washington Town,Town Clerk,ocd-division/country:us/state:nh/place:washington,www.washingtonnh.org,(603) 495-3667,spoole@washingtonnh.org,7 Halfmoon Pond Rd,Washington,NH,3280,08:00:00 - 05:00,19:00:00 - 05:00,11-08-16,11-08-16
Waterville Valley Town,Town Clerk,ocd-division/country:us/state:nh/place:waterville_valley,www.watervillevalley.org,(603) 236-4730,wvtownclerk@watervillevalley.org,11 Noon Peak Rd,Waterville Valley,NH,3215,11:00:00 - 05:00,19:00:00 - 05:00,11-08-16,11-08-16
Weare Town,Town Clerk,ocd-division/country:us/state:nh/place:weare,www.weare.nh.gov,(603) 529-7575,mbillodeau@weare.nh.gov,15 Flanders Memorial Rd,Weare,NH,3281,07:00:00 - 05:00,19:00:00 - 05:00,11-08-16,11-08-16
Webster Town,Town Clerk,ocd-division/country:us/state:nh/place:webster,www.webster-nh.gov,(603) 648-2538,townclerk@webster-nh.gov,945 Battle St,Webster,NH,3303,08:00:00 - 05:00,19:00:00 - 05:00,11-08-16,11-08-16
Wentworth Town,Town Clerk,ocd-division/country:us/state:nh/place:wentworth,www.wentworth-nh.org,(603) 764-5244,townclerk@wentworth-nh.org,1247 Mount Moosilauke Hwy,Wentworth,NH,3282,08:00:00 - 05:00,19:00:00 - 05:00,11-08-16,11-08-16
Wentworth's Location Township,Town Clerk,ocd-division/country:us/state:nh/place:wentworth~s_location,,(603) 482-3351,erroltownclerk@gmail.com,33 Main St.,Wentworth's Location,NH,3579,08:00:00 - 05:00,19:00:00 - 05:00,11-08-16,11-08-16
Westmoreland Town,Town Clerk,ocd-division/country:us/state:nh/place:westmoreland,www.westmorelandnh.com,(603) 399-4471,mklmfarm@aol.com,780 Rte 63,Westmoreland,NH,3467,08:00:00 - 05:00,19:00:00 - 05:00,11-08-16,11-08-16
Whitefield Town,Town Clerk,ocd-division/country:us/state:nh/place:whitefield,www.whitefieldnh.org,(603) 837-9871,whitefieldtownclerk@ne.rr.com,16 Highland St.,Whitefield,NH,3598,08:00:00 - 05:00,19:00:00 - 05:00,11-08-16,11-08-16
Wilmot Town,Town Clerk,ocd-division/country:us/state:nh/place:wilmot,www.wilmotnh.org,603-526-9639,townofwilmot_tc@comcast.net,9 Kearsarge Valley Road,Wilmot,NH,3287,08:00:00 - 05:00,19:00:00 - 05:00,11-08-16,11-08-16
Wilton Town,Town Clerk,ocd-division/country:us/state:nh/place:wilton,www.ci.wilton.nh.us,(603) 654-9451,jfarrell@wiltonnh.org,42 Main St,Wilton,NH,3086,08:00:00 - 05:00,19:00:00 - 05:00,11-08-16,11-08-16
Winchester Town,Town Clerk,ocd-division/country:us/state:nh/place:winchester,www.winchester-nh.gov,(603) 239-6233,jtetreault@winchester.nh.gov,1 Richmond Road,Winchester,NH,3470,08:00:00 - 05:00,19:00:00 - 05:00,11-08-16,11-08-16
Windham Town,Town Clerk,ocd-division/country:us/state:nh/place:windham,www.windhamnewhampshire.com,(603) 434-5075,nbottai@windhamnewhampshire.com,64 London Bridge Road,Windham,NH,3087,07:00:00 - 05:00,20:00:00 - 05:00,11-08-16,11-08-16
Windsor Town,Town Clerk,ocd-division/country:us/state:nh/place:windsor,windsornh.org,(603) 478-3292,windsor.nhtownclerk@gsinet.net,14 White Pond Road,Windsor,NH,3244,11:00:00 - 05:00,19:00:00 - 05:00,11-08-16,11-08-16
Wolfeboro Town,Town Clerk,ocd-division/country:us/state:nh/place:wolfeboro,www.wolfeboronh.us,(603) 569-5328,townclerk@wolfeboronh.us,84 S Main Street,Wolfeboro,NH,3894,08:00:00 - 05:00,19:00:00 - 05:00,11-08-16,11-08-16
Woodstock Town,Town Clerk,ocd-division/country:us/state:nh/place:woodstock,www.woodstocknh.org,(603) 745-8752,townclerk@woodstocknh.org,"US Rt 3, Daniel Webster Hwy",Woodstock,NH,3262,08:00:00 - 05:00,19:00:00 - 05:00,11-08-16,11-08-16
