officename,Name,Address,Address2,directions,city,state,zip,start time,end time,Start date,End date,Is by appointment,ocdidCHALKYITSIK CITY,CHALKYITSIK VILLAGE COUNCIL, 102 Bell St,,,CHALKYITSIK,AK,99788,08:00:00 - 08:00,17:00:00 - 08:00,10/24/16,10/28/16,,ocd-division/country:us/state:ak/sldl:6CHALKYITSIK CITY,CHALKYITSIK VILLAGE COUNCIL, 102 Bell St,,,CHALKYITSIK,AK,99788,08:00:00 - 08:00,17:00:00 - 08:00,10/31/16,11/4/16,,ocd-division/country:us/state:ak/sldl:6CHALKYITSIK CITY,CHALKYITSIK VILLAGE COUNCIL, 102 Bell St,,,CHALKYITSIK,AK,99788,08:00:00 - 08:00,17:00:00 - 08:00,11/7/16,11/7/16,,ocd-division/country:us/state:ak/sldl:6CHISTOCHINA City,Cheesh'na Tribal Council, Mile 34 Tok Cutoff,,,Gakona,AK,99586,08:00:00 - 08:00,17:00:00 - 08:00,10/24/16,10/28/16,,ocd-division/country:us/state:ak/sldl:6CHISTOCHINA City,Cheesh'na Tribal Council, Mile 34 Tok Cutoff,,,Gakona,AK,99586,08:00:00 - 08:00,17:00:00 - 08:00,10/31/16,11/4/16,,ocd-division/country:us/state:ak/sldl:6CHISTOCHINA City,Cheesh'na Tribal Council, Mile 34 Tok Cutoff,,,Gakona,AK,99586,08:00:00 - 08:00,17:00:00 - 08:00,11/7/16,11/7/16,,ocd-division/country:us/state:ak/sldl:6CIRCLE City,CIRCLE TRIBAL COUNCIL COUNCIL OFFICE, Box 16,,,Circle,AK,99733,08:00:00 - 08:00,17:00:00 - 08:00,10/24/16,10/28/16,,ocd-division/country:us/state:ak/sldl:6CIRCLE City,CIRCLE TRIBAL COUNCIL COUNCIL OFFICE, Box 16,,,Circle,AK,99733,08:00:00 - 08:00,17:00:00 - 08:00,10/31/16,11/4/16,,ocd-division/country:us/state:ak/sldl:6CIRCLE City,CIRCLE TRIBAL COUNCIL COUNCIL OFFICE, Box 16,,,Circle,AK,99733,08:00:00 - 08:00,17:00:00 - 08:00,11/7/16,11/7/16,,ocd-division/country:us/state:ak/sldl:6Copper Center City ,Native Village of Kluti Kaah, Mile 104 Old Richardson HWY,,,Copper Center,AK,99573,08:00:00 - 08:00,17:00:00 - 08:00,10/24/16,10/28/16,,ocd-division/country:us/state:ak/sldl:6Copper Center City ,Native Village of Kluti Kaah, Mile 104 Old Richardson HWY,,,Copper Center,AK,99573,08:00:00 - 08:00,17:00:00 - 08:00,10/31/16,11/4/16,,ocd-division/country:us/state:ak/sldl:6Copper Center City ,Native Village of Kluti Kaah, Mile 104 Old Richardson HWY,,,Copper Center,AK,99573,08:00:00 - 08:00,17:00:00 - 08:00,11/7/16,11/7/16,,ocd-division/country:us/state:ak/sldl:6NENANA,NENANA CITY CLERKS OFFICE,307 2nd St,,,NENANA,AK,99760,08:00:00 - 08:00,17:00:00 - 08:00,10/24/16,10/28/16,,ocd-division/country:us/state:ak/sldl:6NENANA,NENANA CITY CLERKS OFFICE,307 2nd St,,,NENANA,AK,99760,08:00:00 - 08:00,17:00:00 - 08:00,10/31/16,11/4/16,,ocd-division/country:us/state:ak/sldl:6NENANA,NENANA CITY CLERKS OFFICE,307 2nd St,,,NENANA,AK,99760,08:00:00 - 08:00,17:00:00 - 08:00,11/7/16,11/7/16,,ocd-division/country:us/state:ak/sldl:6NORTHWAY,NORTHWAY VILLAGE COUNCIL,1 Circle Drive,,,Northway,AK,99764,08:00:00 - 08:00,12:00:00 - 08:00,10/24/16,10/28/16,,ocd-division/country:us/state:ak/sldl:6NORTHWAY,NORTHWAY VILLAGE COUNCIL,1 Circle Drive,,,Northway,AK,99764,08:00:00 - 08:00,12:00:00 - 08:00,10/31/16,11/4/16,,ocd-division/country:us/state:ak/sldl:6NORTHWAY,NORTHWAY VILLAGE COUNCIL,1 Circle Drive,,,Northway,AK,99764,08:00:00 - 08:00,12:00:00 - 08:00,11/7/16,11/7/16,,ocd-division/country:us/state:ak/sldl:6TANANA,TANANA TRIBAL COUNCIL,"TRIBAL OFFICE, 130 Front St",,,Tanana,AK,99777,08:00:00 - 08:00,17:00:00 - 08:00,10/24/16,10/28/16,,ocd-division/country:us/state:ak/sldl:6TANANA,TANANA TRIBAL COUNCIL,"TRIBAL OFFICE, 130 Front St",,,Tanana,AK,99777,08:00:00 - 08:00,17:00:00 - 08:00,10/31/16,11/4/16,,ocd-division/country:us/state:ak/sldl:6TANANA,TANANA TRIBAL COUNCIL,"TRIBAL OFFICE, 130 Front St",,,Tanana,AK,99777,08:00:00 - 08:00,17:00:00 - 08:00,11/7/16,11/7/16,,ocd-division/country:us/state:ak/sldl:6VENETIE,VENETIE VILLAGE COUNCIL,"COUNCIL OFFICE, 110 Woodyard Rd",,,Venetie,AK,99781,08:00:00 - 08:00,17:00:00 - 08:00,10/24/16,10/28/16,,ocd-division/country:us/state:ak/sldl:6VENETIE,VENETIE VILLAGE COUNCIL,"COUNCIL OFFICE, 110 Woodyard Rd",,,Venetie,AK,99781,08:00:00 - 08:00,17:00:00 - 08:00,10/31/16,11/4/16,,ocd-division/country:us/state:ak/sldl:6VENETIE,VENETIE VILLAGE COUNCIL,"COUNCIL OFFICE, 110 Woodyard Rd",,,Venetie,AK,99781,08:00:00 - 08:00,17:00:00 - 08:00,11/7/16,11/7/16,,ocd-division/country:us/state:ak/sldl:6SEWARD,SEWARD CITY CLERK'S OFFICE,410 ADAMS ST,,,Seward,AK,99664,08:00:00 - 08:00,17:00:00 - 08:00,10/24/16,10/28/16,,ocd-division/country:us/state:ak/sldl:29SEWARD,SEWARD CITY CLERK'S OFFICE,410 ADAMS ST,,,Seward,AK,99664,08:00:00 - 08:00,17:00:00 - 08:00,10/31/16,11/4/16,,ocd-division/country:us/state:ak/sldl:29SEWARD,SEWARD CITY CLERK'S OFFICE,410 ADAMS ST,,,Seward,AK,99664,08:00:00 - 08:00,17:00:00 - 08:00,11/7/16,11/7/16,,ocd-division/country:us/state:ak/sldl:29Cordova City,CORDOVA CENTER, 601 FIRST ST,,,Cordova,AK,99574,08:00:00 - 08:00,16:30:00 - 08:00,10/24/16,10/28/16,,ocd-division/country:us/state:ak/sldl:32Cordova City,CORDOVA CENTER, 601 FIRST ST,,,Cordova,AK,99574,08:00:00 - 08:00,16:30:00 - 08:00,10/31/16,11/4/16,,ocd-division/country:us/state:ak/sldl:32Cordova City,CORDOVA CENTER, 601 FIRST ST,,,Cordova,AK,99574,08:00:00 - 08:00,16:30:00 - 08:00,11/7/16,11/7/16,,ocd-division/country:us/state:ak/sldl:32Haines City ,HAINES BOROUGH CLERK'S OFFICE,103 THIRD AVE,,,Haines,AK,99827,08:00:00 - 08:00,17:00:00 - 08:00,10/24/16,10/28/16,,ocd-division/country:us/state:ak/sldl:33Haines City ,HAINES BOROUGH CLERK'S OFFICE,103 THIRD AVE,,,Haines,AK,99827,08:00:00 - 08:00,17:00:00 - 08:00,10/31/16,11/4/16,,ocd-division/country:us/state:ak/sldl:33Haines City ,HAINES BOROUGH CLERK'S OFFICE,103 THIRD AVE,,,Haines,AK,99827,08:00:00 - 08:00,17:00:00 - 08:00,11/7/16,11/7/16,,ocd-division/country:us/state:ak/sldl:33SKAGWAY,SKAGWAY MUNICIPAL CLERK'S OFFICE,700 SPRING ST,,,Skagway,AK,99840,08:00:00 - 08:00,17:00:00 - 08:00,10/24/16,10/28/16,,ocd-division/country:us/state:ak/sldl:33SKAGWAY,SKAGWAY MUNICIPAL CLERK'S OFFICE,700 SPRING ST,,,Skagway,AK,99840,08:00:00 - 08:00,17:00:00 - 08:00,10/31/16,11/4/16,,ocd-division/country:us/state:ak/sldl:33SKAGWAY,SKAGWAY MUNICIPAL CLERK'S OFFICE,700 SPRING ST,,,Skagway,AK,99840,08:00:00 - 08:00,17:00:00 - 08:00,11/7/16,11/7/16,,ocd-division/country:us/state:ak/sldl:33Craig City,CRAIG CITY CLERK'S OFFICE, 500 3RD ST,,,Craig,AK,99921,08:00:00 - 08:00,17:00:00 - 08:00,10/24/16,10/28/16,,ocd-division/country:us/state:ak/sldl:35Craig City,CRAIG CITY CLERK'S OFFICE, 500 3RD ST,,,Craig,AK,99921,08:00:00 - 08:00,17:00:00 - 08:00,10/31/16,11/4/16,,ocd-division/country:us/state:ak/sldl:35Craig City,CRAIG CITY CLERK'S OFFICE, 500 3RD ST,,,Craig,AK,99921,08:00:00 - 08:00,17:00:00 - 08:00,11/7/16,11/7/16,,ocd-division/country:us/state:ak/sldl:35Hoonah City ,HOONAH CITY CLERK'S OFFICE,300 FRONT ST,,,Hoonah,AK,99829,08:00:00 - 08:00,16:00:00 - 08:00,10/24/16,10/28/16,,ocd-division/country:us/state:ak/sldl:35Hoonah City ,HOONAH CITY CLERK'S OFFICE,300 FRONT ST,,,Hoonah,AK,99829,08:00:00 - 08:00,16:00:00 - 08:00,10/31/16,11/4/16,,ocd-division/country:us/state:ak/sldl:35Hoonah City ,HOONAH CITY CLERK'S OFFICE,300 FRONT ST,,,Hoonah,AK,99829,08:00:00 - 08:00,16:00:00 - 08:00,11/7/16,11/7/16,,ocd-division/country:us/state:ak/sldl:35PELICAN,PELICAN CITY CLERK'S OFFICE,"Pelican City Hall, 106 Salmon Way",,,Pelican,AK,99832,08:00:00 - 08:00,16:30:00 - 08:00,10/24/16,10/28/16,,ocd-division/country:us/state:ak/sldl:35PELICAN,PELICAN CITY CLERK'S OFFICE,"Pelican City Hall, 106 Salmon Way",,,Pelican,AK,99832,08:00:00 - 08:00,16:30:00 - 08:00,10/31/16,11/4/16,,ocd-division/country:us/state:ak/sldl:35PELICAN,PELICAN CITY CLERK'S OFFICE,"Pelican City Hall, 106 Salmon Way",,,Pelican,AK,99832,08:00:00 - 08:00,16:30:00 - 08:00,11/7/16,11/7/16,,ocd-division/country:us/state:ak/sldl:35SITKA,SITKA MUNICIPAL CLERK'S OFFICE,100 LINCOLN ST,,,Sitka,AK,99835,08:00:00 - 08:00,17:00:00 - 08:00,10/24/16,10/28/16,,ocd-division/country:us/state:ak/sldl:35SITKA,SITKA MUNICIPAL CLERK'S OFFICE,100 LINCOLN ST,,,Sitka,AK,99835,08:00:00 - 08:00,17:00:00 - 08:00,10/31/16,11/4/16,,ocd-division/country:us/state:ak/sldl:35SITKA,SITKA MUNICIPAL CLERK'S OFFICE,100 LINCOLN ST,,,Sitka,AK,99835,08:00:00 - 08:00,17:00:00 - 08:00,11/7/16,11/7/16,,ocd-division/country:us/state:ak/sldl:35PORT PROTECTION,WOODEN WHEEL COVE TRADING POST,29 Port Protection Road,,,PORT PROTECTION,AK,99901,08:00:00 - 08:00,18:00:00 - 08:00,10/24/16,10/28/16,,ocd-division/country:us/state:ak/sldl:35PORT PROTECTION,WOODEN WHEEL TRADING POST,29 Port Protection Road,,,PORT PROTECTION,AK,99901,08:00:00 - 08:00,18:00:00 - 08:00,10/31/16,11/4/16,,ocd-division/country:us/state:ak/sldl:35PORT PROTECTION,WOODEN WHEEL TRADING POST,29 Port Protection Road,,,PORT PROTECTION,AK,99901,08:00:00 - 08:00,18:00:00 - 08:00,11/7/16,11/7/16,,ocd-division/country:us/state:ak/sldl:35KETCHIKAN,KETCHIKAN BOROUGH CLERK'S OFFICE,"1900 FIRST AVE, STE 115",,,Ketchikan,AK,99901,08:00:00 - 08:00,17:00:00 - 08:00,10/24/16,10/28/16,,ocd-division/country:us/state:ak/sldl:36KETCHIKAN,KETCHIKAN BOROUGH CLERK'S OFFICE,"1900 FIRST AVE, STE 115",,,Ketchikan,AK,99901,08:00:00 - 08:00,17:00:00 - 08:00,10/31/16,11/4/16,,ocd-division/country:us/state:ak/sldl:36KETCHIKAN,KETCHIKAN BOROUGH CLERK'S OFFICE,"1900 FIRST AVE, STE 115",,,Ketchikan,AK,99901,08:00:00 - 08:00,17:00:00 - 08:00,11/7/16,11/7/16,,ocd-division/country:us/state:ak/sldl:36KETCHIKAN,KETCHIKAN CITY CLERK'S OFFICE,334 FRONT STREET,,,Ketchikan,AK,99901,08:00:00 - 08:00,17:00:00 - 08:00,10/24/16,10/28/16,,ocd-division/country:us/state:ak/sldl:36KETCHIKAN,KETCHIKAN CITY CLERK'S OFFICE,334 FRONT STREET,,,Ketchikan,AK,99901,08:00:00 - 08:00,17:00:00 - 08:00,10/31/16,11/4/16,,ocd-division/country:us/state:ak/sldl:36KETCHIKAN,KETCHIKAN CITY CLERK'S OFFICE,334 FRONT STREET,,,Ketchikan,AK,99901,08:00:00 - 08:00,17:00:00 - 08:00,11/7/16,11/7/16,,ocd-division/country:us/state:ak/sldl:36METLAKATLA,METLAKATLA SECRETARY'S OFFICE,5 Milton St,,,METLAKATLA,AK,99926,08:00:00 - 08:00,16:30:00 - 08:00,10/24/16,10/28/16,,ocd-division/country:us/state:ak/sldl:36METLAKATLA,METLAKATLA SECRETARY'S OFFICE,5 Milton St,,,METLAKATLA,AK,99926,08:00:00 - 08:00,16:30:00 - 08:00,10/31/16,11/4/16,,ocd-division/country:us/state:ak/sldl:36METLAKATLA,METLAKATLA SECRETARY'S OFFICE,5 Milton St,,,METLAKATLA,AK,99926,08:00:00 - 08:00,16:30:00 - 08:00,11/7/16,11/7/16,,ocd-division/country:us/state:ak/sldl:36Adak City,Adak City Clerk's Office, 100 Mechanical Street,,,Adak,AK,99546,08:00:00 - 08:00,17:00:00 - 08:00,10/24/16,10/28/16,,ocd-division/country:us/state:ak/sldl:37Adak City,Adak City Clerk's Office, 100 Mechanical Street,,,Adak,AK,99546,08:00:00 - 08:00,17:00:00 - 08:00,10/31/16,11/4/16,,ocd-division/country:us/state:ak/sldl:37Adak City,Adak City Clerk's Office, 100 Mechanical Street,,,Adak,AK,99546,08:00:00 - 08:00,17:00:00 - 08:00,11/7/16,11/7/16,,ocd-division/country:us/state:ak/sldl:37Akutan City,AKUTAN CITY HALL, 109 WINDY WAY,,,Akutan,AK,99553,08:00:00 - 08:00,17:00:00 - 08:00,10/24/16,10/28/16,,ocd-division/country:us/state:ak/sldl:37Akutan City,AKUTAN CITY HALL, 109 WINDY WAY,,,Akutan,AK,99553,08:00:00 - 08:00,17:00:00 - 08:00,10/31/16,11/4/16,,ocd-division/country:us/state:ak/sldl:37Akutan City,AKUTAN CITY HALL, 109 WINDY WAY,,,Akutan,AK,99553,08:00:00 - 08:00,17:00:00 - 08:00,11/7/16,11/7/16,,ocd-division/country:us/state:ak/sldl:37Aleknagik City,ALEKNAGIK TRADITIONAL COUNCIL BUILDING, LAKE STREET,,,Aleknagik,AK,99555,08:00:00 - 08:00,17:00:00 - 08:00,10/24/16,10/28/16,,ocd-division/country:us/state:ak/sldl:37Aleknagik City,ALEKNAGIK TRADITIONAL COUNCIL BUILDING, LAKE STREET,,,Aleknagik,AK,99555,08:00:00 - 08:00,17:00:00 - 08:00,10/31/16,11/4/16,,ocd-division/country:us/state:ak/sldl:37Aleknagik City,ALEKNAGIK TRADITIONAL COUNCIL BUILDING, LAKE STREET,,,Aleknagik,AK,99555,08:00:00 - 08:00,17:00:00 - 08:00,11/7/16,11/7/16,,ocd-division/country:us/state:ak/sldl:37Chignik City,CHIGNIK BAY CITY OFFICE, 125 TSUNAMI RD,,,Chignik,AK,99564,08:00:00 - 08:00,17:00:00 - 08:00,10/24/16,10/28/16,,ocd-division/country:us/state:ak/sldl:37Chignik City,CHIGNIK BAY CITY OFFICE, 125 TSUNAMI RD,,,Chignik,AK,99564,08:00:00 - 08:00,17:00:00 - 08:00,10/31/16,11/4/16,,ocd-division/country:us/state:ak/sldl:37Chignik City,CHIGNIK BAY CITY OFFICE, 125 TSUNAMI RD,,,Chignik,AK,99564,08:00:00 - 08:00,17:00:00 - 08:00,11/7/16,11/7/16,,ocd-division/country:us/state:ak/sldl:37Chignik Lagoon City,Chignik Lagoon Village Council, 427 Airport Rd,,,Chignik Lagoon,AK,99565,08:00:00 - 08:00,17:00:00 - 08:00,10/24/16,10/28/16,,ocd-division/country:us/state:ak/sldl:37Chignik Lagoon City,Chignik Lagoon Village Council, 427 Airport Rd,,,Chignik Lagoon,AK,99565,08:00:00 - 08:00,17:00:00 - 08:00,10/31/16,11/4/16,,ocd-division/country:us/state:ak/sldl:37Chignik Lagoon City,Chignik Lagoon Village Council, 427 Airport Rd,,,Chignik Lagoon,AK,99565,08:00:00 - 08:00,17:00:00 - 08:00,11/7/16,11/7/16,,ocd-division/country:us/state:ak/sldl:37Chignik Lake City,Chignik Lake Village Council, 33 Lake Front Dr,,,Chignik Lake,AK,99548,08:00:00 - 08:00,17:00:00 - 08:00,10/24/16,10/28/16,,ocd-division/country:us/state:ak/sldl:37Chignik Lake City,Chignik Lake Village Council, 33 Lake Front Dr,,,Chignik Lake,AK,99548,08:00:00 - 08:00,17:00:00 - 08:00,10/31/16,11/4/16,,ocd-division/country:us/state:ak/sldl:37Chignik Lake City,Chignik Lake Village Council, 33 Lake Front Dr,,,Chignik Lake,AK,99548,08:00:00 - 08:00,17:00:00 - 08:00,11/7/16,11/7/16,,ocd-division/country:us/state:ak/sldl:37Grayling City ,City of Grayling City Office,1 Postal Way,,,Grayling,AK,99590-9800,08:00:00 - 08:00,17:00:00 - 08:00,10/24/16,10/28/16,,ocd-division/country:us/state:ak/sldl:37Grayling City ,City of Grayling City Office,1 Postal Way,,,Grayling,AK,99590-9800,08:00:00 - 08:00,17:00:00 - 08:00,10/31/16,11/4/16,,ocd-division/country:us/state:ak/sldl:37Grayling City ,City of Grayling City Office,1 Postal Way,,,Grayling,AK,99590-9800,08:00:00 - 08:00,17:00:00 - 08:00,11/7/16,11/7/16,,ocd-division/country:us/state:ak/sldl:37SHAGELUK,CITY OF SHAGELUK,100 Main St,,,SHAGELUK,AK,99665,08:00:00 - 08:00,17:00:00 - 08:00,10/24/16,10/28/16,,ocd-division/country:us/state:ak/sldl:37SHAGELUK,CITY OF SHAGELUK,100 Main St,,,SHAGELUK,AK,99665,08:00:00 - 08:00,17:00:00 - 08:00,10/31/16,11/4/16,,ocd-division/country:us/state:ak/sldl:37SHAGELUK,CITY OF SHAGELUK,100 Main St,,,SHAGELUK,AK,99665,08:00:00 - 08:00,17:00:00 - 08:00,11/7/16,11/7/16,,ocd-division/country:us/state:ak/sldl:37Clark's Point City,Clark's Point Village Council,11 MAIN ST ,,,Clark's Point,AK,99569-9800,08:00:00 - 08:00,17:00:00 - 08:00,10/24/16,10/28/16,,ocd-division/country:us/state:ak/sldl:37Clark's Point City,Clark's Point Village Council,11 MAIN ST ,,,Clark's Point,AK,99569-9800,08:00:00 - 08:00,17:00:00 - 08:00,10/31/16,11/4/16,,ocd-division/country:us/state:ak/sldl:37Clark's Point City,Clark's Point Village Council,11 MAIN ST ,,,Clark's Point,AK,99569-9800,08:00:00 - 08:00,17:00:00 - 08:00,11/7/16,11/7/16,,ocd-division/country:us/state:ak/sldl:37Cold Bay City,COLD BAY CITY CLERK'S OFFICE,10 Baranov Road,,Cold Bay is 634 miles south of¾Anchorage.,Cold Bay,AK,99571,08:00:00 - 08:00,17:00:00 - 08:00,10/24/16,10/28/16,,ocd-division/country:us/state:ak/sldl:37Cold Bay City,COLD BAY CITY CLERK'S OFFICE,10 Baranov Road,,Cold Bay is 634 miles south of¾Anchorage.,Cold Bay,AK,99571,08:00:00 - 08:00,17:00:00 - 08:00,10/31/16,11/4/16,,ocd-division/country:us/state:ak/sldl:37Cold Bay City,COLD BAY CITY CLERK'S OFFICE,10 Baranov Road,,Cold Bay is 634 miles south of¾Anchorage.,Cold Bay,AK,99571,08:00:00 - 08:00,17:00:00 - 08:00,11/7/16,11/7/16,,ocd-division/country:us/state:ak/sldl:37Dillingham City,DILLINGHAM CITY CLERK'S OFFICE, 141 MAIN ST,,,Dillingham,AK,99576,08:00:00 - 08:00,17:00:00 - 08:00,10/24/16,10/28/16,,ocd-division/country:us/state:ak/sldl:37Dillingham City,DILLINGHAM CITY CLERK'S OFFICE, 141 MAIN ST,,,Dillingham,AK,99576,08:00:00 - 08:00,17:00:00 - 08:00,10/31/16,11/4/16,,ocd-division/country:us/state:ak/sldl:37Dillingham City,DILLINGHAM CITY CLERK'S OFFICE, 141 MAIN ST,,,Dillingham,AK,99576,08:00:00 - 08:00,17:00:00 - 08:00,11/7/16,11/7/16,,ocd-division/country:us/state:ak/sldl:37Ekwok City,Ekwok City Halll, 101 MAIN ST,,,Ekwok,AK,99580,08:00:00 - 08:00,17:00:00 - 08:00,10/24/16,10/28/16,,ocd-division/country:us/state:ak/sldl:37Ekwok City,Ekwok City Halll, 101 MAIN ST,,,Ekwok,AK,99580,08:00:00 - 08:00,17:00:00 - 08:00,10/31/16,11/4/16,,ocd-division/country:us/state:ak/sldl:37Ekwok City,Ekwok City Halll, 101 MAIN ST,,,Ekwok,AK,99580,08:00:00 - 08:00,17:00:00 - 08:00,11/7/16,11/7/16,,ocd-division/country:us/state:ak/sldl:37False Pass City,FALSE PASS CITY CLERK'S OFFICE, 180 UNIMAK DR,,,False Pass City,AK,99583,08:00:00 - 08:00,17:00:00 - 08:00,10/24/16,10/28/16,,ocd-division/country:us/state:ak/sldl:37False Pass City,FALSE PASS CITY CLERK'S OFFICE, 180 UNIMAK DR,,,False Pass City,AK,99583,08:00:00 - 08:00,17:00:00 - 08:00,10/31/16,11/4/16,,ocd-division/country:us/state:ak/sldl:37False Pass City,FALSE PASS CITY CLERK'S OFFICE, 180 UNIMAK DR,,,False Pass City,AK,99583,08:00:00 - 08:00,17:00:00 - 08:00,11/7/16,11/7/16,,ocd-division/country:us/state:ak/sldl:37Igiugig City ,IGIUGIG VILLAGE COUNCIL BUILDING,1 MAIN ST,,,Igiugig,AK,99613,08:00:00 - 08:00,17:00:00 - 08:00,10/24/16,10/28/16,,ocd-division/country:us/state:ak/sldl:37Igiugig City ,IGIUGIG VILLAGE COUNCIL BUILDING,1 MAIN ST,,,Igiugig,AK,99613,08:00:00 - 08:00,17:00:00 - 08:00,10/31/16,11/4/16,,ocd-division/country:us/state:ak/sldl:37Igiugig City ,IGIUGIG VILLAGE COUNCIL BUILDING,1 MAIN ST,,,Igiugig,AK,99613,08:00:00 - 08:00,17:00:00 - 08:00,11/7/16,11/7/16,,ocd-division/country:us/state:ak/sldl:37King Cove,KING COVE CITY OFFICE,37 MAIN STREET,,,King Kove,AK,99612,08:00:00 - 08:00,17:00:00 - 08:00,10/24/16,10/28/16,,ocd-division/country:us/state:ak/sldl:37King Cove,KING COVE CITY OFFICE,37 MAIN STREET,,,King Kove,AK,99612,08:00:00 - 08:00,17:00:00 - 08:00,10/31/16,11/4/16,,ocd-division/country:us/state:ak/sldl:37King Cove,KING COVE CITY OFFICE,37 MAIN STREET,,,King Kove,AK,99612,08:00:00 - 08:00,17:00:00 - 08:00,11/7/16,11/7/16,,ocd-division/country:us/state:ak/sldl:37Iliamna City ,NEWHALEN CITY CLERK'S OFFICE,101 FIRE LANE,,,Newhalen,AK,99606,08:00:00 - 08:00,17:00:00 - 08:00,10/24/16,10/28/16,,ocd-division/country:us/state:ak/sldl:37Iliamna City ,NEWHALEN CITY CLERK'S OFFICE,101 FIRE LANE,,,Newhalen,AK,99606,08:00:00 - 08:00,17:00:00 - 08:00,10/31/16,11/4/16,,ocd-division/country:us/state:ak/sldl:37Iliamna City ,NEWHALEN CITY CLERK'S OFFICE,101 FIRE LANE,,,Newhalen,AK,99606,08:00:00 - 08:00,17:00:00 - 08:00,11/7/16,11/7/16,,ocd-division/country:us/state:ak/sldl:37Akiachak City,AKIACHAK IRA OFFICE, 1ST MAIN STREET,,,Akiachak,AK,99551,08:00:00 - 08:00,17:00:00 - 08:00,10/24/16,10/28/16,,ocd-division/country:us/state:ak/sldl:38Akiachak City,AKIACHAK IRA OFFICE, 1ST MAIN STREET,,,Akiachak,AK,99551,08:00:00 - 08:00,17:00:00 - 08:00,10/31/16,11/4/16,,ocd-division/country:us/state:ak/sldl:38Akiachak City,AKIACHAK IRA OFFICE, 1ST MAIN STREET,,,Akiachak,AK,99551,08:00:00 - 08:00,17:00:00 - 08:00,11/7/16,11/7/16,,ocd-division/country:us/state:ak/sldl:38Akiak City,AKIAK NATIVE COMMUNITY BUILDING, 81 AIRPORT RD,,,Akiak,AK,99552,08:00:00 - 08:00,17:00:00 - 08:00,10/24/16,10/28/16,,ocd-division/country:us/state:ak/sldl:38Akiak City,AKIAK NATIVE COMMUNITY BUILDING, 81 AIRPORT RD,,,Akiak,AK,99552,08:00:00 - 08:00,17:00:00 - 08:00,10/31/16,11/4/16,,ocd-division/country:us/state:ak/sldl:38Akiak City,AKIAK NATIVE COMMUNITY BUILDING, 81 AIRPORT RD,,,Akiak,AK,99552,08:00:00 - 08:00,17:00:00 - 08:00,11/7/16,11/7/16,,ocd-division/country:us/state:ak/sldl:38Atmautluak City,ATMAUTLUAK TRIBAL COUNCIL BUILDING, 101 BOARDWALK LANE,,,Atmautluak,AK,99559,08:00:00 - 08:00,17:00:00 - 08:00,10/24/16,10/28/16,,ocd-division/country:us/state:ak/sldl:38Atmautluak City,ATMAUTLUAK TRIBAL COUNCIL BUILDING, 101 BOARDWALK LANE,,,Atmautluak,AK,99559,08:00:00 - 08:00,17:00:00 - 08:00,10/31/16,11/4/16,,ocd-division/country:us/state:ak/sldl:38Atmautluak City,ATMAUTLUAK TRIBAL COUNCIL BUILDING, 101 BOARDWALK LANE,,,Atmautluak,AK,99559,08:00:00 - 08:00,17:00:00 - 08:00,11/7/16,11/7/16,,ocd-division/country:us/state:ak/sldl:38Bethel City,BETHEL CITY HALL, 300 CHIEF EDDIE HOFFMAN HIGHWAY,,,Bethel,AK,99559,08:00:00 - 08:00,17:00:00 - 08:00,10/24/16,10/28/16,,ocd-division/country:us/state:ak/sldl:38Bethel City,BETHEL CITY HALL, 300 CHIEF EDDIE HOFFMAN HIGHWAY,,,Bethel,AK,99559,08:00:00 - 08:00,17:00:00 - 08:00,10/31/16,11/4/16,,ocd-division/country:us/state:ak/sldl:38Bethel City,BETHEL CITY HALL, 300 CHIEF EDDIE HOFFMAN HIGHWAY,,,Bethel,AK,99559,08:00:00 - 08:00,17:00:00 - 08:00,11/7/16,11/7/16,,ocd-division/country:us/state:ak/sldl:38Crooked Creek City,CROOKED CREEK TRADITIONAL COUNCIL BUILDING, 401 MAIN STREET, STE 201,,Crooked Creek,AK,99575,08:00:00 - 08:00,17:00:00 - 08:00,10/24/16,10/28/16,,ocd-division/country:us/state:ak/sldl:38Crooked Creek City,CROOKED CREEK TRADITIONAL COUNCIL BUILDING, 401 MAIN STREET, STE 201,,Crooked Creek,AK,99575,08:00:00 - 08:00,17:00:00 - 08:00,10/31/16,11/4/16,,ocd-division/country:us/state:ak/sldl:38Crooked Creek City,CROOKED CREEK TRADITIONAL COUNCIL BUILDING, 401 MAIN STREET, STE 201,,Crooked Creek,AK,99575,08:00:00 - 08:00,17:00:00 - 08:00,11/7/16,11/7/16,,ocd-division/country:us/state:ak/sldl:38Aniak City,Kuspuk School District, 100 Airport Way,,,Aniak,AK,99557,08:00:00 - 08:00,17:00:00 - 08:00,10/24/16,10/28/16,,ocd-division/country:us/state:ak/sldl:38Aniak City,Kuspuk School District, 100 Airport Way,,,Aniak,AK,99557,08:00:00 - 08:00,17:00:00 - 08:00,10/31/16,11/4/16,,ocd-division/country:us/state:ak/sldl:38Aniak City,Kuspuk School District, 100 Airport Way,,,Aniak,AK,99557,08:00:00 - 08:00,17:00:00 - 08:00,11/7/16,11/7/16,,ocd-division/country:us/state:ak/sldl:38Chevak City,CHEVAK CITY CLERK'S OFFICE, 136 LAKESIDE RD,,,Chevak,AK,99563,08:00:00 - 08:00,17:00:00 - 08:00,10/24/16,10/28/16,,ocd-division/country:us/state:ak/sldl:39Chevak City,CHEVAK CITY CLERK'S OFFICE, 136 LAKESIDE RD,,,Chevak,AK,99563,08:00:00 - 08:00,17:00:00 - 08:00,10/31/16,11/4/16,,ocd-division/country:us/state:ak/sldl:39Chevak City,CHEVAK CITY CLERK'S OFFICE, 136 LAKESIDE RD,,,Chevak,AK,99563,08:00:00 - 08:00,17:00:00 - 08:00,11/7/16,11/7/16,,ocd-division/country:us/state:ak/sldl:39Brevig Mission City,City of Brevig Mission Clerk's Office,3 Port Clarence View,,,Brevig Mission,AK,99785,08:00:00 - 08:00,17:00:00 - 08:00,10/24/16,10/28/16,,ocd-division/country:us/state:ak/sldl:39Brevig Mission City,City of Brevig Mission Clerk's Office,3 Port Clarence View,,,Brevig Mission,AK,99785,08:00:00 - 08:00,17:00:00 - 08:00,10/31/16,11/4/16,,ocd-division/country:us/state:ak/sldl:39Brevig Mission City,City of Brevig Mission Clerk's Office,3 Port Clarence View,,,Brevig Mission,AK,99785,08:00:00 - 08:00,17:00:00 - 08:00,11/7/16,11/7/16,,ocd-division/country:us/state:ak/sldl:39Elim City,ELIM CITY CLERK'S OFFICE, 101 HILLSIDE STREET,,,Elim City,AK,99739,08:00:00 - 08:00,17:00:00 - 08:00,10/24/16,10/28/16,,ocd-division/country:us/state:ak/sldl:39Elim City,ELIM CITY CLERK'S OFFICE, 101 HILLSIDE STREET,,,Elim City,AK,99739,08:00:00 - 08:00,17:00:00 - 08:00,10/31/16,11/4/16,,ocd-division/country:us/state:ak/sldl:39Elim City,ELIM CITY CLERK'S OFFICE, 101 HILLSIDE STREET,,,Elim City,AK,99739,08:00:00 - 08:00,17:00:00 - 08:00,11/7/16,11/7/16,,ocd-division/country:us/state:ak/sldl:39Emmonak City,EMMONAK CITY CLERK'S OFFICE, 9 KWIGUK STREET,,,Emmonak City,AK,99581,08:00:00 - 08:00,17:00:00 - 08:00,10/24/16,10/28/16,,ocd-division/country:us/state:ak/sldl:39Emmonak City,EMMONAK CITY CLERK'S OFFICE, 9 KWIGUK STREET,,,Emmonak City,AK,99581,08:00:00 - 08:00,17:00:00 - 08:00,10/31/16,11/4/16,,ocd-division/country:us/state:ak/sldl:39Emmonak City,EMMONAK CITY CLERK'S OFFICE, 9 KWIGUK STREET,,,Emmonak City,AK,99581,08:00:00 - 08:00,17:00:00 - 08:00,11/7/16,11/7/16,,ocd-division/country:us/state:ak/sldl:39Galena City,GALENA CITY CLERKS OFFICE, 149 Antoski Rd,,,Galena,AK,99741,08:00:00 - 08:00,16:30:00 - 08:00,10/24/16,10/28/16,,ocd-division/country:us/state:ak/sldl:39Galena City,GALENA CITY CLERKS OFFICE, 149 Antoski Rd,,,Galena,AK,99741,08:00:00 - 08:00,16:30:00 - 08:00,10/31/16,11/4/16,,ocd-division/country:us/state:ak/sldl:39Galena City,GALENA CITY CLERKS OFFICE, 149 Antoski Rd,,,Galena,AK,99741,08:00:00 - 08:00,16:30:00 - 08:00,11/7/16,11/7/16,,ocd-division/country:us/state:ak/sldl:39Gambell City,GAMBELL CITY CLERK'S OFFICE,189 Troutman Drive,,,Gambell,AK,99742,08:00:00 - 08:00,17:00:00 - 08:00,10/24/16,10/28/16,,ocd-division/country:us/state:ak/sldl:39Gambell City,GAMBELL CITY CLERK'S OFFICE,189 Troutman Drive,,,Gambell,AK,99742,08:00:00 - 08:00,17:00:00 - 08:00,10/31/16,11/4/16,,ocd-division/country:us/state:ak/sldl:39Gambell City,GAMBELL CITY CLERK'S OFFICE,189 Troutman Drive,,,Gambell,AK,99742,08:00:00 - 08:00,17:00:00 - 08:00,11/7/16,11/7/16,,ocd-division/country:us/state:ak/sldl:39Golovin City ,Golovin City Clerk's Office,"103 Front Street, Suite 230",,,Nome,AK,99762,08:00:00 - 08:00,17:00:00 - 08:00,10/24/16,10/28/16,,ocd-division/country:us/state:ak/sldl:39Golovin City ,Golovin City Clerk's Office,"103 Front Street, Suite 230",,,Nome,AK,99762,08:00:00 - 08:00,17:00:00 - 08:00,10/31/16,11/4/16,,ocd-division/country:us/state:ak/sldl:39Golovin City ,Golovin City Clerk's Office,"103 Front Street, Suite 230",,,Nome,AK,99762,08:00:00 - 08:00,17:00:00 - 08:00,11/7/16,11/7/16,,ocd-division/country:us/state:ak/sldl:39Huslia City ,Huslia City CouncilÎ¾,58 Dakli St,,,Huslia,AK,99746,08:00:00 - 08:00,16:00:00 - 08:00,10/24/16,10/28/16,,ocd-division/country:us/state:ak/sldl:39Huslia City ,Huslia City CouncilÎ¾,58 Dakli St,,,Huslia,AK,99746,08:00:00 - 08:00,16:00:00 - 08:00,10/31/16,11/4/16,,ocd-division/country:us/state:ak/sldl:39Huslia City ,Huslia City CouncilÎ¾,58 Dakli St,,,Huslia,AK,99746,08:00:00 - 08:00,16:00:00 - 08:00,11/7/16,11/7/16,,ocd-division/country:us/state:ak/sldl:39Diomede City,Nome State Office Building, 103 Front Street, Suite 230,,Nome,AK,99762,08:00:00 - 08:00,17:00:00 - 08:00,10/24/16,10/28/16,,ocd-division/country:us/state:ak/sldl:39Diomede City,Nome State Office Building, 103 Front Street, Suite 230,,Nome,AK,99762,08:00:00 - 08:00,17:00:00 - 08:00,10/31/16,11/4/16,,ocd-division/country:us/state:ak/sldl:39Diomede City,Nome State Office Building, 103 Front Street, Suite 230,,Nome,AK,99762,08:00:00 - 08:00,17:00:00 - 08:00,11/7/16,11/7/16,,ocd-division/country:us/state:ak/sldl:39Buckland City,BUCKLAND CITY CLERK'S OFFICE, 49 3RD AVENUE,,,Buckland City,AK,99727,08:00:00 - 08:00,17:00:00 - 08:00,10/24/16,10/28/16,,ocd-division/country:us/state:ak/sldl:40Buckland City,BUCKLAND CITY CLERK'S OFFICE, 49 3RD AVENUE,,,Buckland City,AK,99727,08:00:00 - 08:00,17:00:00 - 08:00,10/31/16,11/4/16,,ocd-division/country:us/state:ak/sldl:40Buckland City,BUCKLAND CITY CLERK'S OFFICE, 49 3RD AVENUE,,,Buckland City,AK,99727,08:00:00 - 08:00,17:00:00 - 08:00,11/7/16,11/7/16,,ocd-division/country:us/state:ak/sldl:40Ambler City,City of Ambler,1 Airport Road,,,Ambler,AK,99786,08:00:00 - 08:00,17:00:00 - 08:00,10/24/16,10/28/16,,ocd-division/country:us/state:ak/sldl:40Ambler City,City of Ambler,1 Airport Road,,,Ambler,AK,99786,08:00:00 - 08:00,17:00:00 - 08:00,10/31/16,11/4/16,,ocd-division/country:us/state:ak/sldl:40Ambler City,City of Ambler,1 Airport Road,,,Ambler,AK,99786,08:00:00 - 08:00,17:00:00 - 08:00,11/7/16,11/7/16,,ocd-division/country:us/state:ak/sldl:40Ktovik City ,KAKTOVIK CITY CLERK'S OFFICE,2051 BARTER AVE,,,Kaktovik,AK,99747,08:00:00 - 08:00,17:00:00 - 08:00,10/24/16,10/28/16,,ocd-division/country:us/state:ak/sldl:40Ktovik City ,KAKTOVIK CITY CLERK'S OFFICE,2051 BARTER AVE,,,Kaktovik,AK,99747,08:00:00 - 08:00,17:00:00 - 08:00,10/31/16,11/4/16,,ocd-division/country:us/state:ak/sldl:40Ktovik City ,KAKTOVIK CITY CLERK'S OFFICE,2051 BARTER AVE,,,Kaktovik,AK,99747,08:00:00 - 08:00,17:00:00 - 08:00,11/7/16,11/7/16,,ocd-division/country:us/state:ak/sldl:40Kiana,KIANA CITY CLERK'S OFFICE,Casonoff St,,Casonoff St & W Willow St,Kiana,AK,99749,08:00:00 - 08:00,17:00:00 - 08:00,10/24/16,10/28/16,,ocd-division/country:us/state:ak/sldl:40Kiana,KIANA CITY CLERK'S OFFICE,Casonoff St,,Casonoff St & W Willow St,Kiana,AK,99749,08:00:00 - 08:00,17:00:00 - 08:00,10/31/16,11/4/16,,ocd-division/country:us/state:ak/sldl:40Kiana,KIANA CITY CLERK'S OFFICE,Casonoff St,,Casonoff St & W Willow St,Kiana,AK,99749,08:00:00 - 08:00,17:00:00 - 08:00,11/7/16,11/7/16,,ocd-division/country:us/state:ak/sldl:40Deering City,MOTO-KARL RESIDENCE, 64 W ABBIE RD,,,Deering,AK,99736,08:00:00 - 08:00,17:00:00 - 08:00,10/24/16,10/28/16,,ocd-division/country:us/state:ak/sldl:40Deering City,MOTO-KARL RESIDENCE, 64 W ABBIE RD,,,Deering,AK,99736,08:00:00 - 08:00,17:00:00 - 08:00,10/31/16,11/4/16,,ocd-division/country:us/state:ak/sldl:40Deering City,MOTO-KARL RESIDENCE, 64 W ABBIE RD,,,Deering,AK,99736,08:00:00 - 08:00,17:00:00 - 08:00,11/7/16,11/7/16,,ocd-division/country:us/state:ak/sldl:40Barrow City,NORTH SLOPE BOROUGH CLERK'S OFFICE, 1274 AGVIK ST,,,Barrow,AK,99723,08:00:00 - 08:00,17:00:00 - 08:00,10/24/16,10/28/16,,ocd-division/country:us/state:ak/sldl:40Barrow City,NORTH SLOPE BOROUGH CLERK'S OFFICE, 1274 AGVIK ST,,,Barrow,AK,99723,08:00:00 - 08:00,17:00:00 - 08:00,10/31/16,11/4/16,,ocd-division/country:us/state:ak/sldl:40Barrow City,NORTH SLOPE BOROUGH CLERK'S OFFICE, 1274 AGVIK ST,,,Barrow,AK,99723,08:00:00 - 08:00,17:00:00 - 08:00,11/7/16,11/7/16,,ocd-division/country:us/state:ak/sldl:40Anchorage Municipality,ANCHORAGE CITY HALL, 632 W 6TH AVE,,,Anchorage,AK,99501,08:00:00 - 08:00,17:00:00 - 08:00,10/24/16,10/28/16,,ocd-division/country:us/state:akAnchorage Municipality,ANCHORAGE CITY HALL, 632 W 6TH AVE,,,Anchorage,AK,99501,08:00:00 - 08:00,17:00:00 - 08:00,10/31/16,11/4/16,,ocd-division/country:us/state:akAnchorage Municipality,ANCHORAGE CITY HALL, 632 W 6TH AVE,,,Anchorage,AK,99501,08:00:00 - 08:00,17:00:00 - 08:00,11/7/16,11/7/16,,ocd-division/country:us/state:akJuneau City ,REGION I ELECTIONS OFFICE,9109 Mendenhall Mall Road,Ste 3,,JUNEAU,AK,99801,08:00:00 - 08:00,17:00:00 - 08:00,10/24/16,10/28/16,,ocd-division/country:us/state:akJuneau City ,REGION I ELECTIONS OFFICE,9109 Mendenhall Mall Road,Ste 3,,JUNEAU,AK,99801,08:00:00 - 08:00,17:00:00 - 08:00,10/31/16,11/4/16,,ocd-division/country:us/state:akJuneau City ,REGION I ELECTIONS OFFICE,9109 Mendenhall Mall Road,Ste 3,,JUNEAU,AK,99801,08:00:00 - 08:00,17:00:00 - 08:00,11/7/16,11/7/16,,ocd-division/country:us/state:akAnchorage Municipality,Region II Elections Office,2525 Gambell Street, Suite 100,,Anchorage,AK,99503-2838,08:00:00 - 08:00,17:00:00 - 08:00,10/24/16,10/28/16,,ocd-division/country:us/state:akAnchorage Municipality,Region II Elections Office,2525 Gambell Street, Suite 100,,Anchorage,AK,99503-2838,08:00:00 - 08:00,17:00:00 - 08:00,10/31/16,11/4/16,,ocd-division/country:us/state:akAnchorage Municipality,Region II Elections Office,2525 Gambell Street, Suite 100,,Anchorage,AK,99503-2838,08:00:00 - 08:00,17:00:00 - 08:00,11/7/16,11/7/16,,ocd-division/country:us/state:akWASILLA,REGION II ELECTIONS OFFICE MAT-SU,1700 E BOGARD ROAD,,,Wasilla,AK,99654,08:00:00 - 08:00,17:00:00 - 08:00,10/24/16,10/28/16,,ocd-division/country:us/state:akWASILLA,REGION II ELECTIONS OFFICE MAT-SU,1700 E BOGARD ROAD,,,Wasilla,AK,99654,08:00:00 - 08:00,17:00:00 - 08:00,10/31/16,11/4/16,,ocd-division/country:us/state:akWASILLA,REGION II ELECTIONS OFFICE MAT-SU,1700 E BOGARD ROAD,,,Wasilla,AK,99654,08:00:00 - 08:00,17:00:00 - 08:00,11/7/16,11/7/16,,ocd-division/country:us/state:akFairbanks City,Region III Elections Office,675 7th Avenue, Suite H3,,Fairbanks,AK,99701-4542,08:00:00 - 08:00,17:00:00 - 08:00,10/24/16,10/28/16,,ocd-division/country:us/state:akFairbanks City,Region III Elections Office,675 7th Avenue, Suite H3,,Fairbanks,AK,99701-4542,08:00:00 - 08:00,17:00:00 - 08:00,10/31/16,11/4/16,,ocd-division/country:us/state:akFairbanks City,Region III Elections Office,675 7th Avenue, Suite H3,,Fairbanks,AK,99701-4542,08:00:00 - 08:00,17:00:00 - 08:00,11/7/16,11/7/16,,ocd-division/country:us/state:akNOME,REGION IV ELECTIONS OFFICE,103 E FRONT STREET STE 230,,,NOME,AK,99762,08:00:00 - 08:00,17:00:00 - 08:00,10/24/16,10/28/16,,ocd-division/country:us/state:akNOME,REGION IV ELECTIONS OFFICE,103 E FRONT STREET STE 230,,,NOME,AK,99762,08:00:00 - 08:00,17:00:00 - 08:00,10/31/16,11/4/16,,ocd-division/country:us/state:akNOME,REGION IV ELECTIONS OFFICE,103 E FRONT STREET STE 230,,,NOME,AK,99762,08:00:00 - 08:00,17:00:00 - 08:00,11/7/16,11/7/16,,ocd-division/country:us/state:akJuneau City ,STATE OFFICE BUILDING,333 WILLOUGHBY AVE ,8th Floor,,JUNEAU,AK,99801,08:00:00 - 08:00,17:00:00 - 08:00,10/24/16,10/28/16,,ocd-division/country:us/state:akJuneau City ,STATE OFFICE BUILDING,333 WILLOUGHBY AVE ,8th Floor,,JUNEAU,AK,99801,08:00:00 - 08:00,17:00:00 - 08:00,10/31/16,11/4/16,,ocd-division/country:us/state:akJuneau City ,STATE OFFICE BUILDING,333 WILLOUGHBY AVE ,8th Floor,,JUNEAU,AK,99801,08:00:00 - 08:00,17:00:00 - 08:00,11/7/16,11/7/16,,ocd-division/country:us/state:akPALMER,Î¾Matanuska Susitna  Borough Building,350 E DAHLIA AVE,,,PALMER,AK,99645,08:00:00 - 08:00,17:00:00 - 08:00,10/24/16,10/28/16,,ocd-division/country:us/state:ak/sldl:7PALMER,Î¾Matanuska Susitna  Borough Building,350 E DAHLIA AVE,,,PALMER,AK,99645,08:00:00 - 08:00,17:00:00 - 08:00,10/31/16,11/4/16,,ocd-division/country:us/state:ak/sldl:7PALMER,Î¾Matanuska Susitna  Borough Building,350 E DAHLIA AVE,,,PALMER,AK,99645,08:00:00 - 08:00,17:00:00 - 08:00,11/7/16,11/7/16,,ocd-division/country:us/state:ak/sldl:7Homer City ,HOMER CITY CLERK'S OFFICE,491 E PIONEER AVE,,,Homer,AK,99603,08:00:00 - 08:00,17:00:00 - 08:00,10/24/16,10/28/16,,ocd-division/country:us/state:ak/sldl:29Homer City ,HOMER CITY CLERK'S OFFICE,491 E PIONEER AVE,,,Homer,AK,99603,08:00:00 - 08:00,17:00:00 - 08:00,10/31/16,11/4/16,,ocd-division/country:us/state:ak/sldl:29Homer City ,HOMER CITY CLERK'S OFFICE,491 E PIONEER AVE,,,Homer,AK,99603,08:00:00 - 08:00,17:00:00 - 08:00,11/7/16,11/7/16,,ocd-division/country:us/state:ak/sldl:29KENAI,KENAI CITY CLERK'S OFFICE,210 FIDALGO AVE,,,Kenai,AK,99611,08:00:00 - 08:00,17:00:00 - 08:00,10/24/16,10/28/16,,ocd-division/country:us/state:ak/sldl:29KENAI,KENAI CITY CLERK'S OFFICE,210 FIDALGO AVE,,,Kenai,AK,99611,08:00:00 - 08:00,17:00:00 - 08:00,10/31/16,11/4/16,,ocd-division/country:us/state:ak/sldl:29KENAI,KENAI CITY CLERK'S OFFICE,210 FIDALGO AVE,,,Kenai,AK,99611,08:00:00 - 08:00,17:00:00 - 08:00,11/7/16,11/7/16,,ocd-division/country:us/state:ak/sldl:29SOLDOTNA,KPB RISK MANAGEMENT BUILDING,162 PARK AVENUE,,,SOLDOTNA,AK,99669,08:00:00 - 08:00,17:00:00 - 08:00,10/24/16,10/28/16,,ocd-division/country:us/state:ak/sldl:29SOLDOTNA,KPB RISK MANAGEMENT BUILDING,162 PARK AVENUE,,,SOLDOTNA,AK,99669,08:00:00 - 08:00,17:00:00 - 08:00,10/31/16,11/4/16,,ocd-division/country:us/state:ak/sldl:29SOLDOTNA,KPB RISK MANAGEMENT BUILDING,162 PARK AVENUE,,,SOLDOTNA,AK,99669,08:00:00 - 08:00,17:00:00 - 08:00,11/7/16,11/7/16,,ocd-division/country:us/state:ak/sldl:29PALMER,MAT-SU BOROUGH BUILDING,350 E DAHLIA AVE,,,,AK,,08:00:00 - 08:00,17:00:00 - 08:00,10/24/16,10/28/16,,ocd-division/country:us/state:ak/sldl:12PALMER,MAT-SU BOROUGH BUILDING,350 E DAHLIA AVE,,,,AK,,08:00:00 - 08:00,17:00:00 - 08:00,10/31/16,11/4/16,,ocd-division/country:us/state:ak/sldl:12PALMER,MAT-SU BOROUGH BUILDING,350 E DAHLIA AVE,,,,AK,,08:00:00 - 08:00,17:00:00 - 08:00,11/7/16,11/7/16,,ocd-division/country:us/state:ak/sldl:12Homer City ,HOMER CITY CLERK'S OFFICE,491 E PIONEER AVE,,,Homer,AK,99603,08:00:00 - 08:00,17:00:00 - 08:00,10/24/16,10/28/16,,ocd-division/country:us/state:ak/sldl:32Homer City ,HOMER CITY CLERK'S OFFICE,491 E PIONEER AVE,,,Homer,AK,99603,08:00:00 - 08:00,17:00:00 - 08:00,10/31/16,11/4/16,,ocd-division/country:us/state:ak/sldl:32Homer City ,HOMER CITY CLERK'S OFFICE,491 E PIONEER AVE,,,Homer,AK,99603,08:00:00 - 08:00,17:00:00 - 08:00,11/7/16,11/7/16,,ocd-division/country:us/state:ak/sldl:32KENAI,KENAI CITY CLERK'S OFFICE,210 FIDALGO AVE,,,Kenai,AK,99611,08:00:00 - 08:00,17:00:00 - 08:00,10/24/16,10/28/16,,ocd-division/country:us/state:ak/sldl:32KENAI,KENAI CITY CLERK'S OFFICE,210 FIDALGO AVE,,,Kenai,AK,99611,08:00:00 - 08:00,17:00:00 - 08:00,10/31/16,11/4/16,,ocd-division/country:us/state:ak/sldl:32KENAI,KENAI CITY CLERK'S OFFICE,210 FIDALGO AVE,,,Kenai,AK,99611,08:00:00 - 08:00,17:00:00 - 08:00,11/7/16,11/7/16,,ocd-division/country:us/state:ak/sldl:32SOLDOTNA,KPB RISK MANAGEMENT BUILDING,162 PARK AVENUE,,,,AK,,08:00:00 - 08:00,17:00:00 - 08:00,10/24/16,10/28/16,,ocd-division/country:us/state:ak/sldl:32SOLDOTNA,KPB RISK MANAGEMENT BUILDING,162 PARK AVENUE,,,,AK,,08:00:00 - 08:00,17:00:00 - 08:00,10/31/16,11/4/16,,ocd-division/country:us/state:ak/sldl:32SOLDOTNA,KPB RISK MANAGEMENT BUILDING,162 PARK AVENUE,,,,AK,,08:00:00 - 08:00,17:00:00 - 08:00,11/7/16,11/7/16,,ocd-division/country:us/state:ak/sldl:32VALDEZ,VALDEZ CITY CLERKS OFFICE,212 CHENEGA DRIVE,,,Valdez,AK,99686,08:30:00 - 08:00,17:00:00 - 08:00,10/24/16,10/28/16,,ocd-division/country:us/state:ak/sldl:9VALDEZ,VALDEZ CITY CLERKS OFFICE,212 CHENEGA DRIVE,,,Valdez,AK,99686,08:30:00 - 08:00,17:00:00 - 08:00,10/31/16,11/4/16,,ocd-division/country:us/state:ak/sldl:9VALDEZ,VALDEZ CITY CLERKS OFFICE,212 CHENEGA DRIVE,,,Valdez,AK,99686,08:30:00 - 08:00,17:00:00 - 08:00,11/7/16,11/7/16,,ocd-division/country:us/state:ak/sldl:9RUBY,RUBY CITY HALL,90 Wildberry Rd,,,RUBY,AK,99768,08:30:00 - 08:00,17:30:00 - 08:00,10/24/16,10/28/16,,ocd-division/country:us/state:ak/sldl:39RUBY,RUBY CITY HALL,90 Wildberry Rd,,,RUBY,AK,99768,08:30:00 - 08:00,17:30:00 - 08:00,10/31/16,11/4/16,,ocd-division/country:us/state:ak/sldl:39RUBY,RUBY CITY HALL,90 Wildberry Rd,,,RUBY,AK,99768,08:30:00 - 08:00,17:30:00 - 08:00,11/7/16,11/7/16,,ocd-division/country:us/state:ak/sldl:39CHUGIAK City,CHUGIAK-EAGLE RIVER SENIOR CENTER, 22424 BIRCHWOOD LOOP RD,,,CHUGIAK,AK,99567,08:30:00 - 08:00,17:00:00 - 08:00,10/31/16,11/4/16,,ocd-division/country:us/state:ak/sldl:12CHUGIAK City,CHUGIAK-EAGLE RIVER SENIOR CENTER, 22424 BIRCHWOOD LOOP RD,,,CHUGIAK,AK,99567,08:30:00 - 08:00,17:00:00 - 08:00,11/7/16,11/7/16,,ocd-division/country:us/state:ak/sldl:12CHUGIAK City,CHUGIAK-EAGLE RIVER SENIOR CENTER, 22424 BIRCHWOOD LOOP RD,,,CHUGIAK,AK,99567,08:30:00 - 08:00,17:00:00 - 08:00,10/31/16,11/4/16,,ocd-division/country:us/state:ak/sldl:14CHUGIAK City,CHUGIAK-EAGLE RIVER SENIOR CENTER, 22424 BIRCHWOOD LOOP RD,,,CHUGIAK,AK,99567,08:30:00 - 08:00,17:00:00 - 08:00,11/7/16,11/7/16,,ocd-division/country:us/state:ak/sldl:14Arctic Village,Arctic Village Traditional Council,Mile 190 Dalton Hwy ,,"Approximately 2 hours from Fairbanks, past the Arctic Village Airport",Arctic Village,AK,99722,09:00:00 - 08:00,17:00:00 - 08:00,10/24/16,10/28/16,,ocd-division/country:us/state:ak/sldl:6Arctic Village,Arctic Village Traditional Council,Mile 190 Dalton Hwy ,,"Approximately 2 hours from Fairbanks, past the Arctic Village Airport",Arctic Village,AK,99722,09:00:00 - 08:00,17:00:00 - 08:00,10/31/16,11/4/16,,ocd-division/country:us/state:ak/sldl:6Arctic Village,Arctic Village Traditional Council,Mile 190 Dalton Hwy ,,"Approximately 2 hours from Fairbanks, past the Arctic Village Airport",Arctic Village,AK,99722,09:00:00 - 08:00,17:00:00 - 08:00,11/7/16,11/7/16,,ocd-division/country:us/state:ak/sldl:6Fort Yukon City,CITY OF FORT YUKON CITY OFFICE, E 7th Ave,,,Fort Yukon City,AK,99740,09:00:00 - 08:00,16:00:00 - 08:00,10/24/16,10/28/16,,ocd-division/country:us/state:ak/sldl:6Fort Yukon City,CITY OF FORT YUKON CITY OFFICE, E 7th Ave,,,Fort Yukon City,AK,99740,09:00:00 - 08:00,16:00:00 - 08:00,10/31/16,11/4/16,,ocd-division/country:us/state:ak/sldl:6Fort Yukon City,CITY OF FORT YUKON CITY OFFICE, E 7th Ave,,,Fort Yukon City,AK,99740,09:00:00 - 08:00,16:00:00 - 08:00,11/7/16,11/7/16,,ocd-division/country:us/state:ak/sldl:6Healy City ,DENALI BOROUGH CLERKS OFFICE,"Mile .5, Healy Spur Rd",,,HEALY,AK,99743,09:00:00 - 08:00,16:00:00 - 08:00,10/24/16,10/27/16,,ocd-division/country:us/state:ak/sldl:6Healy City ,DENALI BOROUGH CLERKS OFFICE,"Mile .5, Healy Spur Rd",,,HEALY,AK,99743,09:00:00 - 08:00,16:00:00 - 08:00,10/31/16,11/3/16,,ocd-division/country:us/state:ak/sldl:6Healy City ,DENALI BOROUGH CLERKS OFFICE,"Mile .5, Healy Spur Rd",,,HEALY,AK,99743,09:00:00 - 08:00,16:00:00 - 08:00,11/7/16,11/7/16,,ocd-division/country:us/state:ak/sldl:6Gulkana City ,Gulkana Village CouncilÎ¾,Mile 127 Richardson Hwy,,,Gakona,AK,99586,09:00:00 - 08:00,16:00:00 - 08:00,10/24/16,10/28/16,,ocd-division/country:us/state:ak/sldl:6Gulkana City ,Gulkana Village CouncilÎ¾,Mile 127 Richardson Hwy,,,Gakona,AK,99586,09:00:00 - 08:00,16:00:00 - 08:00,10/31/16,11/4/16,,ocd-division/country:us/state:ak/sldl:6Gulkana City ,Gulkana Village CouncilÎ¾,Mile 127 Richardson Hwy,,,Gakona,AK,99586,09:00:00 - 08:00,16:00:00 - 08:00,11/7/16,11/7/16,,ocd-division/country:us/state:ak/sldl:6TOK,TOK DISTRICT COURT,MILE 1313.5 ALASKA HWY,,,Tok,AK,99780,09:00:00 - 08:00,12:00:00 - 08:00,10/24/16,10/28/16,,ocd-division/country:us/state:ak/sldl:6TOK,TOK DISTRICT COURT,MILE 1313.5 ALASKA HWY,,,Tok,AK,99780,09:00:00 - 08:00,12:00:00 - 08:00,10/31/16,11/4/16,,ocd-division/country:us/state:ak/sldl:6TOK,TOK DISTRICT COURT,MILE 1313.5 ALASKA HWY,,,Tok,AK,99780,09:00:00 - 08:00,12:00:00 - 08:00,11/7/16,11/7/16,,ocd-division/country:us/state:ak/sldl:6Houston City ,HOUSTON CITY HALL,13878 W ARMSTRONG RD,,,HOUSTON,AK,99694,09:00:00 - 08:00,17:00:00 - 08:00,10/24/16,10/28/16,,ocd-division/country:us/state:ak/sldl:10Houston City ,HOUSTON CITY HALL,13878 W ARMSTRONG RD,,,HOUSTON,AK,99694,09:00:00 - 08:00,17:00:00 - 08:00,10/31/16,11/4/16,,ocd-division/country:us/state:ak/sldl:10Houston City ,HOUSTON CITY HALL,13878 W ARMSTRONG RD,,,HOUSTON,AK,99694,09:00:00 - 08:00,17:00:00 - 08:00,11/7/16,11/7/16,,ocd-division/country:us/state:ak/sldl:10KODIAK,KODIAK BOROUGH CLERK'S OFFICE,710 MILL BAY ROAD RM 234,,,Kodiak,AK,99615,09:00:00 - 08:00,17:00:00 - 08:00,10/24/16,10/28/16,,ocd-division/country:us/state:ak/sldl:32KODIAK,KODIAK BOROUGH CLERK'S OFFICE,710 MILL BAY ROAD RM 234,,,Kodiak,AK,99615,09:00:00 - 08:00,17:00:00 - 08:00,10/31/16,11/4/16,,ocd-division/country:us/state:ak/sldl:32KODIAK,KODIAK BOROUGH CLERK'S OFFICE,710 MILL BAY ROAD RM 234,,,Kodiak,AK,99615,09:00:00 - 08:00,17:00:00 - 08:00,11/7/16,11/7/16,,ocd-division/country:us/state:ak/sldl:32PORT GRAHAM,PORT GRAHAM COMMUNITY HALL,5510 Graham Rd ,,,PORT GRAHAM,AK,99603,09:00:00 - 08:00,13:00:00 - 08:00,10/24/16,10/24/16,,ocd-division/country:us/state:ak/sldl:32PORT GRAHAM,PORT GRAHAM COMMUNITY HALL,5510 Graham Rd ,,,PORT GRAHAM,AK,99603,09:00:00 - 08:00,13:00:00 - 08:00,10/26/16,10/28/16,,ocd-division/country:us/state:ak/sldl:32PORT GRAHAM,PORT GRAHAM COMMUNITY HALL,5510 Graham Rd ,,,PORT GRAHAM,AK,99603,09:00:00 - 08:00,13:00:00 - 08:00,10/31/16,10/31/16,,ocd-division/country:us/state:ak/sldl:32PORT GRAHAM,PORT GRAHAM COMMUNITY HALL,5510 Graham Rd ,,,PORT GRAHAM,AK,99603,09:00:00 - 08:00,13:00:00 - 08:00,11/2/16,11/2/16,,ocd-division/country:us/state:ak/sldl:32PORT GRAHAM,PORT GRAHAM COMMUNITY HALL,5510 Graham Rd ,,,PORT GRAHAM,AK,99603,09:00:00 - 08:00,13:00:00 - 08:00,11/4/16,11/4/16,,ocd-division/country:us/state:ak/sldl:32PORT GRAHAM,PORT GRAHAM COMMUNITY HALL,5510 Graham Rd ,,,PORT GRAHAM,AK,99603,09:00:00 - 08:00,13:00:00 - 08:00,11/7/16,11/7/16,,ocd-division/country:us/state:ak/sldl:32PORT LIONS,PORT LIONS CLERK'S OFFICE,207 SPRUCE DR,,,PORT LIONS,AK,99550,09:00:00 - 08:00,15:00:00 - 08:00,10/24/16,10/28/16,,ocd-division/country:us/state:ak/sldl:32PORT LIONS,PORT LIONS CLERK'S OFFICE,207 SPRUCE DR,,,PORT LIONS,AK,99550,09:00:00 - 08:00,15:00:00 - 08:00,10/31/16,11/4/16,,ocd-division/country:us/state:ak/sldl:32PORT LIONS,PORT LIONS CLERK'S OFFICE,207 SPRUCE DR,,,PORT LIONS,AK,99550,09:00:00 - 08:00,15:00:00 - 08:00,11/7/16,11/7/16,,ocd-division/country:us/state:ak/sldl:32TYONEK,TYONEK COMMUNITY HALL,100 A STREET,,,Tyonek,AK,99682,09:00:00 - 08:00,16:00:00 - 08:00,10/24/16,10/28/16,,ocd-division/country:us/state:ak/sldl:32TYONEK,TYONEK COMMUNITY HALL,100 A STREET,,,Tyonek,AK,99682,09:00:00 - 08:00,16:00:00 - 08:00,10/31/16,11/4/16,,ocd-division/country:us/state:ak/sldl:32TYONEK,TYONEK COMMUNITY HALL,100 A STREET,,,Tyonek,AK,99682,09:00:00 - 08:00,16:00:00 - 08:00,11/7/16,11/7/16,,ocd-division/country:us/state:ak/sldl:32YAKUTAT,YAKUTAT BOROUGH CLERK'S OFFICE,309 MAX ITALIO DR,,,Yakutat,AK,99689,09:00:00 - 08:00,16:00:00 - 08:00,10/24/16,10/28/16,,ocd-division/country:us/state:ak/sldl:32YAKUTAT,YAKUTAT BOROUGH CLERK'S OFFICE,309 MAX ITALIO DR,,,Yakutat,AK,99689,09:00:00 - 08:00,16:00:00 - 08:00,10/31/16,11/4/16,,ocd-division/country:us/state:ak/sldl:32YAKUTAT,YAKUTAT BOROUGH CLERK'S OFFICE,309 MAX ITALIO DR,,,Yakutat,AK,99689,09:00:00 - 08:00,16:00:00 - 08:00,11/7/16,11/7/16,,ocd-division/country:us/state:ak/sldl:32KLUKWAN,CHILKAT INDIAN VILLAGE OFFICE,32 CHILKAT AVE,,,Haines,AK,99827,09:00:00 - 08:00,17:00:00 - 08:00,10/24/16,10/28/16,,ocd-division/country:us/state:ak/sldl:33KLUKWAN,CHILKAT INDIAN VILLAGE OFFICE,32 CHILKAT AVE,,,Haines,AK,99827,09:00:00 - 08:00,17:00:00 - 08:00,10/31/16,11/4/16,,ocd-division/country:us/state:ak/sldl:33KLUKWAN,CHILKAT INDIAN VILLAGE OFFICE,32 CHILKAT AVE,,,Haines,AK,99827,09:00:00 - 08:00,17:00:00 - 08:00,11/7/16,11/7/16,,ocd-division/country:us/state:ak/sldl:33Gustavus City ,GUSTAVUS CITY CLERK'S OFFICE,1802 GUSTAVUS RD,,,Gustavus,AK,99826,09:00:00 - 08:00,16:00:00 - 08:00,10/24/16,10/28/16,,ocd-division/country:us/state:ak/sldl:33Gustavus City ,GUSTAVUS CITY CLERK'S OFFICE,1802 GUSTAVUS RD,,,Gustavus,AK,99826,09:00:00 - 08:00,16:00:00 - 08:00,10/31/16,11/4/16,,ocd-division/country:us/state:ak/sldl:33Gustavus City ,GUSTAVUS CITY CLERK'S OFFICE,1802 GUSTAVUS RD,,,Gustavus,AK,99826,09:00:00 - 08:00,16:00:00 - 08:00,11/7/16,11/7/16,,ocd-division/country:us/state:ak/sldl:33Angoon City,ANGOON CITY CLERK'S OFFICE, 700 Aandeinaatt St.,,,Angoon,AK,99820,09:00:00 - 08:00,16:00:00 - 08:00,10/24/16,10/28/16,,ocd-division/country:us/state:ak/sldl:35Angoon City,ANGOON CITY CLERK'S OFFICE, 700 Aandeinaatt St.,,,Angoon,AK,99820,09:00:00 - 08:00,16:00:00 - 08:00,10/31/16,11/4/16,,ocd-division/country:us/state:ak/sldl:35Angoon City,ANGOON CITY CLERK'S OFFICE, 700 Aandeinaatt St.,,,Angoon,AK,99820,09:00:00 - 08:00,16:00:00 - 08:00,11/7/16,11/7/16,,ocd-division/country:us/state:ak/sldl:35Elfin Cove City,ELFIN COVE POST OFFICE, 1 MAIN ST,,,Elfin Cove,AK,99825,09:00:00 - 08:00,16:30:00 - 08:00,10/24/16,10/28/16,,ocd-division/country:us/state:ak/sldl:35Elfin Cove City,ELFIN COVE POST OFFICE, 1 MAIN ST,,,Elfin Cove,AK,99825,09:00:00 - 08:00,16:30:00 - 08:00,10/31/16,11/4/16,,ocd-division/country:us/state:ak/sldl:35Elfin Cove City,ELFIN COVE POST OFFICE, 1 MAIN ST,,,Elfin Cove,AK,99825,09:00:00 - 08:00,16:30:00 - 08:00,11/7/16,11/7/16,,ocd-division/country:us/state:ak/sldl:35Kake City ,KAKE CITY CLERK'S OFFICE,200 3RD AVE,,,Kake City,AK,99830,09:00:00 - 08:00,17:00:00 - 08:00,10/24/16,10/28/16,,ocd-division/country:us/state:ak/sldl:35Kake City ,KAKE CITY CLERK'S OFFICE,200 3RD AVE,,,Kake City,AK,99830,09:00:00 - 08:00,17:00:00 - 08:00,10/31/16,11/4/16,,ocd-division/country:us/state:ak/sldl:35Kake City ,KAKE CITY CLERK'S OFFICE,200 3RD AVE,,,Kake City,AK,99830,09:00:00 - 08:00,17:00:00 - 08:00,11/7/16,11/7/16,,ocd-division/country:us/state:ak/sldl:35KLAWOCK,KLAWOCK CITY CLERK'S OFFICE,550 SUMMIT ST,,,Klawock,AK,99925,09:00:00 - 08:00,17:00:00 - 08:00,10/24/16,10/28/16,,ocd-division/country:us/state:ak/sldl:35KLAWOCK,KLAWOCK CITY CLERK'S OFFICE,550 SUMMIT ST,,,Klawock,AK,99925,09:00:00 - 08:00,17:00:00 - 08:00,10/31/16,11/4/16,,ocd-division/country:us/state:ak/sldl:35KLAWOCK,KLAWOCK CITY CLERK'S OFFICE,550 SUMMIT ST,,,Klawock,AK,99925,09:00:00 - 08:00,17:00:00 - 08:00,11/7/16,11/7/16,,ocd-division/country:us/state:ak/sldl:35TENAKEE SPRINGS,TENAKEE CITY CLERK'S OFFICE,707 E Tenakee Ave,,,Tenakee Springs,AK,99841,09:00:00 - 08:00,14:00:00 - 08:00,10/24/16,10/26/16,,ocd-division/country:us/state:ak/sldl:35TENAKEE SPRINGS,TENAKEE CITY CLERK'S OFFICE,707 E Tenakee Ave,,,Tenakee Springs,AK,99841,09:00:00 - 08:00,14:00:00 - 08:00,10/31/16,11/2/16,,ocd-division/country:us/state:ak/sldl:35TENAKEE SPRINGS,TENAKEE CITY CLERK'S OFFICE,707 E Tenakee Ave,,,Tenakee Springs,AK,99841,09:00:00 - 08:00,14:00:00 - 08:00,11/7/16,11/7/16,,ocd-division/country:us/state:ak/sldl:35THORNE BAY,THORNE BAY CITY CLERK'S OFFICE,120 FREEMAN DR,,,Thorne Bay,AK,99919,09:00:00 - 08:00,12:00:00 - 08:00,11/4/16,11/4/16,,ocd-division/country:us/state:ak/sldl:35THORNE BAY,THORNE BAY CITY CLERK'S OFFICE,120 FREEMAN DR,,,Thorne Bay,AK,99919,09:00:00 - 08:00,12:00:00 - 08:00,10/28/16,10/28/16,,ocd-division/country:us/state:ak/sldl:35THORNE BAY,THORNE BAY CITY CLERK'S OFFICE,120 FREEMAN DR,,,Thorne Bay,AK,99919,09:00:00 - 08:00,16:00:00 - 08:00,10/24/16,10/27/16,,ocd-division/country:us/state:ak/sldl:35THORNE BAY,THORNE BAY CITY CLERK'S OFFICE,120 FREEMAN DR,,,Thorne Bay,AK,99919,09:00:00 - 08:00,16:00:00 - 08:00,10/31/16,11/3/16,,ocd-division/country:us/state:ak/sldl:35THORNE BAY,THORNE BAY CITY CLERK'S OFFICE,120 FREEMAN DR,,,Thorne Bay,AK,99919,09:00:00 - 08:00,16:00:00 - 08:00,11/7/16,11/7/16,,ocd-division/country:us/state:ak/sldl:35Hydaburg City ,HYDABURG CITY CLERK'S OFFICE,8TH STREET EXTENSION,,,Hydaburg,AK,99922,09:00:00 - 08:00,16:30:00 - 08:00,10/24/16,10/28/16,,ocd-division/country:us/state:ak/sldl:36Hydaburg City ,HYDABURG CITY CLERK'S OFFICE,8TH STREET EXTENSION,,,Hydaburg,AK,99922,09:00:00 - 08:00,16:30:00 - 08:00,10/31/16,11/4/16,,ocd-division/country:us/state:ak/sldl:36Hydaburg City ,HYDABURG CITY CLERK'S OFFICE,8TH STREET EXTENSION,,,Hydaburg,AK,99922,09:00:00 - 08:00,16:30:00 - 08:00,11/7/16,11/7/16,,ocd-division/country:us/state:ak/sldl:36Koliganek,NEW KOLIGANEK VILLAGE COUNCIL BUILDING,MAIN STREET,,,Koliganek,AK,99576,09:00:00 - 08:00,17:00:00 - 08:00,10/24/16,10/28/16,,ocd-division/country:us/state:ak/sldl:37Koliganek,NEW KOLIGANEK VILLAGE COUNCIL BUILDING,MAIN STREET,,,Koliganek,AK,99576,09:00:00 - 08:00,17:00:00 - 08:00,10/31/16,11/4/16,,ocd-division/country:us/state:ak/sldl:37Koliganek,NEW KOLIGANEK VILLAGE COUNCIL BUILDING,MAIN STREET,,,Koliganek,AK,99576,09:00:00 - 08:00,17:00:00 - 08:00,11/7/16,11/7/16,,ocd-division/country:us/state:ak/sldl:37Kipnuk,QANGNAQ BUILDING,101 Council Drive,,,Kipnuk,AK,99614,09:00:00 - 08:00,17:00:00 - 08:00,10/24/16,10/28/16,,ocd-division/country:us/state:ak/sldl:38Kipnuk,QANGNAQ BUILDING,101 Council Drive,,,Kipnuk,AK,99614,09:00:00 - 08:00,17:00:00 - 08:00,10/31/16,11/4/16,,ocd-division/country:us/state:ak/sldl:38Kipnuk,QANGNAQ BUILDING,101 Council Drive,,,Kipnuk,AK,99614,09:00:00 - 08:00,17:00:00 - 08:00,11/7/16,11/7/16,,ocd-division/country:us/state:ak/sldl:38Kaltag City ,KALTAG CITY OFFICE,12th Ave,,,KALTAG,AK,99748,09:00:00 - 08:00,17:00:00 - 08:00,10/24/16,10/28/16,,ocd-division/country:us/state:ak/sldl:39Kaltag City ,KALTAG CITY OFFICE,12th Ave,,,KALTAG,AK,99748,09:00:00 - 08:00,17:00:00 - 08:00,10/31/16,11/4/16,,ocd-division/country:us/state:ak/sldl:39Kaltag City ,KALTAG CITY OFFICE,12th Ave,,,KALTAG,AK,99748,09:00:00 - 08:00,17:00:00 - 08:00,11/7/16,11/7/16,,ocd-division/country:us/state:ak/sldl:39Kivalina,CITY OF KIVALINA CONFERENCE ROOM,BERING STREET,,,Kivalina,AK,99750,09:00:00 - 08:00,17:00:00 - 08:00,10/24/16,10/28/16,,ocd-division/country:us/state:ak/sldl:40Kivalina,CITY OF KIVALINA CONFERENCE ROOM,BERING STREET,,,Kivalina,AK,99750,09:00:00 - 08:00,17:00:00 - 08:00,10/31/16,11/4/16,,ocd-division/country:us/state:ak/sldl:40Kivalina,CITY OF KIVALINA CONFERENCE ROOM,BERING STREET,,,Kivalina,AK,99750,09:00:00 - 08:00,17:00:00 - 08:00,11/7/16,11/7/16,,ocd-division/country:us/state:ak/sldl:40Birch Creek City,BIRCH CREEK TRIBAL COUNCIL OFFICE, 909 Cushman Street, Suite 207,,Fairbanks,AK,99701,09:00:00 - 08:00,15:00:00 - 08:00,10/24/16,10/28/16,,ocd-division/country:us/state:akBirch Creek City,BIRCH CREEK TRIBAL COUNCIL OFFICE, 909 Cushman Street, Suite 207,,Fairbanks,AK,99701,09:00:00 - 08:00,15:00:00 - 08:00,10/31/16,11/4/16,,ocd-division/country:us/state:akBirch Creek City,BIRCH CREEK TRIBAL COUNCIL OFFICE, 909 Cushman Street, Suite 207,,Fairbanks,AK,99701,09:00:00 - 08:00,15:00:00 - 08:00,11/7/16,11/7/16,,ocd-division/country:us/state:akHoly Cross City ,HOLY CROSS CITY OFFICE,"REGION III ELECTIONS OFFICE, 675 7TH AVE",Suite H3,,Fairbanks,AK,99701,09:00:00 - 08:00,15:00:00 - 08:00,10/24/16,10/28/16,,ocd-division/country:us/state:akHoly Cross City ,HOLY CROSS CITY OFFICE,"REGION III ELECTIONS OFFICE, 675 7TH AVE",Suite H3,,Fairbanks,AK,99701,09:00:00 - 08:00,15:00:00 - 08:00,10/31/16,11/4/16,,ocd-division/country:us/state:akHoly Cross City ,HOLY CROSS CITY OFFICE,"REGION III ELECTIONS OFFICE, 675 7TH AVE",Suite H3,,Fairbanks,AK,99701,09:00:00 - 08:00,15:00:00 - 08:00,11/7/16,11/7/16,,ocd-division/country:us/state:akDelta Junction City,BUSY BEE OFFICE SUPPLY, 1647 RICHARDSON HWY,,,Delta Junction,AK,99737,09:30:00 - 08:00,16:30:00 - 08:00,10/24/16,10/28/16,,ocd-division/country:us/state:ak/sldl:9Delta Junction City,BUSY BEE OFFICE SUPPLY, 1647 RICHARDSON HWY,,,Delta Junction,AK,99737,09:30:00 - 08:00,16:30:00 - 08:00,10/31/16,11/4/16,,ocd-division/country:us/state:ak/sldl:9Delta Junction City,BUSY BEE OFFICE SUPPLY, 1647 RICHARDSON HWY,,,Delta Junction,AK,99737,09:30:00 - 08:00,16:30:00 - 08:00,11/7/16,11/7/16,,ocd-division/country:us/state:ak/sldl:9TRAPPER CREEK,TRAPPER CREEK PUBLIC LIBRARY,8901 E DEVONSHIRE DR,,,Drive Trapper Creek,AK,99683,10:00:00 - 08:00,15:00:00 - 08:00,10/27/16,10/27/16,,ocd-division/country:us/state:ak/sldl:10TRAPPER CREEK,TRAPPER CREEK PUBLIC LIBRARY,8901 E DEVONSHIRE DR,,,Drive Trapper Creek,AK,99683,10:00:00 - 08:00,15:00:00 - 08:00,11/3/16,11/3/16,,ocd-division/country:us/state:ak/sldl:10NANWALEK,NANWALEK COMMUNITY CENTER,700 N Main St,,,Nanwalek ,AK,99603,10:00:00 - 08:00,14:00:00 - 08:00,10/24/16,10/28/16,,ocd-division/country:us/state:ak/sldl:32NANWALEK,NANWALEK COMMUNITY CENTER,700 N Main St,,,Nanwalek ,AK,99603,10:00:00 - 08:00,14:00:00 - 08:00,10/31/16,11/4/16,,ocd-division/country:us/state:ak/sldl:32NANWALEK,NANWALEK COMMUNITY CENTER,700 N Main St,,,Nanwalek ,AK,99603,10:00:00 - 08:00,14:00:00 - 08:00,11/7/16,11/7/16,,ocd-division/country:us/state:ak/sldl:32OUZINKIE,OUZINKIE CLERK'S OFFICE,3RD AND C ST,,,OUZINKIE,AK,99644,10:00:00 - 08:00,12:00:00 - 08:00,10/24/16,10/28/16,,ocd-division/country:us/state:ak/sldl:32OUZINKIE,OUZINKIE CLERK'S OFFICE,3RD AND C ST,,,OUZINKIE,AK,99644,10:00:00 - 08:00,12:00:00 - 08:00,10/31/16,11/4/16,,ocd-division/country:us/state:ak/sldl:32OUZINKIE,OUZINKIE CLERK'S OFFICE,3RD AND C ST,,,OUZINKIE,AK,99644,10:00:00 - 08:00,12:00:00 - 08:00,11/7/16,11/7/16,,ocd-division/country:us/state:ak/sldl:32SELDOVIA,SELDOVIA CITY CLERK'S OFFICE,235 DOCK ST,,,SELDOVIA,AK,99663,10:00:00 - 08:00,17:00:00 - 08:00,10/24/16,10/28/16,,ocd-division/country:us/state:ak/sldl:32SELDOVIA,SELDOVIA CITY CLERK'S OFFICE,235 DOCK ST,,,SELDOVIA,AK,99663,10:00:00 - 08:00,17:00:00 - 08:00,10/31/16,11/4/16,,ocd-division/country:us/state:ak/sldl:32Coffman Cove City,COFFMAN COVE CITY CLERK'S OFFICE, 310 HARBOR AVE,,,Coffman Cove,AK,99918,10:00:00 - 08:00,14:00:00 - 08:00,10/24/16,10/28/16,,ocd-division/country:us/state:ak/sldl:35Coffman Cove City,COFFMAN COVE CITY CLERK'S OFFICE, 310 HARBOR AVE,,,Coffman Cove,AK,99918,10:00:00 - 08:00,14:00:00 - 08:00,10/31/16,11/4/16,,ocd-division/country:us/state:ak/sldl:35Coffman Cove City,COFFMAN COVE CITY CLERK'S OFFICE, 310 HARBOR AVE,,,Coffman Cove,AK,99918,10:00:00 - 08:00,14:00:00 - 08:00,11/7/16,11/7/16,,ocd-division/country:us/state:ak/sldl:35SELDOVIA,SELDOVIA CITY CLERK'S OFFICE,235 DOCK ST,,,SELDOVIA,AK,99663,10:00:00 - 08:00,17:00:00 - 08:00,11/7/16,11/7/16,,ocd-division/country:us/state:ak/sldl:36WRANGELL,WRANGELL BOROUGH CLERK'S OFFICE,205 BRUEGER,,,Wrangell,AK,99929,10:00:00 - 08:00,17:00:00 - 08:00,10/24/16,10/28/16,,ocd-division/country:us/state:ak/sldl:36WRANGELL,WRANGELL BOROUGH CLERK'S OFFICE,205 BRUEGER,,,Wrangell,AK,99929,10:00:00 - 08:00,17:00:00 - 08:00,10/31/16,11/4/16,,ocd-division/country:us/state:ak/sldl:36WRANGELL,WRANGELL BOROUGH CLERK'S OFFICE,205 BRUEGER,,,Wrangell,AK,99929,10:00:00 - 08:00,17:00:00 - 08:00,11/7/16,11/7/16,,ocd-division/country:us/state:ak/sldl:36Juneau City ,REGION I ELECTIONS OFFICE,9109 Mendenhall Mall Road,Ste 3,,JUNEAU,AK,99801,10:00:00 - 08:00,16:00:00 - 08:00,11/5/16,11/5/16,,ocd-division/country:us/state:akAnchorage Municipality,Region II Elections Office,2525 Gambell Street, Suite 100,,Anchorage,AK,99503-2838,10:00:00 - 08:00,16:00:00 - 08:00,11/5/16,11/5/16,,ocd-division/country:us/state:akWASILLA,REGION II ELECTIONS OFFICE MAT-SU,1700 E BOGARD ROAD,,,Wasilla,AK,99654,10:00:00 - 08:00,16:00:00 - 08:00,11/5/16,11/5/16,,ocd-division/country:us/state:akFairbanks City,Region III Elections Office,675 7th Avenue, Suite H3,,Fairbanks,AK,99701-4542,10:00:00 - 08:00,16:00:00 - 08:00,11/5/16,11/5/16,,ocd-division/country:us/state:akNOME,REGION IV ELECTIONS OFFICE,103 E FRONT STREET STE 230,,,NOME,AK,99762,10:00:00 - 08:00,16:00:00 - 08:00,10/29/16,10/29/16,,ocd-division/country:us/state:akNOME,REGION IV ELECTIONS OFFICE,103 E FRONT STREET STE 230,,,NOME,AK,99762,10:00:00 - 08:00,16:00:00 - 08:00,10/29/16,10/29/16,,ocd-division/country:us/state:akTALKEETNA,TALKEETNA PUBLIC LIBRARY,23151 S TALKEETNA SPUR RD,,,Talkeetna,AK,99676,11:00:00 - 08:00,18:00:00 - 08:00,10/24/16,10/29/16,,ocd-division/country:us/state:ak/sldl:10TALKEETNA,TALKEETNA PUBLIC LIBRARY,23151 S TALKEETNA SPUR RD,,,Talkeetna,AK,99676,11:00:00 - 08:00,18:00:00 - 08:00,10/31/16,11/5/16,,ocd-division/country:us/state:ak/sldl:10Glennallen City ,Cooper Valley Community Library,Mile 186 Glenn Hwy ,,,Glennallen,AK,99588,11:00:00 - 08:00,18:00:00 - 08:00,10/29/16,10/29/16,,ocd-division/country:us/state:ak/sldl:6Glennallen City ,Cooper Valley Community Library,Mile 186 Glenn Hwy ,,,Glennallen,AK,99588,11:00:00 - 08:00,18:00:00 - 08:00,11/5/16,11/5/16,,ocd-division/country:us/state:ak/sldl:6Glennallen City ,Cooper Valley Community Library,Mile 186 Glenn Hwy ,,,Glennallen,AK,99588,11:00:00 - 08:00,18:00:00 - 08:00,10/29/16,10/29/16,,ocd-division/country:us/state:ak/sldl:9Glennallen City ,Cooper Valley Community Library,Mile 186 Glenn Hwy ,,,Glennallen,AK,99588,11:00:00 - 08:00,18:00:00 - 08:00,11/5/16,11/5/16,,ocd-division/country:us/state:ak/sldl:9TRAPPER CREEK,TRAPPER CREEK PUBLIC LIBRARY,8901 E DEVONSHIRE DR,,,Drive Trapper Creek,AK,99683,12:00:00 - 08:00,18:00:00 - 08:00,10/29/16,10/29/16,,ocd-division/country:us/state:ak/sldl:10TRAPPER CREEK,TRAPPER CREEK PUBLIC LIBRARY,8901 E DEVONSHIRE DR,,,Drive Trapper Creek,AK,99683,12:00:00 - 08:00,18:00:00 - 08:00,11/5/16,11/5/16,,ocd-division/country:us/state:ak/sldl:10TRAPPER CREEK,TRAPPER CREEK PUBLIC LIBRARY,8901 E DEVONSHIRE DR,,,Drive Trapper Creek,AK,99683,12:00:00 - 08:00,19:00:00 - 08:00,10/24/16,10/24/16,,ocd-division/country:us/state:ak/sldl:10TRAPPER CREEK,TRAPPER CREEK PUBLIC LIBRARY,8901 E DEVONSHIRE DR,,,Drive Trapper Creek,AK,99683,12:00:00 - 08:00,19:00:00 - 08:00,10/26/16,10/26/16,,ocd-division/country:us/state:ak/sldl:10TRAPPER CREEK,TRAPPER CREEK PUBLIC LIBRARY,8901 E DEVONSHIRE DR,,,Drive Trapper Creek,AK,99683,12:00:00 - 08:00,19:00:00 - 08:00,10/31/16,10/31/16,,ocd-division/country:us/state:ak/sldl:10TRAPPER CREEK,TRAPPER CREEK PUBLIC LIBRARY,8901 E DEVONSHIRE DR,,,Drive Trapper Creek,AK,99683,12:00:00 - 08:00,19:00:00 - 08:00,11/2/16,11/2/16,,ocd-division/country:us/state:ak/sldl:10Juneau City ,REGION I ELECTIONS OFFICE,9109 Mendenhall Mall Road,Ste 3,,JUNEAU,AK,99801,12:00:00 - 08:00,16:00:00 - 08:00,11/6/16,11/6/16,,ocd-division/country:us/state:akAnchorage Municipality,Region II Elections Office,2525 Gambell Street, Suite 100,,Anchorage,AK,99503-2838,12:00:00 - 08:00,16:00:00 - 08:00,11/6/16,11/6/16,,ocd-division/country:us/state:akWASILLA,REGION II ELECTIONS OFFICE MAT-SU,1700 E BOGARD ROAD,,,Wasilla,AK,99654,12:00:00 - 08:00,16:00:00 - 08:00,11/6/16,11/6/16,,ocd-division/country:us/state:akFairbanks City,Region III Elections Office,675 7th Avenue, Suite H3,,Fairbanks,AK,99701-4542,12:00:00 - 08:00,16:00:00 - 08:00,11/6/16,11/6/16,,ocd-division/country:us/state:akNOME,REGION IV ELECTIONS OFFICE,103 E FRONT STREET STE 230,,,NOME,AK,99762,12:00:00 - 08:00,16:00:00 - 08:00,10/30/16,10/30/16,,ocd-division/country:us/state:akNOME,REGION IV ELECTIONS OFFICE,103 E FRONT STREET STE 230,,,NOME,AK,99762,12:00:00 - 08:00,16:00:00 - 08:00,10/30/16,10/30/16,,ocd-division/country:us/state:akEagle City,EAGLE VILLAGE TRIBAL COUNCIL TRIBAL COUNCIL OFFICE,1901 Chamberlain St,,,Eagle,AK,99738,13:00:00 - 08:00,16:00:00 - 08:00,10/25/16,10/27/16,,ocd-division/country:us/state:ak/sldl:6Eagle City,EAGLE VILLAGE TRIBAL COUNCIL TRIBAL COUNCIL OFFICE,1901 Chamberlain St,,,Eagle,AK,99738,13:00:00 - 08:00,16:00:00 - 08:00,11/1/16,11/3/16,,ocd-division/country:us/state:ak/sldl:6TOK,TOK DISTRICT COURT,MILE 1313.5 ALASKA HWY,,,Tok,AK,99780,13:00:00 - 08:00,16:00:00 - 08:00,10/24/16,10/28/16,,ocd-division/country:us/state:ak/sldl:6TOK,TOK DISTRICT COURT,MILE 1313.5 ALASKA HWY,,,Tok,AK,99780,13:00:00 - 08:00,16:00:00 - 08:00,10/31/16,11/4/16,,ocd-division/country:us/state:ak/sldl:6TOK,TOK DISTRICT COURT,MILE 1313.5 ALASKA HWY,,,Tok,AK,99780,13:00:00 - 08:00,16:00:00 - 08:00,11/7/16,11/7/16,,ocd-division/country:us/state:ak/sldl:6LARSEN BAY,LARSEN BAY TRIBAL OFFICE,8 Main St,,,Larsen Bay,AK,99624,13:00:00 - 08:00,16:00:00 - 08:00,10/24/16,10/28/16,,ocd-division/country:us/state:ak/sldl:32LARSEN BAY,LARSEN BAY TRIBAL OFFICE,8 Main St,,,Larsen Bay,AK,99624,13:00:00 - 08:00,16:00:00 - 08:00,10/31/16,11/4/16,,ocd-division/country:us/state:ak/sldl:32LARSEN BAY,LARSEN BAY TRIBAL OFFICE,8 Main St,,,Larsen Bay,AK,99624,13:00:00 - 08:00,16:00:00 - 08:00,11/7/16,11/7/16,,ocd-division/country:us/state:ak/sldl:32Allakaket City,Alatna Tribal Council Office,7 Oscar Way,,,Allakaket,AK,99720,13:00:00 - 08:00,17:00:00 - 08:00,10/24/16,10/28/16,,ocd-division/country:us/state:ak/sldl:40Allakaket City,Alatna Tribal Council Office,7 Oscar Way,,,Allakaket,AK,99720,13:00:00 - 08:00,17:00:00 - 08:00,10/31/16,11/4/16,,ocd-division/country:us/state:ak/sldl:40Allakaket City,Alatna Tribal Council Office,7 Oscar Way,,,Allakaket,AK,99720,13:00:00 - 08:00,17:00:00 - 08:00,11/7/16,11/7/16,,ocd-division/country:us/state:ak/sldl:40Glennallen City ,Cooper Valley Community Library,Mile 186 Glenn Hwy ,,,Glennallen,AK,99588,13:00:00 - 08:00,18:00:00 - 08:00,10/25/16,10/27/16,,ocd-division/country:us/state:ak/sldl:6Glennallen City ,Cooper Valley Community Library,Mile 186 Glenn Hwy ,,,Glennallen,AK,99588,13:00:00 - 08:00,20:00:00 - 08:00,10/28/16,10/28/16,,ocd-division/country:us/state:ak/sldl:6Glennallen City ,Cooper Valley Community Library,Mile 186 Glenn Hwy ,,,Glennallen,AK,99588,13:00:00 - 08:00,18:00:00 - 08:00,11/1/16,11/3/16,,ocd-division/country:us/state:ak/sldl:6Glennallen City ,Cooper Valley Community Library,Mile 186 Glenn Hwy ,,,Glennallen,AK,99588,13:00:00 - 08:00,20:00:00 - 08:00,11/4/16,11/4/16,,ocd-division/country:us/state:ak/sldl:6Glennallen City ,Cooper Valley Community Library,Mile 186 Glenn Hwy ,,,Glennallen,AK,99588,13:00:00 - 08:00,18:00:00 - 08:00,10/25/16,10/27/16,,ocd-division/country:us/state:ak/sldl:9Glennallen City ,Cooper Valley Community Library,Mile 186 Glenn Hwy ,,,Glennallen,AK,99588,13:00:00 - 08:00,20:00:00 - 08:00,10/28/16,10/28/16,,ocd-division/country:us/state:ak/sldl:9Glennallen City ,Cooper Valley Community Library,Mile 186 Glenn Hwy ,,,Glennallen,AK,99588,13:00:00 - 08:00,18:00:00 - 08:00,11/1/16,11/3/16,,ocd-division/country:us/state:ak/sldl:9Glennallen City ,Cooper Valley Community Library,Mile 186 Glenn Hwy ,,,Glennallen,AK,99588,13:00:00 - 08:00,20:00:00 - 08:00,11/4/16,11/4/16,,ocd-division/country:us/state:ak/sldl:9LARSEN BAY,LARSEN BAY TRIBAL OFFICE,8 Main St,,,Larsen Bay,AK,99624,9:00:00 - 08:00,12:00:00 - 08:00,10/24/16,10/28/16,,ocd-division/country:us/state:ak/sldl:32LARSEN BAY,LARSEN BAY TRIBAL OFFICE,8 Main St,,,Larsen Bay,AK,99624,9:00:00 - 08:00,12:00:00 - 08:00,10/31/16,11/4/16,,ocd-division/country:us/state:ak/sldl:32LARSEN BAY,LARSEN BAY TRIBAL OFFICE,8 Main St,,,Larsen Bay,AK,99624,9:00:00 - 08:00,12:00:00 - 08:00,11/7/16,11/7/16,,ocd-division/country:us/state:ak/sldl:32NIKOLAI,NIKOLAI CITY HALL,1 Airport Rd,,,NIKOLAI,AK,99691,9:00:00 - 08:00,15:00:00 - 08:00,10/24/16,10/28/16,,ocd-division/country:us/state:ak/sldl:37NIKOLAI,NIKOLAI CITY HALL,1 Airport Rd,,,NIKOLAI,AK,99691,9:00:00 - 08:00,15:00:00 - 08:00,10/31/16,11/4/16,,ocd-division/country:us/state:ak/sldl:37NIKOLAI,NIKOLAI CITY HALL,1 Airport Rd,,,NIKOLAI,AK,99691,9:00:00 - 08:00,15:00:00 - 08:00,11/7/16,11/7/16,,ocd-division/country:us/state:ak/sldl:37CANTWELL,KELLIE TAYLOR'S RESIDENCE ,MI 0.5 W DENALI HWY,,,CANTWELL,AK,99729,,,10/24/16,11/7/16,TRUE,ocd-division/country:us/state:ak/sldl:6RAMPART,SARA EVANS RESIDENCE,3 FRONT ST,,,RAMPART,AK,99767,,,10/24/16,11/7/16,TRUE,ocd-division/country:us/state:ak/sldl:6WHITTIER,WHITTIER CITY CLERKS OFFICE,110 KENAI ST,,,WHITTIER,AK,99693,9:00:00 - 08:00,15:00:00 - 08:00,10/24/16,10/28/16,,ocd-division/country:us/state:ak/sldl:9WHITTIER,WHITTIER CITY CLERKS OFFICE,110 KENAI ST,,,WHITTIER,AK,99693,9:00:00 - 08:00,15:00:00 - 08:00,10/31/16,11/4/16,,ocd-division/country:us/state:ak/sldl:9WHITTIER,WHITTIER CITY CLERKS OFFICE,110 KENAI ST,,,WHITTIER,AK,99693,9:00:00 - 08:00,15:00:00 - 08:00,11/7/16,11/7/16,,ocd-division/country:us/state:ak/sldl:9WHALE PASS,HILLIS LAND CLEARING,LOT 16,,,WHALE PASS,AK,99950,,,10/24/16,11/7/16,TRUE,ocd-division/country:us/state:ak/sldl:35PETERSBURG,PETERSBURG BOROUGH CLERKS OFFICE,14 S SECOND ST,,,PETERSBURG,AK,99833,09:00:00 - 08:00,15:00:00 - 08:00,10/24/16,10/28/16,,ocd-division/country:us/state:ak/sldl:35PETERSBURG,PETERSBURG BOROUGH CLERKS OFFICE,14 S SECOND ST,,,PETERSBURG,AK,99833,09:00:00 - 08:00,15:00:00 - 08:00,10/31/16,11/4/16,,ocd-division/country:us/state:ak/sldl:35PETERSBURG,PETERSBURG BOROUGH CLERKS OFFICE,14 S SECOND ST,,,PETERSBURG,AK,99833,09:00:00 - 08:00,15:00:00 - 08:00,11/7/16,11/7/16,,ocd-division/country:us/state:ak/sldl:35Naknek,BRISTOL BAY BOROUGH CLERK'S OFFICE,1 MAIN STREET,,,Naknek,AK,99633-0229,09:00:00 - 08:00,15:00:00 - 08:00,10/24/16,10/28/16,,ocd-division/country:us/state:ak/sldl:37Naknek,BRISTOL BAY BOROUGH CLERK'S OFFICE,1 MAIN STREET,,,Naknek,AK,99633-0229,09:00:00 - 08:00,15:00:00 - 08:00,10/31/16,11/4/16,,ocd-division/country:us/state:ak/sldl:37Naknek,BRISTOL BAY BOROUGH CLERK'S OFFICE,1 MAIN STREET,,,Naknek,AK,99633-0229,09:00:00 - 08:00,15:00:00 - 08:00,11/7/16,11/7/16,,ocd-division/country:us/state:ak/sldl:37Port Alsworth,CORRINE OLSEN RESIDENCE,1 CHURCH RD,,,Port Alsworth,AK,99653,09:00:00 - 08:00,15:00:00 - 08:00,10/24/16,10/28/16,,ocd-division/country:us/state:ak/sldl:37Port Alsworth,CORRINE OLSEN RESIDENCE,1 CHURCH RD,,,Port Alsworth,AK,99653,09:00:00 - 08:00,15:00:00 - 08:00,10/31/16,11/4/16,,ocd-division/country:us/state:ak/sldl:37Port Alsworth,CORRINE OLSEN RESIDENCE,1 CHURCH RD,,,Port Alsworth,AK,99653,09:00:00 - 08:00,15:00:00 - 08:00,11/7/16,11/7/16,,ocd-division/country:us/state:ak/sldl:37Manokotak,MANOKOTAK VILLAGE COUNCIL BLDG,2ND STREET,,,Manokotak,AK,99628,09:00:00 - 08:00,15:00:00 - 08:00,10/24/16,10/28/16,,ocd-division/country:us/state:ak/sldl:37Manokotak,MANOKOTAK VILLAGE COUNCIL BLDG,2ND STREET,,,Manokotak,AK,99628,09:00:00 - 08:00,15:00:00 - 08:00,10/31/16,11/4/16,,ocd-division/country:us/state:ak/sldl:37Manokotak,MANOKOTAK VILLAGE COUNCIL BLDG,2ND STREET,,,Manokotak,AK,99628,09:00:00 - 08:00,15:00:00 - 08:00,11/7/16,11/7/16,,ocd-division/country:us/state:ak/sldl:37Perryville,NATIVE VILLAGE OF PERRYVILLE BUILDING,101 1ST AVE,,,Perryville,AK,99648,08:00:00 - 08:00,16:00:00 - 08:00,10/24/16,10/28/16,,ocd-division/country:us/state:ak/sldl:37Perryville,NATIVE VILLAGE OF PERRYVILLE BUILDING,101 1ST AVE,,,Perryville,AK,99648,08:00:00 - 08:00,16:00:00 - 08:00,10/31/16,11/4/16,,ocd-division/country:us/state:ak/sldl:37Perryville,NATIVE VILLAGE OF PERRYVILLE BUILDING,101 1ST AVE,,,Perryville,AK,99648,08:00:00 - 08:00,16:00:00 - 08:00,11/7/16,11/7/16,,ocd-division/country:us/state:ak/sldl:37Nelson Lagoon,NELSON LAGOON COMMUNITY CENTER,NELSON LAGOON COMMUNITY CENTER,,Nelson Lagoon is a census-designated location 580 miles southwest of Anchorage. Only 52 people live there. Have not been able to find precise address for CC.,Cold Bay,AK,99571,,,10/24/16,10/28/16,TRUE,ocd-division/country:us/state:ak/sldl:37Nelson Lagoon,NELSON LAGOON COMMUNITY CENTER,NELSON LAGOON COMMUNITY CENTER,,Nelson Lagoon is a census-designated location 580 miles southwest of Anchorage. Only 52 people live there. Have not been able to find precise address for CC.,Cold Bay,AK,99571,,,10/31/16,11/4/16,TRUE,ocd-division/country:us/state:ak/sldl:37Nelson Lagoon,NELSON LAGOON COMMUNITY CENTER,NELSON LAGOON COMMUNITY CENTER,,Nelson Lagoon is a census-designated location 580 miles southwest of Anchorage. Only 52 people live there. Have not been able to find precise address for CC.,Cold Bay,AK,99571,,,11/7/16,11/7/16,TRUE,ocd-division/country:us/state:ak/sldl:37New Stuyahok,NEW STUYAHOK CITY CLERK'S OFFICE,1 3RD ST,,,New Stuyahok,AK,99636,09:00:00 - 08:00,15:00:00 - 08:00,10/24/16,10/28/16,,ocd-division/country:us/state:ak/sldl:37New Stuyahok,NEW STUYAHOK CITY CLERK'S OFFICE,1 3RD ST,,,New Stuyahok,AK,99636,09:00:00 - 08:00,15:00:00 - 08:00,10/31/16,11/4/16,,ocd-division/country:us/state:ak/sldl:37New Stuyahok,NEW STUYAHOK CITY CLERK'S OFFICE,1 3RD ST,,,New Stuyahok,AK,99636,09:00:00 - 08:00,15:00:00 - 08:00,11/7/16,11/7/16,,ocd-division/country:us/state:ak/sldl:37Nikolski,NIKOLSKI COMMUNITY CENTER,105 LAKEVIEW ROAD,,,Nikolski,AK,99638,09:00:00 - 08:00,17:00:00 - 08:00,10/24/16,10/28/16,,ocd-division/country:us/state:ak/sldl:37Nikolski,NIKOLSKI COMMUNITY CENTER,105 LAKEVIEW ROAD,,,Nikolski,AK,99638,09:00:00 - 08:00,17:00:00 - 08:00,10/31/16,11/4/16,,ocd-division/country:us/state:ak/sldl:37Nikolski,NIKOLSKI COMMUNITY CENTER,105 LAKEVIEW ROAD,,,Nikolski,AK,99638,09:00:00 - 08:00,17:00:00 - 08:00,11/7/16,11/7/16,,ocd-division/country:us/state:ak/sldl:37Nondalton,NONDALTON COMMUNITY CENTER,101 MAIN ST,,,Nondalton,AK,99640,09:00:00 - 08:00,17:00:00 - 08:00,10/24/16,10/28/16,,ocd-division/country:us/state:ak/sldl:37Nondalton,NONDALTON COMMUNITY CENTER,101 MAIN ST,,,Nondalton,AK,99640,09:00:00 - 08:00,17:00:00 - 08:00,10/31/16,11/4/16,,ocd-division/country:us/state:ak/sldl:37Nondalton,NONDALTON COMMUNITY CENTER,101 MAIN ST,,,Nondalton,AK,99640,09:00:00 - 08:00,17:00:00 - 08:00,11/7/16,11/7/16,,ocd-division/country:us/state:ak/sldl:37Pedro Bay,PEDRO BAY VILLAGE COUNCIL BUILDING,2516 MOUNTAIN CIR DR,,,PEDRO BAY,AK,99647,09:00:00 - 08:00,17:00:00 - 08:00,10/24/16,10/28/16,,ocd-division/country:us/state:ak/sldl:37Pedro Bay,PEDRO BAY VILLAGE COUNCIL BUILDING,2516 MOUNTAIN CIR DR,,,PEDRO BAY,AK,99647,09:00:00 - 08:00,17:00:00 - 08:00,10/31/16,11/4/16,,ocd-division/country:us/state:ak/sldl:37Pedro Bay,PEDRO BAY VILLAGE COUNCIL BUILDING,2516 MOUNTAIN CIR DR,,,PEDRO BAY,AK,99647,09:00:00 - 08:00,17:00:00 - 08:00,11/7/16,11/7/16,,ocd-division/country:us/state:ak/sldl:37Pilot Point,PILOT POINT CITY HALL,"600 Airplane Lake Rd, Box 430",,,Pilot Point,AK,99649,09:00:00 - 08:00,17:00:00 - 08:00,10/24/16,10/28/16,,ocd-division/country:us/state:ak/sldl:37Pilot Point,PILOT POINT CITY HALL,"600 Airplane Lake Rd, Box 430",,,Pilot Point,AK,99649,09:00:00 - 08:00,17:00:00 - 08:00,10/31/16,11/4/16,,ocd-division/country:us/state:ak/sldl:37Pilot Point,PILOT POINT CITY HALL,"600 Airplane Lake Rd, Box 430",,,Pilot Point,AK,99649,09:00:00 - 08:00,17:00:00 - 08:00,11/7/16,11/7/16,,ocd-division/country:us/state:ak/sldl:37Sand Point,SAND POINT CITY CLERK'S OFFICE,249 MAIN ST,,,Sand Point,AK,99661,09:00:00 - 08:00,17:00:00 - 08:00,10/24/16,10/28/16,,ocd-division/country:us/state:ak/sldl:37Sand Point,SAND POINT CITY CLERK'S OFFICE,249 MAIN ST,,,Sand Point,AK,99661,09:00:00 - 08:00,17:00:00 - 08:00,10/31/16,11/4/16,,ocd-division/country:us/state:ak/sldl:37Sand Point,SAND POINT CITY CLERK'S OFFICE,249 MAIN ST,,,Sand Point,AK,99661,09:00:00 - 08:00,17:00:00 - 08:00,11/7/16,11/7/16,,ocd-division/country:us/state:ak/sldl:37Sleetmute,SLEETMUTE COMMUNITY CENTER,1ST RD SOUTH,,,Sleetmute,AK,99668,09:00:00 - 08:00,17:00:00 - 08:00,10/24/16,10/28/16,,ocd-division/country:us/state:ak/sldl:37Sleetmute,SLEETMUTE COMMUNITY CENTER,1ST RD SOUTH,,,Sleetmute,AK,99668,09:00:00 - 08:00,17:00:00 - 08:00,10/31/16,11/4/16,,ocd-division/country:us/state:ak/sldl:37Sleetmute,SLEETMUTE COMMUNITY CENTER,1ST RD SOUTH,,,Sleetmute,AK,99668,09:00:00 - 08:00,17:00:00 - 08:00,11/7/16,11/7/16,,ocd-division/country:us/state:ak/sldl:37St. George Island,ST. GEORGE ISLAND CITY CLERK'S OFFICE,100 WATERFRONT ST,,,St. George Island,AK,99591,09:00:00 - 08:00,17:00:00 - 08:00,10/24/16,10/28/16,,ocd-division/country:us/state:ak/sldl:37St. George Island,ST. GEORGE ISLAND CITY CLERK'S OFFICE,100 WATERFRONT ST,,,St. George Island,AK,99591,09:00:00 - 08:00,17:00:00 - 08:00,10/31/16,11/4/16,,ocd-division/country:us/state:ak/sldl:37St. George Island,ST. GEORGE ISLAND CITY CLERK'S OFFICE,100 WATERFRONT ST,,,St. George Island,AK,99591,09:00:00 - 08:00,17:00:00 - 08:00,11/7/16,11/7/16,,ocd-division/country:us/state:ak/sldl:37St. Paul Island,ST. PAUL ISLAND CITY CLERK'S OFFICE,100 MUNICIPAL PLAZA,,,St. Paul Island,AK,99660,09:00:00 - 08:00,17:00:00 - 08:00,10/24/16,10/28/16,,ocd-division/country:us/state:ak/sldl:37St. Paul Island,ST. PAUL ISLAND CITY CLERK'S OFFICE,100 MUNICIPAL PLAZA,,,St. Paul Island,AK,99660,09:00:00 - 08:00,17:00:00 - 08:00,10/31/16,11/4/16,,ocd-division/country:us/state:ak/sldl:37St. Paul Island,ST. PAUL ISLAND CITY CLERK'S OFFICE,100 MUNICIPAL PLAZA,,,St. Paul Island,AK,99660,09:00:00 - 08:00,17:00:00 - 08:00,11/7/16,11/7/16,,ocd-division/country:us/state:ak/sldl:37Stony River,STONY RIVER TRADITIONAL COUNCIL BUILDING,BIRCH RD,BLDG 7,,Stony River,AK,99557,09:00:00 - 08:00,17:00:00 - 08:00,10/24/16,10/28/16,,ocd-division/country:us/state:ak/sldl:37Stony River,STONY RIVER TRADITIONAL COUNCIL BUILDING,BIRCH RD,BLDG 7,,Stony River,AK,99557,09:00:00 - 08:00,17:00:00 - 08:00,10/31/16,11/4/16,,ocd-division/country:us/state:ak/sldl:37Stony River,STONY RIVER TRADITIONAL COUNCIL BUILDING,BIRCH RD,BLDG 7,,Stony River,AK,99557,09:00:00 - 08:00,17:00:00 - 08:00,11/7/16,11/7/16,,ocd-division/country:us/state:ak/sldl:37TAKOTNA,TAKOTNA TRADITIONAL COUNCIL,1 Riverside Drive,,,TAKOTNA,AK,99675,09:00:00 - 08:00,17:00:00 - 08:00,10/24/16,11/7/16,TRUE,ocd-division/country:us/state:ak/sldl:37Togiak,TOGIAK CITY CLERK'S OFFICE,2ND AVENUE,,,TOGIAK,AK,99678,09:00:00 - 08:00,17:00:00 - 08:00,10/24/16,10/28/16,,ocd-division/country:us/state:ak/sldl:37Togiak,TOGIAK CITY CLERK'S OFFICE,2ND AVENUE,,,TOGIAK,AK,99678,09:00:00 - 08:00,17:00:00 - 08:00,10/31/16,11/4/16,,ocd-division/country:us/state:ak/sldl:37Togiak,TOGIAK CITY CLERK'S OFFICE,2ND AVENUE,,,TOGIAK,AK,99678,08:00:00 - 08:00,16:00:00 - 08:00,11/7/16,11/7/16,,ocd-division/country:us/state:ak/sldl:37Twin Hills,TWIN HILLS COUNCIL BUILDING,100 Twin Hills School Ln,,"meets at the Twin Hills School, giving that address",Twin Hills,AK,99576,08:00:00 - 08:00,16:00:00 - 08:00,10/24/16,10/28/16,,ocd-division/country:us/state:ak/sldl:37Twin Hills,TWIN HILLS COUNCIL BUILDING,100 Twin Hills School Ln,,"meets at the Twin Hills School, giving that address",Twin Hills,AK,99576,08:00:00 - 08:00,16:00:00 - 08:00,10/31/16,11/4/16,,ocd-division/country:us/state:ak/sldl:37Twin Hills,TWIN HILLS COUNCIL BUILDING,100 Twin Hills School Ln,,"meets at the Twin Hills School, giving that address",Twin Hills,AK,99576,08:00:00 - 08:00,16:00:00 - 08:00,11/7/16,11/7/16,,ocd-division/country:us/state:ak/sldl:37Unalaska,UNALASKA CITY CLERK'S OFFICE,43 RAVEN WAY,,,Unalaska,AK,99685,08:00:00 - 08:00,16:00:00 - 08:00,10/24/16,10/28/16,,ocd-division/country:us/state:ak/sldl:37Unalaska,UNALASKA CITY CLERK'S OFFICE,43 RAVEN WAY,,,Unalaska,AK,99685,08:00:00 - 08:00,16:00:00 - 08:00,10/31/16,11/4/16,,ocd-division/country:us/state:ak/sldl:37Unalaska,UNALASKA CITY CLERK'S OFFICE,43 RAVEN WAY,,,Unalaska,AK,99685,08:00:00 - 08:00,16:00:00 - 08:00,11/7/16,11/7/16,,ocd-division/country:us/state:ak/sldl:37Kasigluk,AKIUK MEMORIAL SCHOOL DISTRICT OFFICE,104 Village Rd,,,Kasigluk,AK,99609,08:00:00 - 08:00,16:00:00 - 08:00,10/24/16,10/28/16,,ocd-division/country:us/state:ak/sldl:38Kasigluk,AKIUK MEMORIAL SCHOOL DISTRICT OFFICE,104 Village Rd,,,Kasigluk,AK,99609,08:00:00 - 08:00,16:00:00 - 08:00,10/31/16,11/4/16,,ocd-division/country:us/state:ak/sldl:38Kasigluk,AKIUK MEMORIAL SCHOOL DISTRICT OFFICE,104 Village Rd,,,Kasigluk,AK,99609,08:00:00 - 08:00,16:00:00 - 08:00,11/7/16,11/7/16,,ocd-division/country:us/state:ak/sldl:38Marshall,MARSHALL TRADITIONAL COUNCIL BUILDING,110 POLTES AVE,,,Marshall,AK,99585,08:00:00 - 08:00,16:00:00 - 08:00,10/24/16,10/28/16,,ocd-division/country:us/state:ak/sldl:38Marshall,MARSHALL TRADITIONAL COUNCIL BUILDING,110 POLTES AVE,,,Marshall,AK,99585,08:00:00 - 08:00,16:00:00 - 08:00,10/31/16,11/4/16,,ocd-division/country:us/state:ak/sldl:38Marshall,MARSHALL TRADITIONAL COUNCIL BUILDING,110 POLTES AVE,,,Marshall,AK,99585,08:00:00 - 08:00,16:00:00 - 08:00,11/7/16,11/7/16,,ocd-division/country:us/state:ak/sldl:38Upper Kalskag,MULTI PURPOSE CENTER,8 Airport Rd,,"Not in City Hall, but close by",Kalskag,AK,99607,,,10/24/16,10/28/16,TRUE,ocd-division/country:us/state:ak/sldl:38Upper Kalskag,MULTI PURPOSE CENTER,8 Airport Rd,,"Not in City Hall, but close by",Kalskag,AK,99607,,,10/31/16,11/4/16,TRUE,ocd-division/country:us/state:ak/sldl:38Upper Kalskag,MULTI PURPOSE CENTER,8 Airport Rd,,"Not in City Hall, but close by",Kalskag,AK,99607,,,11/7/16,11/7/16,TRUE,ocd-division/country:us/state:ak/sldl:38Napakiak,NAPAKIAK TRIBAL COUNCIL BUILDING,1083 MISSION RD,,,Napakiak,AK,99634,08:00:00 - 08:00,16:00:00 - 08:00,10/24/16,10/28/16,,ocd-division/country:us/state:ak/sldl:38Napakiak,NAPAKIAK TRIBAL COUNCIL BUILDING,1083 MISSION RD,,,Napakiak,AK,99634,08:00:00 - 08:00,16:00:00 - 08:00,10/31/16,11/4/16,,ocd-division/country:us/state:ak/sldl:38Napakiak,NAPAKIAK TRIBAL COUNCIL BUILDING,1083 MISSION RD,,,Napakiak,AK,99634,08:00:00 - 08:00,16:00:00 - 08:00,11/7/16,11/7/16,,ocd-division/country:us/state:ak/sldl:38Napakiak,NAPASKIAK TRIBAL COUNCIL BUILDING,NAPASKIAK,,No address found.,Bethel,AK,99559,,,10/24/16,10/28/16,,ocd-division/country:us/state:ak/sldl:38Napakiak,NAPASKIAK TRIBAL COUNCIL BUILDING,NAPASKIAK,,No address found.,Bethel,AK,99559,,,10/31/16,11/4/16,,ocd-division/country:us/state:ak/sldl:38Napakiak,NAPASKIAK TRIBAL COUNCIL BUILDING,NAPASKIAK,,No address found.,Bethel,AK,99559,,,11/7/16,11/7/16,,ocd-division/country:us/state:ak/sldl:38Newtok,NATIVE VILLAGE OF NEWTOK BUILDING,CHURCH ROAD,,"Newtok Native Village is represented by CALISTA CORPORATION: 601 West 5th Avenue. Ste 200, Anchorage, AK",,,99501-2225,08:00:00 - 08:00,16:00:00 - 08:00,10/24/16,10/28/16,,ocd-division/country:us/state:ak/sldl:38Newtok,NATIVE VILLAGE OF NEWTOK BUILDING,CHURCH ROAD,,"Newtok Native Village is represented by CALISTA CORPORATION: 601 West 5th Avenue. Ste 200, Anchorage, AK",,,99501-2225,08:00:00 - 08:00,16:00:00 - 08:00,10/31/16,11/4/16,,ocd-division/country:us/state:ak/sldl:38Newtok,NATIVE VILLAGE OF NEWTOK BUILDING,CHURCH ROAD,,"Newtok Native Village is represented by CALISTA CORPORATION: 601 West 5th Avenue. Ste 200, Anchorage, AK",,,99501-2225,08:00:00 - 08:00,16:00:00 - 08:00,11/7/16,11/7/16,,ocd-division/country:us/state:ak/sldl:38Nightmute,NIGHTMUTE TRIBAL COUNCIL BUILDING,1 Changtak St,,,Nightmute,AK,99690,08:00:00 - 08:00,16:00:00 - 08:00,10/24/16,10/28/16,,ocd-division/country:us/state:ak/sldl:38Nightmute,NIGHTMUTE TRIBAL COUNCIL BUILDING,1 Changtak St,,,Nightmute,AK,99690,08:00:00 - 08:00,16:00:00 - 08:00,10/31/16,11/4/16,,ocd-division/country:us/state:ak/sldl:38Nightmute,NIGHTMUTE TRIBAL COUNCIL BUILDING,1 Changtak St,,,Nightmute,AK,99690,08:00:00 - 08:00,16:00:00 - 08:00,11/7/16,11/7/16,,ocd-division/country:us/state:ak/sldl:38Quinhagak,QUINHAGAK CITY CLERK'S OFFICE,101 Qanirtuuq Rd,,,Quinhagak,AK,99655,08:00:00 - 08:00,16:00:00 - 08:00,10/24/16,10/28/16,,ocd-division/country:us/state:ak/sldl:38Quinhagak,QUINHAGAK CITY CLERK'S OFFICE,101 Qanirtuuq Rd,,,Quinhagak,AK,99655,08:00:00 - 08:00,16:00:00 - 08:00,10/31/16,11/4/16,,ocd-division/country:us/state:ak/sldl:38Quinhagak,QUINHAGAK CITY CLERK'S OFFICE,101 Qanirtuuq Rd,,,Quinhagak,AK,99655,08:00:00 - 08:00,16:00:00 - 08:00,11/7/16,11/7/16,,ocd-division/country:us/state:ak/sldl:38Tuluksak,TULUKSAK NATIVE COMMUNITY CENTER,101 MAIN ST,,,Tuluksak,AK,99679,09:00:00 - 08:00,17:00:00 - 08:00,10/24/16,10/28/16,,ocd-division/country:us/state:ak/sldl:38Tuluksak,TULUKSAK NATIVE COMMUNITY CENTER,101 MAIN ST,,,Tuluksak,AK,99679,09:00:00 - 08:00,17:00:00 - 08:00,10/31/16,11/4/16,,ocd-division/country:us/state:ak/sldl:38Tuluksak,TULUKSAK NATIVE COMMUNITY CENTER,101 MAIN ST,,,Tuluksak,AK,99679,09:00:00 - 08:00,17:00:00 - 08:00,11/7/16,11/7/16,,ocd-division/country:us/state:ak/sldl:38Mountain Village,ASA' CARSARMIUT TRIBAL COUNCIL BUILDING,1 New Airport Rd,,,Mountain Village,AK,99632,09:00:00 - 08:00,17:00:00 - 08:00,10/24/16,10/28/16,,ocd-division/country:us/state:ak/sldl:39Mountain Village,ASA' CARSARMIUT TRIBAL COUNCIL BUILDING,1 New Airport Rd,,,Mountain Village,AK,99632,09:00:00 - 08:00,17:00:00 - 08:00,10/31/16,11/4/16,,ocd-division/country:us/state:ak/sldl:39Mountain Village,ASA' CARSARMIUT TRIBAL COUNCIL BUILDING,1 New Airport Rd,,,Mountain Village,AK,99632,09:00:00 - 08:00,17:00:00 - 08:00,11/7/16,11/7/16,,ocd-division/country:us/state:ak/sldl:39Kotlik,KOTLIK CITY CLERK'S OFFICE,4 Main St,,,Kotlik,AK,99620,09:00:00 - 08:00,17:00:00 - 08:00,10/24/16,10/28/16,,ocd-division/country:us/state:ak/sldl:39Kotlik,KOTLIK CITY CLERK'S OFFICE,4 Main St,,,Kotlik,AK,99620,09:00:00 - 08:00,17:00:00 - 08:00,10/31/16,11/4/16,,ocd-division/country:us/state:ak/sldl:39Kotlik,KOTLIK CITY CLERK'S OFFICE,4 Main St,,,Kotlik,AK,99620,09:00:00 - 08:00,17:00:00 - 08:00,11/7/16,11/7/16,,ocd-division/country:us/state:ak/sldl:39Koyuk,KOYUK CITY CLERK'S OFFICE,3RD AVE & BIRCH STREET,,,Koyuk,AK,99753,09:00:00 - 08:00,17:00:00 - 08:00,10/24/16,10/28/16,,ocd-division/country:us/state:ak/sldl:39Koyuk,KOYUK CITY CLERK'S OFFICE,3RD AVE & BIRCH STREET,,,Koyuk,AK,99753,09:00:00 - 08:00,17:00:00 - 08:00,10/31/16,11/4/16,,ocd-division/country:us/state:ak/sldl:39Koyuk,KOYUK CITY CLERK'S OFFICE,3RD AVE & BIRCH STREET,,,Koyuk,AK,99753,09:00:00 - 08:00,17:00:00 - 08:00,11/7/16,11/7/16,,ocd-division/country:us/state:ak/sldl:39Nunam Iqua,NATIVE VILLAGE OF NUNAM IQUA BUILDING,"Nunam Iqua City Hall, 101 Mudd St",,,Nunam Iqua,AK,99666,09:00:00 - 08:00,17:00:00 - 08:00,10/24/16,10/28/16,,ocd-division/country:us/state:ak/sldl:39Nunam Iqua,NATIVE VILLAGE OF NUNAM IQUA BUILDING,"Nunam Iqua City Hall, 101 Mudd St",,,Nunam Iqua,AK,99666,09:00:00 - 08:00,17:00:00 - 08:00,10/31/16,11/4/16,,ocd-division/country:us/state:ak/sldl:39Nunam Iqua,NATIVE VILLAGE OF NUNAM IQUA BUILDING,"Nunam Iqua City Hall, 101 Mudd St",,,Nunam Iqua,AK,99666,09:00:00 - 08:00,17:00:00 - 08:00,11/7/16,11/7/16,,ocd-division/country:us/state:ak/sldl:39Savoongaa,SAVOONGA CITY CLERK'S OFFICE,11 AIRPORT RD,,,Savoongaa,AK,99769,09:00:00 - 08:00,17:00:00 - 08:00,10/24/16,10/28/16,,ocd-division/country:us/state:ak/sldl:39Savoongaa,SAVOONGA CITY CLERK'S OFFICE,11 AIRPORT RD,,,Savoongaa,AK,99769,09:00:00 - 08:00,17:00:00 - 08:00,10/31/16,11/4/16,,ocd-division/country:us/state:ak/sldl:39Savoongaa,SAVOONGA CITY CLERK'S OFFICE,11 AIRPORT RD,,,Savoongaa,AK,99769,09:00:00 - 08:00,17:00:00 - 08:00,11/7/16,11/7/16,,ocd-division/country:us/state:ak/sldl:39Scammon Bay,SCAMMON BAY TRIBAL COUNCIL BUILDING,103 ASKUNUK ST,,,Scammon Bay,AK,99662,09:00:00 - 08:00,17:00:00 - 08:00,10/24/16,10/28/16,,ocd-division/country:us/state:ak/sldl:39Scammon Bay,SCAMMON BAY TRIBAL COUNCIL BUILDING,103 ASKUNUK ST,,,Scammon Bay,AK,99662,09:00:00 - 08:00,17:00:00 - 08:00,10/31/16,11/4/16,,ocd-division/country:us/state:ak/sldl:39Scammon Bay,SCAMMON BAY TRIBAL COUNCIL BUILDING,103 ASKUNUK ST,,,Scammon Bay,AK,99662,09:00:00 - 08:00,17:00:00 - 08:00,11/7/16,11/7/16,,ocd-division/country:us/state:ak/sldl:39Shaktoolik,SHAKTOOLIK CITY CLERK'S OFFICE,10 MAIN STREET,,,Shaktoolik,AK,99771,09:00:00 - 08:00,17:00:00 - 08:00,10/24/16,10/28/16,,ocd-division/country:us/state:ak/sldl:39Shaktoolik,SHAKTOOLIK CITY CLERK'S OFFICE,10 MAIN STREET,,,Shaktoolik,AK,99771,09:00:00 - 08:00,17:00:00 - 08:00,10/31/16,11/4/16,,ocd-division/country:us/state:ak/sldl:39Shaktoolik,SHAKTOOLIK CITY CLERK'S OFFICE,10 MAIN STREET,,,Shaktoolik,AK,99771,09:00:00 - 08:00,17:00:00 - 08:00,11/7/16,11/7/16,,ocd-division/country:us/state:ak/sldl:39Shishmaref,SHISHMAREF CITY CLERK'S OFFICE,1 SEAVIEW LN,,,Shishmaref,AK,99772,09:00:00 - 08:00,17:00:00 - 08:00,10/24/16,10/28/16,,ocd-division/country:us/state:ak/sldl:39Shishmaref,SHISHMAREF CITY CLERK'S OFFICE,1 SEAVIEW LN,,,Shishmaref,AK,99772,09:00:00 - 08:00,17:00:00 - 08:00,10/31/16,11/4/16,,ocd-division/country:us/state:ak/sldl:39Shishmaref,SHISHMAREF CITY CLERK'S OFFICE,1 SEAVIEW LN,,,Shishmaref,AK,99772,09:00:00 - 08:00,17:00:00 - 08:00,11/7/16,11/7/16,,ocd-division/country:us/state:ak/sldl:39St. Mary's,ST. MARY'S CITY CLERK'S OFFICE,632 W 6th Avenue ,Suite 250,,Anchorage,AK,99501,09:00:00 - 08:00,17:00:00 - 08:00,10/24/16,10/28/16,,ocd-division/country:us/state:ak/sldl:39St. Mary's,ST. MARY'S CITY CLERK'S OFFICE,632 W 6th Avenue ,Suite 250,,Anchorage,AK,99501,09:00:00 - 08:00,17:00:00 - 08:00,10/31/16,11/4/16,,ocd-division/country:us/state:ak/sldl:39St. Mary's,ST. MARY'S CITY CLERK'S OFFICE,632 W 6th Avenue ,Suite 250,,Anchorage,AK,99501,09:00:00 - 08:00,17:00:00 - 08:00,11/7/16,11/7/16,,ocd-division/country:us/state:ak/sldl:39St. Michael,ST. MICHAEL CITY CLERK'S OFFICE,100 Baker St,,,St. Michael,AK,99659,08:00:00 - 08:00,16:00:00 - 08:00,10/24/16,10/28/16,,ocd-division/country:us/state:ak/sldl:39St. Michael,ST. MICHAEL CITY CLERK'S OFFICE,100 Baker St,,,St. Michael,AK,99659,08:00:00 - 08:00,16:00:00 - 08:00,10/31/16,11/4/16,,ocd-division/country:us/state:ak/sldl:39St. Michael,ST. MICHAEL CITY CLERK'S OFFICE,100 Baker St,,,St. Michael,AK,99659,08:00:00 - 08:00,16:00:00 - 08:00,11/7/16,11/7/16,,ocd-division/country:us/state:ak/sldl:39Stebbins,STEBBINS CITY CLERK'S OFFICE,ABEL STREET,,,Stebbins,AK,99671,08:00:00 - 08:00,16:00:00 - 08:00,10/24/16,10/28/16,,ocd-division/country:us/state:ak/sldl:39Stebbins,STEBBINS CITY CLERK'S OFFICE,ABEL STREET,,,Stebbins,AK,99671,08:00:00 - 08:00,16:00:00 - 08:00,10/31/16,11/4/16,,ocd-division/country:us/state:ak/sldl:39Stebbins,STEBBINS CITY CLERK'S OFFICE,ABEL STREET,,,Stebbins,AK,99671,08:00:00 - 08:00,16:00:00 - 08:00,11/7/16,11/7/16,,ocd-division/country:us/state:ak/sldl:39Teller,TELLER CITY CLERK'S OFFICE,100 AIRPORT MUNICIPAL RM 1,,,Teller,AK,99778,08:00:00 - 08:00,16:00:00 - 08:00,10/24/16,10/28/16,,ocd-division/country:us/state:ak/sldl:39Teller,TELLER CITY CLERK'S OFFICE,100 AIRPORT MUNICIPAL RM 1,,,Teller,AK,99778,08:00:00 - 08:00,16:00:00 - 08:00,10/31/16,11/4/16,,ocd-division/country:us/state:ak/sldl:39Teller,TELLER CITY CLERK'S OFFICE,100 AIRPORT MUNICIPAL RM 1,,,Teller,AK,99778,08:00:00 - 08:00,16:00:00 - 08:00,11/7/16,11/7/16,,ocd-division/country:us/state:ak/sldl:39Unalakleet,UNALAKLEET CITY CLERK'S OFFICE,28 Beach Rd ,,,Unalakleet,AK,99684,08:00:00 - 08:00,16:00:00 - 08:00,10/24/16,10/28/16,,ocd-division/country:us/state:ak/sldl:39Unalakleet,UNALAKLEET CITY CLERK'S OFFICE,28 Beach Rd ,,,Unalakleet,AK,99684,08:00:00 - 08:00,16:00:00 - 08:00,10/31/16,11/4/16,,ocd-division/country:us/state:ak/sldl:39Unalakleet,UNALAKLEET CITY CLERK'S OFFICE,28 Beach Rd ,,,Unalakleet,AK,99684,08:00:00 - 08:00,16:00:00 - 08:00,11/7/16,11/7/16,,ocd-division/country:us/state:ak/sldl:39Coldfoot City,Coldfoot Camp,Mile 175 Dalton Hwy,,,Fairbanks,AK,99701,,,10/24/16,11/7/16,TRUE,ocd-division/country:us/state:ak/sldl:40Noatak,NOATAK IRA CONFERENCE ROOM,MAIN ST,,,Noatak,AK,99761,08:00:00 - 08:00,16:00:00 - 08:00,10/24/16,10/28/16,,ocd-division/country:us/state:ak/sldl:40Noatak,NOATAK IRA CONFERENCE ROOM,MAIN ST,,,Noatak,AK,99761,08:00:00 - 08:00,16:00:00 - 08:00,10/31/16,11/4/16,,ocd-division/country:us/state:ak/sldl:40Noatak,NOATAK IRA CONFERENCE ROOM,MAIN ST,,,Noatak,AK,99761,08:00:00 - 08:00,16:00:00 - 08:00,11/7/16,11/7/16,,ocd-division/country:us/state:ak/sldl:40Noorvik,NOORVIK CITY CLERK'S OFFICE,20 FIREWEED DR,,,Noorvik,AK,99763,08:00:00 - 08:00,16:00:00 - 08:00,10/24/16,10/28/16,,ocd-division/country:us/state:ak/sldl:40Noorvik,NOORVIK CITY CLERK'S OFFICE,20 FIREWEED DR,,,Noorvik,AK,99763,08:00:00 - 08:00,16:00:00 - 08:00,10/31/16,11/4/16,,ocd-division/country:us/state:ak/sldl:40Noorvik,NOORVIK CITY CLERK'S OFFICE,20 FIREWEED DR,,,Noorvik,AK,99763,08:00:00 - 08:00,16:00:00 - 08:00,11/7/16,11/7/16,,ocd-division/country:us/state:ak/sldl:40Kotzebue,NORTHWEST ARCTIC BOROUGH CLERK'S OFFICE,163 LAGOON ST,,,Kotzebue,AK,99752,08:00:00 - 08:00,16:00:00 - 08:00,10/24/16,10/28/16,,ocd-division/country:us/state:ak/sldl:40Kotzebue,NORTHWEST ARCTIC BOROUGH CLERK'S OFFICE,163 LAGOON ST,,,Kotzebue,AK,99752,08:00:00 - 08:00,16:00:00 - 08:00,10/31/16,11/4/16,,ocd-division/country:us/state:ak/sldl:40Kotzebue,NORTHWEST ARCTIC BOROUGH CLERK'S OFFICE,163 LAGOON ST,,,Kotzebue,AK,99752,08:00:00 - 08:00,16:00:00 - 08:00,11/7/16,11/7/16,,ocd-division/country:us/state:ak/sldl:40Point Lay,POINT LAY COMMUNITY CENTER,217 QIGALIK AVE,,,Point Lay,AK,99759,09:00:00 - 08:00,16:00:00 - 08:00,10/24/16,10/28/16,,ocd-division/country:us/state:ak/sldl:40Point Lay,POINT LAY COMMUNITY CENTER,217 QIGALIK AVE,,,Point Lay,AK,99759,09:00:00 - 08:00,16:00:00 - 08:00,10/31/16,11/4/16,,ocd-division/country:us/state:ak/sldl:40Point Lay,POINT LAY COMMUNITY CENTER,217 QIGALIK AVE,,,Point Lay,AK,99759,09:00:00 - 08:00,16:00:00 - 08:00,11/7/16,11/7/16,,ocd-division/country:us/state:ak/sldl:40Selawik,SELAWIK CITY CLERK'S OFFICE,1 Community St,,,Selawik,AK,99770,09:00:00 - 08:00,16:00:00 - 08:00,10/24/16,10/28/16,,ocd-division/country:us/state:ak/sldl:40Selawik,SELAWIK CITY CLERK'S OFFICE,1 Community St,,,Selawik,AK,99770,09:00:00 - 08:00,16:00:00 - 08:00,10/31/16,11/4/16,,ocd-division/country:us/state:ak/sldl:40Selawik,SELAWIK CITY CLERK'S OFFICE,1 Community St,,,Selawik,AK,99770,09:00:00 - 08:00,16:00:00 - 08:00,11/7/16,11/7/16,,ocd-division/country:us/state:ak/sldl:40Shungnak,SHUNGNAK CITY CLERK'S OFFICE,1 ANDY STREET,,,Shungnak,AK,99773,09:00:00 - 08:00,16:00:00 - 08:00,10/24/16,10/28/16,,ocd-division/country:us/state:ak/sldl:40Shungnak,SHUNGNAK CITY CLERK'S OFFICE,1 ANDY STREET,,,Shungnak,AK,99773,09:00:00 - 08:00,16:00:00 - 08:00,10/31/16,11/4/16,,ocd-division/country:us/state:ak/sldl:40Shungnak,SHUNGNAK CITY CLERK'S OFFICE,1 ANDY STREET,,,Shungnak,AK,99773,09:00:00 - 08:00,16:00:00 - 08:00,11/7/16,11/7/16,,ocd-division/country:us/state:ak/sldl:40Anvik City,Nome State Office Building, 103 Front Street, Suite 230,,Nome,AK,99762,,,10/24/16,11/7/16,TRUE,ocd-division/country:us/state:akPRUDHOE BAY,PRUDHOE BAY STATION,"SERVICE AREA 10 CAMP, OLD SPINE RD",,,PRUDHOE BAY,AK,99734,09:00:00 - 08:00,16:00:00 - 08:00,11/4/16,11/7/16,,ocd-division/country:us/state:ak