ocd-division,County,Location Name,Address 1,Address 2,dirs,city,state,zip,start_time,end_time,start_date,end_date,is_only_by_appointment,is_or_by_appointment,Appointment Phone #,is_subject_to_change,is_drop_boxocd-division/country:us/state:ca/county:alameda,Alameda County,Registrar of Voters Office,1225 Fallon Street,,,Oakland,CA,94612,8:30:00 - 07:00,17:00:00 - 07:00,10/10/16,10/14/16,FALSE,FALSE,FALSE,FALSE,ocd-division/country:us/state:ca/county:alameda,Alameda County,Registrar of Voters Office,1225 Fallon Street,,,Oakland,CA,94612,8:30:00 - 07:00,17:00:00 - 07:00,10/17/16,10/21/16,FALSE,FALSE,FALSE,FALSE,ocd-division/country:us/state:ca/county:alameda,Alameda County,Registrar of Voters Office,1225 Fallon Street,,,Oakland,CA,94612,8:30:00 - 07:00,17:00:00 - 07:00,10/24/16,10/28/16,FALSE,FALSE,FALSE,FALSE,ocd-division/country:us/state:ca/county:alameda,Alameda County,Registrar of Voters Office,1225 Fallon Street,,,Oakland,CA,94612,9:00:00 - 07:00,15:00:00 - 07:00,10/29/16,10/30/16,FALSE,FALSE,FALSE,FALSE,ocd-division/country:us/state:ca/county:alameda,Alameda County,Registrar of Voters Office,1225 Fallon Street,,,Oakland,CA,94612,8:30:00 - 07:00,17:00:00 - 07:00,10/31/16,11/4/16,FALSE,FALSE,FALSE,FALSE,ocd-division/country:us/state:ca/county:alameda,Alameda County,Registrar of Voters Office,1225 Fallon Street,,,Oakland,CA,94612,9:00:00 - 07:00,15:00:00 - 07:00,11/5/16,11/6/16,FALSE,FALSE,FALSE,FALSE,ocd-division/country:us/state:ca/county:alameda,Alameda County,Registrar of Voters Office,1225 Fallon Street,,,Oakland,CA,94612,8:30:00 - 08:00,17:00:00 - 08:00,11/7/16,11/7/16,FALSE,FALSE,FALSE,FALSE,ocd-division/country:us/state:ca/county:amador,Amador County,Registrar of Voters,810 Court Street,,,Jackson,CA,95642-2132,08:00:00 - 07:00,17:00:00 - 07:00,10/13/16,10/14/16,FALSE,FALSE,FALSE,FALSE,ocd-division/country:us/state:ca/county:amador,Amador County,Registrar of Voters,810 Court Street,,,Jackson,CA,95642-2132,08:00:00 - 07:00,17:00:00 - 07:00,10/17/16,10/21/16,FALSE,FALSE,FALSE,FALSE,ocd-division/country:us/state:ca/county:amador,Amador County,Registrar of Voters,810 Court Street,,,Jackson,CA,95642-2132,08:00:00 - 07:00,17:00:00 - 07:00,10/24/16,10/28/16,FALSE,FALSE,FALSE,FALSE,ocd-division/country:us/state:ca/county:amador,Amador County,Registrar of Voters,810 Court Street,,,Jackson,CA,95642-2132,08:00:00 - 07:00,17:00:00 - 07:00,10/31/16,11/4/16,FALSE,FALSE,FALSE,FALSE,ocd-division/country:us/state:ca/county:amador,Amador County,Registrar of Voters,810 Court Street,,,Jackson,CA,95642-2132,08:00:00 - 08:00,17:00:00 - 08:00,11/7/16,11/7/16,FALSE,FALSE,FALSE,FALSE,ocd-division/country:us/state:ca/county:butte,Butte County,Elections Office,155 Nelson Ave,,,Oroville,CA,95965,08:00:00 - 07:00,16:00:00 - 07:00,10/10/16,10/14/16,FALSE,FALSE,FALSE,FALSE,ocd-division/country:us/state:ca/county:butte,Butte County,Elections Office,155 Nelson Ave,,,Oroville,CA,95965,08:00:00 - 07:00,16:00:00 - 07:00,10/17/16,10/21/16,FALSE,FALSE,FALSE,FALSE,ocd-division/country:us/state:ca/county:butte,Butte County,Elections Office,155 Nelson Ave,,,Oroville,CA,95965,08:00:00 - 07:00,16:00:00 - 07:00,10/24/16,10/28/16,FALSE,FALSE,FALSE,FALSE,ocd-division/country:us/state:ca/county:butte,Butte County,Elections Office,155 Nelson Ave,,,Oroville,CA,95965,08:00:00 - 07:00,16:00:00 - 07:00,10/31/16,11/4/16,FALSE,FALSE,FALSE,FALSE,ocd-division/country:us/state:ca/county:butte,Butte County,Elections Office,155 Nelson Ave,,,Oroville,CA,95965,08:00:00 - 07:00,16:00:00 - 07:00,11/5/16,11/5/16,FALSE,FALSE,FALSE,FALSE,ocd-division/country:us/state:ca/county:butte,Butte County,Elections Office,155 Nelson Ave,,,Oroville,CA,95965,08:00:00 - 08:00,16:00:00 - 08:00,11/7/16,11/7/16,FALSE,FALSE,FALSE,FALSE,ocd-division/country:us/state:ca/county:calaveras,Calaveras County,County Clerk-Recorder,891 Mountain Ranch Road,,,San Andreas,CA,95249,08:00:00 - 07:00,16:00:00 - 07:00,10/11/16,10/14/16,FALSE,FALSE,FALSE,FALSE,ocd-division/country:us/state:ca/county:calaveras,Calaveras County,County Clerk-Recorder,891 Mountain Ranch Road,,,San Andreas,CA,95249,08:00:00 - 07:00,16:00:00 - 07:00,10/17/16,10/21/16,FALSE,FALSE,FALSE,FALSE,ocd-division/country:us/state:ca/county:calaveras,Calaveras County,County Clerk-Recorder,891 Mountain Ranch Road,,,San Andreas,CA,95249,08:00:00 - 07:00,16:00:00 - 07:00,10/24/16,10/28/16,FALSE,FALSE,FALSE,FALSE,ocd-division/country:us/state:ca/county:calaveras,Calaveras County,County Clerk-Recorder,891 Mountain Ranch Road,,,San Andreas,CA,95249,08:00:00 - 07:00,16:00:00 - 07:00,10/31/16,11/4/16,FALSE,FALSE,FALSE,FALSE,ocd-division/country:us/state:ca/county:calaveras,Calaveras County,County Clerk-Recorder,891 Mountain Ranch Road,,,San Andreas,CA,95249,08:00:00 - 08:00,20:00:00 - 08:00,11/7/16,11/7/16,FALSE,FALSE,FALSE,FALSE,ocd-division/country:us/state:ca/county:contra_costa,Contra Costa County,County Clerk-Recorder-Registrar of Voters,555 Escobar Street,,,Martinez,CA,94553,08:00:00 - 07:00,17:00:00 - 07:00,10/10/16,10/14/16,,,,,ocd-division/country:us/state:ca/county:contra_costa,Contra Costa County,County Clerk-Recorder-Registrar of Voters,555 Escobar Street,,,Martinez,CA,94553,08:00:00 - 07:00,17:00:00 - 07:00,10/17/16,10/21/16,,,,,ocd-division/country:us/state:ca/county:contra_costa,Contra Costa County,County Clerk-Recorder-Registrar of Voters,555 Escobar Street,,,Martinez,CA,94553,08:00:00 - 07:00,17:00:00 - 07:00,10/24/16,10/28/16,,,,,ocd-division/country:us/state:ca/county:contra_costa,Contra Costa County,County Clerk-Recorder-Registrar of Voters,555 Escobar Street,,,Martinez,CA,94553,08:00:00 - 07:00,17:00:00 - 07:00,10/31/16,11/4/16,,,,,ocd-division/country:us/state:ca/county:contra_costa,Contra Costa County,County Clerk-Recorder-Registrar of Voters,555 Escobar Street,,,Martinez,CA,94553,08:00:00 - 08:00,17:00:00 - 08:00,11/7/16,11/7/16,,,,,ocd-division/country:us/state:ca/county:del_norte,Del Norte County,County Clerk-Recorder,"981 H Street, Room 160",,,Crescent City,CA,95531,08:00:00 - 07:00,17:00:00 - 07:00,10/11/16,10/14/16,FALSE,FALSE,FALSE,FALSE,ocd-division/country:us/state:ca/county:del_norte,Del Norte County,County Clerk-Recorder,"981 H Street, Room 160",,,Crescent City,CA,95531,08:00:00 - 07:00,17:00:00 - 07:00,10/17/16,10/21/16,FALSE,FALSE,FALSE,FALSE,ocd-division/country:us/state:ca/county:del_norte,Del Norte County,County Clerk-Recorder,"981 H Street, Room 160",,,Crescent City,CA,95531,08:00:00 - 07:00,17:00:00 - 07:00,10/24/16,10/28/16,FALSE,FALSE,FALSE,FALSE,ocd-division/country:us/state:ca/county:del_norte,Del Norte County,County Clerk-Recorder,"981 H Street, Room 160",,,Crescent City,CA,95531,08:00:00 - 07:00,17:00:00 - 07:00,10/31/16,11/4/16,FALSE,FALSE,FALSE,FALSE,ocd-division/country:us/state:ca/county:del_norte,Del Norte County,County Clerk-Recorder,"981 H Street, Room 160",,,Crescent City,CA,95531,08:00:00 - 08:00,17:00:00 - 08:00,11/7/16,11/7/16,FALSE,FALSE,FALSE,FALSE,ocd-division/country:us/state:ca/county:el_dorado,El Dorado County,Elections Office,2850 Fairlane Ct,,,Placerville,CA,95667,08:00:00 - 07:00,17:00:00 - 07:00,10/10/16,10/14/16,FALSE,FALSE,FALSE,FALSE,ocd-division/country:us/state:ca/county:el_dorado,El Dorado County,Elections Office,2850 Fairlane Ct,,,Placerville,CA,95667,08:00:00 - 07:00,17:00:00 - 07:00,10/17/16,10/21/16,FALSE,FALSE,FALSE,FALSE,ocd-division/country:us/state:ca/county:el_dorado,El Dorado County,Elections Office,2850 Fairlane Ct,,,Placerville,CA,95667,08:00:00 - 07:00,17:00:00 - 07:00,10/24/16,10/28/16,FALSE,FALSE,FALSE,FALSE,ocd-division/country:us/state:ca/county:el_dorado,El Dorado County,Elections Office,2850 Fairlane Ct,,,Placerville,CA,95667,08:00:00 - 07:00,17:00:00 - 07:00,10/31/16,11/4/16,FALSE,FALSE,FALSE,FALSE,ocd-division/country:us/state:ca/county:el_dorado,El Dorado County,Elections Office,2850 Fairlane Ct,,,Placerville,CA,95667,08:00:00 - 08:00,17:00:00 - 08:00,11/7/16,11/7/16,FALSE,FALSE,FALSE,FALSE,ocd-division/country:us/state:ca/county:el_dorado,El Dorado County,Elections Office Branch,3368 Lake Tahoe Blvd 108,,,South Lake Tahoe,CA,96150,08:00:00 - 07:00,12:00:00 - 07:00,10/10/16,10/14/16,FALSE,FALSE,FALSE,FALSE,ocd-division/country:us/state:ca/county:el_dorado,El Dorado County,Elections Office Branch,3368 Lake Tahoe Blvd 108,,,South Lake Tahoe,CA,96150,08:00:00 - 07:00,12:00:00 - 07:00,10/17/16,10/21/16,FALSE,FALSE,FALSE,FALSE,ocd-division/country:us/state:ca/county:el_dorado,El Dorado County,Elections Office Branch,3368 Lake Tahoe Blvd 108,,,South Lake Tahoe,CA,96150,08:00:00 - 07:00,12:00:00 - 07:00,10/24/16,10/28/16,FALSE,FALSE,FALSE,FALSE,ocd-division/country:us/state:ca/county:el_dorado,El Dorado County,Elections Office Branch,3368 Lake Tahoe Blvd 108,,,South Lake Tahoe,CA,96150,08:00:00 - 07:00,12:00:00 - 07:00,10/31/16,11/4/16,FALSE,FALSE,FALSE,FALSE,ocd-division/country:us/state:ca/county:el_dorado,El Dorado County,Elections Office Branch,3368 Lake Tahoe Blvd 108,,,South Lake Tahoe,CA,96150,08:00:00 - 08:00,12:00:00 - 08:00,11/7/16,11/7/16,FALSE,FALSE,FALSE,FALSE,ocd-division/country:us/state:ca/county:el_dorado,El Dorado County,Elections Office Branch,3368 Lake Tahoe Blvd 108,,,South Lake Tahoe,CA,96150,13:00:00 - 07:00,17:00:00 - 07:00,10/10/16,10/14/16,FALSE,FALSE,FALSE,FALSE,ocd-division/country:us/state:ca/county:el_dorado,El Dorado County,Elections Office Branch,3368 Lake Tahoe Blvd 108,,,South Lake Tahoe,CA,96150,13:00:00 - 07:00,17:00:00 - 07:00,10/17/16,10/21/16,FALSE,FALSE,FALSE,FALSE,ocd-division/country:us/state:ca/county:el_dorado,El Dorado County,Elections Office Branch,3368 Lake Tahoe Blvd 108,,,South Lake Tahoe,CA,96150,13:00:00 - 07:00,17:00:00 - 07:00,10/24/16,10/28/16,FALSE,FALSE,FALSE,FALSE,ocd-division/country:us/state:ca/county:el_dorado,El Dorado County,Elections Office Branch,3368 Lake Tahoe Blvd 108,,,South Lake Tahoe,CA,96150,13:00:00 - 07:00,17:00:00 - 07:00,10/31/16,11/4/16,FALSE,FALSE,FALSE,FALSE,ocd-division/country:us/state:ca/county:el_dorado,El Dorado County,Elections Office Branch,3368 Lake Tahoe Blvd 108,,,South Lake Tahoe,CA,96150,13:00:00 - 08:00,17:00:00 - 08:00,11/7/16,11/7/16,FALSE,FALSE,FALSE,FALSE,ocd-division/country:us/state:ca/county:fresno,Fresno County,County Clerk-Registrar of Voters,2221 Kern Street,,,Fresno,CA,93721,08:30:00 - 07:00,17:00:00 - 07:00,10/10/16,10/14/16,FALSE,FALSE,FALSE,FALSE,ocd-division/country:us/state:ca/county:fresno,Fresno County,County Clerk-Registrar of Voters,2221 Kern Street,,,Fresno,CA,93721,08:30:00 - 07:00,17:00:00 - 07:00,10/17/16,10/21/16,FALSE,FALSE,FALSE,FALSE,ocd-division/country:us/state:ca/county:fresno,Fresno County,County Clerk-Registrar of Voters,2221 Kern Street,,,Fresno,CA,93721,08:30:00 - 07:00,17:00:00 - 07:00,10/24/16,10/28/16,FALSE,FALSE,FALSE,FALSE,ocd-division/country:us/state:ca/county:fresno,Fresno County,County Clerk-Registrar of Voters,2221 Kern Street,,,Fresno,CA,93721,08:30:00 - 07:00,17:00:00 - 07:00,10/31/16,11/4/16,FALSE,FALSE,FALSE,FALSE,ocd-division/country:us/state:ca/county:fresno,Fresno County,County Clerk-Registrar of Voters,2221 Kern Street,,,Fresno,CA,93721,08:30:00 - 08:00,17:00:00 - 08:00,11/7/16,11/7/16,FALSE,FALSE,FALSE,FALSE,ocd-division/country:us/state:ca/county:glenn,Glenn County,County Clerk-Recorder,516 W. Sycamore Street,,,Willows,CA,95988,08:00:00 - 07:00,17:00:00 - 07:00,10/10/16,10/14/16,FALSE,FALSE,FALSE,FALSE,ocd-division/country:us/state:ca/county:glenn,Glenn County,County Clerk-Recorder,516 W. Sycamore Street,,,Willows,CA,95988,08:00:00 - 07:00,17:00:00 - 07:00,10/17/16,10/21/16,FALSE,FALSE,FALSE,FALSE,ocd-division/country:us/state:ca/county:glenn,Glenn County,County Clerk-Recorder,516 W. Sycamore Street,,,Willows,CA,95988,08:00:00 - 07:00,17:00:00 - 07:00,10/24/16,10/28/16,FALSE,FALSE,FALSE,FALSE,ocd-division/country:us/state:ca/county:glenn,Glenn County,County Clerk-Recorder,516 W. Sycamore Street,,,Willows,CA,95988,08:00:00 - 07:00,17:00:00 - 07:00,10/31/16,11/4/16,FALSE,FALSE,FALSE,FALSE,ocd-division/country:us/state:ca/county:glenn,Glenn County,County Clerk-Recorder,516 W. Sycamore Street,,,Willows,CA,95988,06:00:00 - 08:00,20:00:00 - 08:00,11/7/16,11/7/16,FALSE,FALSE,FALSE,FALSE,ocd-division/country:us/state:ca/county:humboldt,Humboldt County,County Clerk-Recorder-Registrar of Voters,2426 6th Street,,,Eureka,CA,95501,8:30:00 - 07:00,12:00:00 - 07:00,10/11/16,10/14/16,FALSE,FALSE,FALSE,FALSE,ocd-division/country:us/state:ca/county:humboldt,Humboldt County,County Clerk-Recorder-Registrar of Voters,2426 6th Street,,,Eureka,CA,95501,8:30:00 - 07:00,12:00:00 - 07:00,10/17/16,10/21/16,FALSE,FALSE,FALSE,FALSE,ocd-division/country:us/state:ca/county:humboldt,Humboldt County,County Clerk-Recorder-Registrar of Voters,2426 6th Street,,,Eureka,CA,95501,8:30:00 - 07:00,12:00:00 - 07:00,10/24/16,10/28/16,FALSE,FALSE,FALSE,FALSE,ocd-division/country:us/state:ca/county:humboldt,Humboldt County,County Clerk-Recorder-Registrar of Voters,2426 6th Street,,,Eureka,CA,95501,8:30:00 - 07:00,12:00:00 - 07:00,10/31/16,11/4/16,FALSE,FALSE,FALSE,FALSE,ocd-division/country:us/state:ca/county:humboldt,Humboldt County,County Clerk-Recorder-Registrar of Voters,2426 6th Street,,,Eureka,CA,95501,08:30:00 - 08:00,12:00:00 - 08:00,11/7/16,11/7/16,FALSE,FALSE,FALSE,FALSE,ocd-division/country:us/state:ca/county:humboldt,Humboldt County,County Clerk-Recorder-Registrar of Voters,2426 6th Street,,,Eureka,CA,95501,13:00:00 - 07:00,17:00:00 - 07:00,10/11/16,10/14/16,FALSE,FALSE,FALSE,FALSE,ocd-division/country:us/state:ca/county:humboldt,Humboldt County,County Clerk-Recorder-Registrar of Voters,2426 6th Street,,,Eureka,CA,95501,13:00:00 - 07:00,17:00:00 - 07:00,10/17/16,10/21/16,FALSE,FALSE,FALSE,FALSE,ocd-division/country:us/state:ca/county:humboldt,Humboldt County,County Clerk-Recorder-Registrar of Voters,2426 6th Street,,,Eureka,CA,95501,13:00:00 - 07:00,17:00:00 - 07:00,10/24/16,10/28/16,FALSE,FALSE,FALSE,FALSE,ocd-division/country:us/state:ca/county:humboldt,Humboldt County,County Clerk-Recorder-Registrar of Voters,2426 6th Street,,,Eureka,CA,95501,13:00:00 - 07:00,17:00:00 - 07:00,10/31/16,11/4/16,FALSE,FALSE,FALSE,FALSE,ocd-division/country:us/state:ca/county:humboldt,Humboldt County,County Clerk-Recorder-Registrar of Voters,2426 6th Street,,,Eureka,CA,95501,13:00:00 - 08:00,17:00:00 - 08:00,11/7/16,11/7/16,FALSE,FALSE,FALSE,FALSE,ocd-division/country:us/state:ca/county:imperial,Imperial County,Registrar of Voters,"940 Main Street, Ste 206",,,El Centro,CA,92243,08:00:00 - 07:00,17:00:00 - 07:00,10/11/16,10/14/16,FALSE,FALSE,FALSE,FALSE,ocd-division/country:us/state:ca/county:imperial,Imperial County,Registrar of Voters,"940 Main Street, Ste 206",,,El Centro,CA,92243,08:00:00 - 07:00,17:00:00 - 07:00,10/17/16,10/21/16,FALSE,FALSE,FALSE,FALSE,ocd-division/country:us/state:ca/county:imperial,Imperial County,Registrar of Voters,"940 Main Street, Ste 206",,,El Centro,CA,92243,08:00:00 - 07:00,17:00:00 - 07:00,10/24/16,10/28/16,FALSE,FALSE,FALSE,FALSE,ocd-division/country:us/state:ca/county:imperial,Imperial County,Registrar of Voters,"940 Main Street, Ste 206",,,El Centro,CA,92243,08:00:00 - 07:00,17:00:00 - 07:00,10/31/16,11/4/16,FALSE,FALSE,FALSE,FALSE,ocd-division/country:us/state:ca/county:imperial,Imperial County,Registrar of Voters,"940 Main Street, Ste 206",,,El Centro,CA,92243,09:00:00 - 07:00,15:00:00 - 07:00,11/5/16,11/6/16,FALSE,FALSE,FALSE,FALSE,ocd-division/country:us/state:ca/county:imperial,Imperial County,Registrar of Voters,"940 Main Street, Ste 206",,,El Centro,CA,92243,08:00:00 - 08:00,17:00:00 - 08:00,11/7/16,11/7/16,FALSE,FALSE,FALSE,FALSE,ocd-division/country:us/state:ca/county:inyo,Inyo County,Inyo County Courthouse,168 N. Edwards St,,,Independence,CA,93526,08:00:00 - 07:00,17:00:00 - 07:00,10/10/16,10/14/16,FALSE,FALSE,FALSE,FALSE,ocd-division/country:us/state:ca/county:inyo,Inyo County,Inyo County Courthouse,168 N. Edwards St,,,Independence,CA,93526,08:00:00 - 07:00,17:00:00 - 07:00,10/17/16,10/21/16,FALSE,FALSE,FALSE,FALSE,ocd-division/country:us/state:ca/county:inyo,Inyo County,Inyo County Courthouse,168 N. Edwards St,,,Independence,CA,93526,08:00:00 - 07:00,17:00:00 - 07:00,10/24/16,10/28/16,FALSE,FALSE,FALSE,FALSE,ocd-division/country:us/state:ca/county:inyo,Inyo County,Inyo County Courthouse,168 N. Edwards St,,,Independence,CA,93526,08:00:00 - 07:00,17:00:00 - 07:00,10/31/16,11/4/16,FALSE,FALSE,FALSE,FALSE,ocd-division/country:us/state:ca/county:inyo,Inyo County,Inyo County Courthouse,168 N. Edwards St,,,Independence,CA,93526,08:00:00 - 08:00,17:00:00 - 08:00,11/7/16,11/7/16,FALSE,FALSE,FALSE,FALSE,ocd-division/country:us/state:ca/county:kern,Kern County,Auditor-Controller-County Clerk-Registrar of Voters,1115 Truxtun Avenue,,,Bakersfield,CA,93301,08:00:00 - 07:00,17:00:00 - 07:00,10/10/16,10/14/16,FALSE,FALSE,FALSE,FALSE,ocd-division/country:us/state:ca/county:kern,Kern County,Auditor-Controller-County Clerk-Registrar of Voters,1115 Truxtun Avenue,,,Bakersfield,CA,93301,08:00:00 - 07:00,17:00:00 - 07:00,10/17/16,10/21/16,FALSE,FALSE,FALSE,FALSE,ocd-division/country:us/state:ca/county:kern,Kern County,Auditor-Controller-County Clerk-Registrar of Voters,1115 Truxtun Avenue,,,Bakersfield,CA,93301,08:00:00 - 07:00,17:00:00 - 07:00,10/24/16,10/28/16,FALSE,FALSE,FALSE,FALSE,ocd-division/country:us/state:ca/county:kern,Kern County,Auditor-Controller-County Clerk-Registrar of Voters,1115 Truxtun Avenue,,,Bakersfield,CA,93301,08:00:00 - 07:00,17:00:00 - 07:00,10/31/16,11/4/16,FALSE,FALSE,FALSE,FALSE,ocd-division/country:us/state:ca/county:kern,Kern County,Auditor-Controller-County Clerk-Registrar of Voters,1115 Truxtun Avenue,,,Bakersfield,CA,93301,08:00:00 - 08:00,17:00:00 - 08:00,11/7/16,11/7/16,FALSE,FALSE,FALSE,FALSE,ocd-division/country:us/state:ca/county:kings,Kings County,Registrar of Voters-Recorder-County Clerk,1400 W. Lacey Blvd.,,,Hanford,CA,93230,08:00:00 - 07:00,17:00:00 - 07:00,10/11/16,10/14/16,FALSE,FALSE,FALSE,FALSE,ocd-division/country:us/state:ca/county:kings,Kings County,Registrar of Voters-Recorder-County Clerk,1400 W. Lacey Blvd.,,,Hanford,CA,93230,08:00:00 - 07:00,17:00:00 - 07:00,10/17/16,10/21/16,FALSE,FALSE,FALSE,FALSE,ocd-division/country:us/state:ca/county:kings,Kings County,Registrar of Voters-Recorder-County Clerk,1400 W. Lacey Blvd.,,,Hanford,CA,93230,08:00:00 - 07:00,17:00:00 - 07:00,10/24/16,10/28/16,FALSE,FALSE,FALSE,FALSE,ocd-division/country:us/state:ca/county:kings,Kings County,Registrar of Voters-Recorder-County Clerk,1400 W. Lacey Blvd.,,,Hanford,CA,93230,08:00:00 - 07:00,17:00:00 - 07:00,10/31/16,11/4/16,FALSE,FALSE,FALSE,FALSE,ocd-division/country:us/state:ca/county:kings,Kings County,Registrar of Voters-Recorder-County Clerk,1400 W. Lacey Blvd.,,,Hanford,CA,93230,08:00:00 - 08:00,17:00:00 - 08:00,11/7/16,11/7/16,FALSE,FALSE,FALSE,FALSE,ocd-division/country:us/state:ca/county:lassen,Lassen County,County Clerk-Recorder,"220 S. Lassen Street, Ste 5",,,Susanville,CA,96130,9:00:00 - 07:00,12:00:00 - 07:00,10/10/16,10/14/16,FALSE,FALSE,FALSE,FALSE,ocd-division/country:us/state:ca/county:lassen,Lassen County,County Clerk-Recorder,"220 S. Lassen Street, Ste 5",,,Susanville,CA,96130,9:00:00 - 07:00,12:00:00 - 07:00,10/17/16,10/21/16,FALSE,FALSE,FALSE,FALSE,ocd-division/country:us/state:ca/county:lassen,Lassen County,County Clerk-Recorder,"220 S. Lassen Street, Ste 5",,,Susanville,CA,96130,9:00:00 - 07:00,12:00:00 - 07:00,10/24/16,10/28/16,FALSE,FALSE,FALSE,FALSE,ocd-division/country:us/state:ca/county:lassen,Lassen County,County Clerk-Recorder,"220 S. Lassen Street, Ste 5",,,Susanville,CA,96130,9:00:00 - 07:00,12:00:00 - 07:00,10/31/16,11/4/16,FALSE,FALSE,FALSE,FALSE,ocd-division/country:us/state:ca/county:lassen,Lassen County,County Clerk-Recorder,"220 S. Lassen Street, Ste 5",,,Susanville,CA,96130,09:00:00 - 08:00,12:00:00 - 08:00,11/7/16,11/7/16,FALSE,FALSE,FALSE,FALSE,ocd-division/country:us/state:ca/county:lassen,Lassen County,County Clerk-Recorder,"220 S. Lassen Street, Ste 5",,,Susanville,CA,96130,13:00:00 - 07:00,16:30:00 - 07:00,10/10/16,10/14/16,FALSE,FALSE,FALSE,FALSE,ocd-division/country:us/state:ca/county:lassen,Lassen County,County Clerk-Recorder,"220 S. Lassen Street, Ste 5",,,Susanville,CA,96130,13:00:00 - 07:00,16:30:00 - 07:00,10/17/16,10/21/16,FALSE,FALSE,FALSE,FALSE,ocd-division/country:us/state:ca/county:lassen,Lassen County,County Clerk-Recorder,"220 S. Lassen Street, Ste 5",,,Susanville,CA,96130,13:00:00 - 07:00,16:30:00 - 07:00,10/24/16,10/28/16,FALSE,FALSE,FALSE,FALSE,ocd-division/country:us/state:ca/county:lassen,Lassen County,County Clerk-Recorder,"220 S. Lassen Street, Ste 5",,,Susanville,CA,96130,13:00:00 - 07:00,16:30:00 - 07:00,10/31/16,11/4/16,FALSE,FALSE,FALSE,FALSE,ocd-division/country:us/state:ca/county:lassen,Lassen County,County Clerk-Recorder,"220 S. Lassen Street, Ste 5",,,Susanville,CA,96130,13:00:00 - 08:00,16:30:00 - 08:00,11/7/16,11/7/16,FALSE,FALSE,FALSE,FALSE,ocd-division/country:us/state:ca/county:los_angeles,Los Angeles County,Election Office,12400 Imperial Hwy.,,,Norwalk,CA,90650,08:00:00 - 07:00,17:00:00 - 07:00,10/11/16,10/14/16,FALSE,FALSE,FALSE,FALSE,ocd-division/country:us/state:ca/county:los_angeles,Los Angeles County,Election Office,12400 Imperial Hwy.,,,Norwalk,CA,90650,08:00:00 - 07:00,17:00:00 - 07:00,10/17/16,10/21/16,FALSE,FALSE,FALSE,FALSE,ocd-division/country:us/state:ca/county:los_angeles,Los Angeles County,Election Office,12400 Imperial Hwy.,,,Norwalk,CA,90650,08:00:00 - 07:00,17:00:00 - 07:00,10/24/16,10/28/16,FALSE,FALSE,FALSE,FALSE,ocd-division/country:us/state:ca/county:los_angeles,Los Angeles County,Election Office,12400 Imperial Hwy.,,,Norwalk,CA,90650,08:00:00 - 07:00,16:00:00 - 07:00,10/29/16,10/29/16,FALSE,FALSE,FALSE,FALSE,ocd-division/country:us/state:ca/county:los_angeles,Los Angeles County,Election Office,12400 Imperial Hwy.,,,Norwalk,CA,90650,08:00:00 - 07:00,17:00:00 - 07:00,10/31/16,11/4/16,FALSE,FALSE,FALSE,FALSE,ocd-division/country:us/state:ca/county:los_angeles,Los Angeles County,Election Office,12400 Imperial Hwy.,,,Norwalk,CA,90650,08:00:00 - 07:00,16:00:00 - 07:00,11/5/16,11/5/16,FALSE,FALSE,FALSE,FALSE,ocd-division/country:us/state:ca/county:los_angeles,Los Angeles County,Election Office,12400 Imperial Hwy.,,,Norwalk,CA,90650,08:00:00 - 08:00,17:00:00 - 08:00,11/7/16,11/7/16,FALSE,FALSE,FALSE,FALSE,ocd-division/country:us/state:ca/county:madera,Madera County,Office of the County Clerk-Recorder,200 W. 4th Street,,,Madera,CA,93637,08:00:00 - 07:00,17:00:00 - 07:00,10/10/16,10/14/16,FALSE,FALSE,FALSE,FALSE,ocd-division/country:us/state:ca/county:madera,Madera County,Office of the County Clerk-Recorder,200 W. 4th Street,,,Madera,CA,93637,08:00:00 - 07:00,17:00:00 - 07:00,10/17/16,10/21/16,FALSE,FALSE,FALSE,FALSE,ocd-division/country:us/state:ca/county:madera,Madera County,Office of the County Clerk-Recorder,200 W. 4th Street,,,Madera,CA,93637,08:00:00 - 07:00,17:00:00 - 07:00,10/24/16,10/28/16,FALSE,FALSE,FALSE,FALSE,ocd-division/country:us/state:ca/county:madera,Madera County,Office of the County Clerk-Recorder,200 W. 4th Street,,,Madera,CA,93637,08:00:00 - 07:00,17:00:00 - 07:00,10/31/16,11/4/16,FALSE,FALSE,FALSE,FALSE,ocd-division/country:us/state:ca/county:madera,Madera County,Office of the County Clerk-Recorder,200 W. 4th Street,,,Madera,CA,93637,10:00:00 - 07:00,15:00:00 - 07:00,11/5/16,11/5/16,FALSE,FALSE,FALSE,FALSE,ocd-division/country:us/state:ca/county:madera,Madera County,Sheriff's Office,48267 Liberty Lane,,,Oakhurst,CA,93644,10:00:00 - 07:00,15:00:00 - 07:00,11/5/16,11/5/16,FALSE,FALSE,FALSE,FALSE,ocd-division/country:us/state:ca/county:marin,Marin County,Registrar of Voters,"3501 Civic Center, Room 121",,,San Rafael,CA,94903,08:00:00 - 07:00,16:30:00 - 07:00,10/10/16,10/14/16,FALSE,FALSE,FALSE,FALSE,ocd-division/country:us/state:ca/county:marin,Marin County,Registrar of Voters,"3501 Civic Center, Room 121",,,San Rafael,CA,94903,08:00:00 - 07:00,16:30:00 - 07:00,10/17/16,10/21/16,FALSE,FALSE,FALSE,FALSE,ocd-division/country:us/state:ca/county:marin,Marin County,Registrar of Voters,"3501 Civic Center, Room 121",,,San Rafael,CA,94903,08:00:00 - 07:00,16:30:00 - 07:00,10/24/16,10/28/16,FALSE,FALSE,FALSE,FALSE,ocd-division/country:us/state:ca/county:marin,Marin County,Registrar of Voters,"3501 Civic Center, Room 121",,,San Rafael,CA,94903,08:00:00 - 07:00,16:30:00 - 07:00,10/31/16,11/4/16,FALSE,FALSE,FALSE,FALSE,ocd-division/country:us/state:ca/county:marin,Marin County,Registrar of Voters,"3501 Civic Center, Room 121",,,San Rafael,CA,94903,08:00:00 - 08:00,16:30:00 - 08:00,11/7/16,11/7/16,FALSE,FALSE,FALSE,FALSE,ocd-division/country:us/state:ca/county:mariposa,Mariposa County,County Clerk,4982 10th Street,,,Mariposa,CA,95338,08:00:00 - 07:00,17:00:00 - 07:00,10/11/16,10/14/16,FALSE,FALSE,FALSE,FALSE,ocd-division/country:us/state:ca/county:mariposa,Mariposa County,County Clerk,4982 10th Street,,,Mariposa,CA,95338,08:00:00 - 07:00,17:00:00 - 07:00,10/17/16,10/21/16,FALSE,FALSE,FALSE,FALSE,ocd-division/country:us/state:ca/county:mariposa,Mariposa County,County Clerk,4982 10th Street,,,Mariposa,CA,95338,08:00:00 - 07:00,17:00:00 - 07:00,10/24/16,10/28/16,FALSE,FALSE,FALSE,FALSE,ocd-division/country:us/state:ca/county:mariposa,Mariposa County,County Clerk,4982 10th Street,,,Mariposa,CA,95338,08:00:00 - 07:00,17:00:00 - 07:00,10/31/16,11/4/16,FALSE,FALSE,FALSE,FALSE,ocd-division/country:us/state:ca/county:mariposa,Mariposa County,County Clerk,4982 10th Street,,,Mariposa,CA,95338,08:00:00 - 08:00,17:00:00 - 08:00,11/7/16,11/7/16,FALSE,FALSE,FALSE,FALSE,ocd-division/country:us/state:ca/county:mendocino,Mendocino County,Assessor-County Clerk-Recorder,"501 Low Gap Rd., Room 1020",,,Ukiah,CA,95482,08:00:00 - 07:00,17:00:00 - 07:00,10/10/16,10/14/16,FALSE,FALSE,FALSE,FALSE,ocd-division/country:us/state:ca/county:mendocino,Mendocino County,Assessor-County Clerk-Recorder,"501 Low Gap Rd., Room 1020",,,Ukiah,CA,95482,08:00:00 - 07:00,17:00:00 - 07:00,10/17/16,10/21/16,FALSE,FALSE,FALSE,FALSE,ocd-division/country:us/state:ca/county:mendocino,Mendocino County,Assessor-County Clerk-Recorder,"501 Low Gap Rd., Room 1020",,,Ukiah,CA,95482,08:00:00 - 07:00,17:00:00 - 07:00,10/24/16,10/28/16,FALSE,FALSE,FALSE,FALSE,ocd-division/country:us/state:ca/county:mendocino,Mendocino County,Assessor-County Clerk-Recorder,"501 Low Gap Rd., Room 1020",,,Ukiah,CA,95482,08:00:00 - 07:00,17:00:00 - 07:00,10/31/16,11/4/16,FALSE,FALSE,FALSE,FALSE,ocd-division/country:us/state:ca/county:mendocino,Mendocino County,Assessor-County Clerk-Recorder,"501 Low Gap Rd., Room 1020",,,Ukiah,CA,95482,08:00:00 - 08:00,17:00:00 - 08:00,11/7/16,11/7/16,FALSE,FALSE,FALSE,FALSE,ocd-division/country:us/state:ca/county:merced,Merced County,County Clerk,"2222 M Street, Room 14",,,Merced,CA,95340,08:00:00 - 07:00,17:00:00 - 07:00,10/11/16,10/14/16,FALSE,FALSE,FALSE,FALSE,ocd-division/country:us/state:ca/county:merced,Merced County,County Clerk,"2222 M Street, Room 14",,,Merced,CA,95340,08:00:00 - 07:00,17:00:00 - 07:00,10/17/16,10/21/16,FALSE,FALSE,FALSE,FALSE,ocd-division/country:us/state:ca/county:merced,Merced County,County Clerk,"2222 M Street, Room 14",,,Merced,CA,95340,08:00:00 - 07:00,17:00:00 - 07:00,10/24/16,10/28/16,FALSE,FALSE,FALSE,FALSE,ocd-division/country:us/state:ca/county:merced,Merced County,County Clerk,"2222 M Street, Room 14",,,Merced,CA,95340,08:00:00 - 07:00,17:00:00 - 07:00,10/31/16,11/4/16,FALSE,FALSE,FALSE,FALSE,ocd-division/country:us/state:ca/county:merced,Merced County,County Clerk,"2222 M Street, Room 14",,,Merced,CA,95340,08:00:00 - 08:00,17:00:00 - 08:00,11/7/16,11/7/16,FALSE,FALSE,FALSE,FALSE,ocd-division/country:us/state:ca/county:modoc,Modoc County,County Auditor-Clerk-Recorder,108 E. Modoc Street,,,Alturas,CA,96101,8:30:00 - 07:00,12:00:00 - 07:00,10/11/16,10/14/16,FALSE,FALSE,FALSE,FALSE,ocd-division/country:us/state:ca/county:modoc,Modoc County,County Auditor-Clerk-Recorder,108 E. Modoc Street,,,Alturas,CA,96101,8:30:00 - 07:00,12:00:00 - 07:00,10/17/16,10/21/16,FALSE,FALSE,FALSE,FALSE,ocd-division/country:us/state:ca/county:modoc,Modoc County,County Auditor-Clerk-Recorder,108 E. Modoc Street,,,Alturas,CA,96101,8:30:00 - 07:00,12:00:00 - 07:00,10/24/16,10/28/16,FALSE,FALSE,FALSE,FALSE,ocd-division/country:us/state:ca/county:modoc,Modoc County,County Auditor-Clerk-Recorder,108 E. Modoc Street,,,Alturas,CA,96101,8:30:00 - 07:00,12:00:00 - 07:00,10/31/16,11/4/16,FALSE,FALSE,FALSE,FALSE,ocd-division/country:us/state:ca/county:modoc,Modoc County,County Auditor-Clerk-Recorder,108 E. Modoc Street,,,Alturas,CA,96101,08:30:00 - 08:00,12:00:00 - 08:00,11/7/16,11/7/16,FALSE,FALSE,FALSE,FALSE,ocd-division/country:us/state:ca/county:modoc,Modoc County,County Auditor-Clerk-Recorder,108 E. Modoc Street,,,Alturas,CA,96101,13:00:00 - 07:00,17:00:00 - 07:00,10/11/16,10/14/16,FALSE,FALSE,FALSE,FALSE,ocd-division/country:us/state:ca/county:modoc,Modoc County,County Auditor-Clerk-Recorder,108 E. Modoc Street,,,Alturas,CA,96101,13:00:00 - 07:00,17:00:00 - 07:00,10/17/16,10/21/16,FALSE,FALSE,FALSE,FALSE,ocd-division/country:us/state:ca/county:modoc,Modoc County,County Auditor-Clerk-Recorder,108 E. Modoc Street,,,Alturas,CA,96101,13:00:00 - 07:00,17:00:00 - 07:00,10/24/16,10/28/16,FALSE,FALSE,FALSE,FALSE,ocd-division/country:us/state:ca/county:modoc,Modoc County,County Auditor-Clerk-Recorder,108 E. Modoc Street,,,Alturas,CA,96101,13:00:00 - 07:00,17:00:00 - 07:00,10/31/16,11/4/16,FALSE,FALSE,FALSE,FALSE,ocd-division/country:us/state:ca/county:modoc,Modoc County,County Auditor-Clerk-Recorder,108 E. Modoc Street,,,Alturas,CA,96101,13:00:00 - 08:00,17:00:00 - 08:00,11/7/16,11/7/16,FALSE,FALSE,FALSE,FALSE,ocd-division/country:us/state:ca/county:mono,Mono County,County Clerk-Recorder-Registrar,74 N. School Street,,Annex I,Bridgeport,CA,93517,08:00:00 - 07:00,17:00:00 - 07:00,10/11/16,10/14/16,FALSE,FALSE,FALSE,FALSE,ocd-division/country:us/state:ca/county:mono,Mono County,County Clerk-Recorder-Registrar,74 N. School Street,,Annex I,Bridgeport,CA,93517,08:00:00 - 07:00,17:00:00 - 07:00,10/17/16,10/21/16,FALSE,FALSE,FALSE,FALSE,ocd-division/country:us/state:ca/county:mono,Mono County,County Clerk-Recorder-Registrar,74 N. School Street,,Annex I,Bridgeport,CA,93517,08:00:00 - 07:00,17:00:00 - 07:00,10/24/16,10/28/16,FALSE,FALSE,FALSE,FALSE,ocd-division/country:us/state:ca/county:mono,Mono County,County Clerk-Recorder-Registrar,74 N. School Street,,Annex I,Bridgeport,CA,93517,08:00:00 - 07:00,17:00:00 - 07:00,10/31/16,11/4/16,FALSE,FALSE,FALSE,FALSE,ocd-division/country:us/state:ca/county:mono,Mono County,County Clerk-Recorder-Registrar,74 N. School Street,,Annex I,Bridgeport,CA,93517,08:00:00 - 08:00,17:00:00 - 08:00,11/7/16,11/7/16,FALSE,FALSE,FALSE,FALSE,ocd-division/country:us/state:ca/county:monterey,Monterey County,Registrar of Voters,1370 S. Main St # B,,,Salinas,CA,93901,08:00:00 - 07:00,17:00:00 - 07:00,10/10/16,10/14/16,FALSE,FALSE,FALSE,FALSE,ocd-division/country:us/state:ca/county:monterey,Monterey County,Registrar of Voters,1370 S. Main St # B,,,Salinas,CA,93901,08:00:00 - 07:00,17:00:00 - 07:00,10/17/16,10/21/16,FALSE,FALSE,FALSE,FALSE,ocd-division/country:us/state:ca/county:monterey,Monterey County,Registrar of Voters,1370 S. Main St # B,,,Salinas,CA,93901,08:00:00 - 07:00,17:00:00 - 07:00,10/24/16,10/28/16,FALSE,FALSE,FALSE,FALSE,ocd-division/country:us/state:ca/county:monterey,Monterey County,Registrar of Voters,1370 S. Main St # B,,,Salinas,CA,93901,08:00:00 - 07:00,17:00:00 - 07:00,10/31/16,11/4/16,FALSE,FALSE,FALSE,FALSE,ocd-division/country:us/state:ca/county:monterey,Monterey County,Registrar of Voters,1370 S. Main St # B,,,Salinas,CA,93901,09:00:00 - 07:00,17:00:00 - 07:00,10/29/16,10/29/16,FALSE,FALSE,FALSE,FALSE,ocd-division/country:us/state:ca/county:monterey,Monterey County,Registrar of Voters,1370 S. Main St # B,,,Salinas,CA,93901,09:00:00 - 07:00,17:00:00 - 07:00,11/5/16,11/5/16,FALSE,FALSE,FALSE,FALSE,ocd-division/country:us/state:ca/county:monterey,Monterey County,Registrar of Voters,1370 S. Main St # B,,,Salinas,CA,93901,08:00:00 - 08:00,17:00:00 - 08:00,11/7/16,11/7/16,FALSE,FALSE,FALSE,FALSE,ocd-division/country:us/state:ca/county:napa,Napa County,County Clerk's Office,"900 Coombs St, Room 256",,,Napa,CA,94559,08:00:00 - 07:00,17:00:00 - 07:00,10/11/16,10/14/16,FALSE,FALSE,FALSE,FALSE,ocd-division/country:us/state:ca/county:napa,Napa County,County Clerk's Office,"900 Coombs St, Room 256",,,Napa,CA,94559,08:00:00 - 07:00,17:00:00 - 07:00,10/17/16,10/21/16,FALSE,FALSE,FALSE,FALSE,ocd-division/country:us/state:ca/county:napa,Napa County,County Clerk's Office,"900 Coombs St, Room 256",,,Napa,CA,94559,08:00:00 - 07:00,17:00:00 - 07:00,10/24/16,10/28/16,FALSE,FALSE,FALSE,FALSE,ocd-division/country:us/state:ca/county:napa,Napa County,County Clerk's Office,"900 Coombs St, Room 256",,,Napa,CA,94559,08:00:00 - 07:00,17:00:00 - 07:00,10/31/16,11/4/16,FALSE,FALSE,FALSE,FALSE,ocd-division/country:us/state:ca/county:napa,Napa County,County Clerk's Office,"900 Coombs St, Room 256",,,Napa,CA,94559,8:30:00 - 07:00,16:30:00 - 07:00,11/5/16,11/5/16,FALSE,FALSE,FALSE,FALSE,ocd-division/country:us/state:ca/county:napa,Napa County,County Clerk's Office,"900 Coombs St, Room 256",,,Napa,CA,94559,8:30:00 - 07:00,16:30:00 - 07:00,11/6/16,11/6/16,FALSE,FALSE,FALSE,FALSE,ocd-division/country:us/state:ca/county:napa,Napa County,County Clerk's Office,"900 Coombs St, Room 256",,,Napa,CA,94559,08:00:00 - 08:00,17:00:00 - 08:00,11/7/16,11/7/16,FALSE,FALSE,FALSE,FALSE,ocd-division/country:us/state:ca/county:nevada,Nevada County,County Clerk Office,"950 Maidu Avenue, Ste 250",,,Nevada City,CA,95959,08:00:00 - 07:00,17:00:00 - 07:00,10/11/16,10/14/16,FALSE,FALSE,FALSE,FALSE,ocd-division/country:us/state:ca/county:nevada,Nevada County,County Clerk Office,"950 Maidu Avenue, Ste 250",,,Nevada City,CA,95959,08:00:00 - 07:00,17:00:00 - 07:00,10/17/16,10/21/16,FALSE,FALSE,FALSE,FALSE,ocd-division/country:us/state:ca/county:nevada,Nevada County,County Clerk Office,"950 Maidu Avenue, Ste 250",,,Nevada City,CA,95959,08:00:00 - 07:00,17:00:00 - 07:00,10/24/16,10/28/16,FALSE,FALSE,FALSE,FALSE,ocd-division/country:us/state:ca/county:nevada,Nevada County,County Clerk Office,"950 Maidu Avenue, Ste 250",,,Nevada City,CA,95959,08:00:00 - 07:00,17:00:00 - 07:00,10/31/16,11/4/16,FALSE,FALSE,FALSE,FALSE,ocd-division/country:us/state:ca/county:nevada,Nevada County,County Clerk Office,"950 Maidu Avenue, Ste 250",,,Nevada City,CA,95959,9:00:00 - 07:00,16:00:00 - 07:00,11/5/16,11/5/16,FALSE,FALSE,FALSE,FALSE,ocd-division/country:us/state:ca/county:nevada,Nevada County,County Clerk Office,"950 Maidu Avenue, Ste 250",,,Nevada City,CA,95959,08:00:00 - 08:00,17:00:00 - 08:00,11/7/16,11/7/16,FALSE,FALSE,FALSE,FALSE,ocd-division/country:us/state:ca/county:nevada,Nevada County,Truckee Town Hall,10183 Truckee Airport Road,,,Truckee,CA,96161,08:00:00 - 07:00,12:00:00 - 07:00,10/11/16,10/14/16,,,,,ocd-division/country:us/state:ca/county:nevada,Nevada County,Truckee Town Hall,10183 Truckee Airport Road,,,Truckee,CA,96161,08:00:00 - 07:00,12:00:00 - 07:00,10/17/16,10/21/16,,,,,ocd-division/country:us/state:ca/county:nevada,Nevada County,Truckee Town Hall,10183 Truckee Airport Road,,,Truckee,CA,96161,08:00:00 - 07:00,12:00:00 - 07:00,10/24/16,10/28/16,,,,,ocd-division/country:us/state:ca/county:nevada,Nevada County,Truckee Town Hall,10183 Truckee Airport Road,,,Truckee,CA,96161,08:00:00 - 07:00,12:00:00 - 07:00,10/31/16,11/4/16,,,,,ocd-division/country:us/state:ca/county:nevada,Nevada County,Truckee Town Hall,10183 Truckee Airport Road,,,Truckee,CA,96161,08:00:00 - 08:00,12:00:00 - 08:00,11/7/16,11/7/16,,,,,ocd-division/country:us/state:ca/county:nevada,Nevada County,Truckee Town Hall,10183 Truckee Airport Road,,,Truckee,CA,96161,13:00:00 - 07:00,17:00:00 - 07:00,10/11/16,10/14/16,,,,,ocd-division/country:us/state:ca/county:nevada,Nevada County,Truckee Town Hall,10183 Truckee Airport Road,,,Truckee,CA,96161,13:00:00 - 07:00,17:00:00 - 07:00,10/17/16,10/21/16,,,,,ocd-division/country:us/state:ca/county:nevada,Nevada County,Truckee Town Hall,10183 Truckee Airport Road,,,Truckee,CA,96161,13:00:00 - 07:00,17:00:00 - 07:00,10/24/16,10/28/16,,,,,ocd-division/country:us/state:ca/county:nevada,Nevada County,Truckee Town Hall,10183 Truckee Airport Road,,,Truckee,CA,96161,13:00:00 - 07:00,17:00:00 - 07:00,10/31/16,11/4/16,,,,,ocd-division/country:us/state:ca/county:nevada,Nevada County,Truckee Town Hall,10183 Truckee Airport Road,,,Truckee,CA,96161,13:00:00 - 08:00,17:00:00 - 08:00,11/7/16,11/7/16,,,,,ocd-division/country:us/state:ca/county:placer,Placer County,County Clerk Office,2956 Richardson Drive,,,Auburn,CA,95603,08:00:00 - 07:00,17:00:00 - 07:00,10/11/16,10/14/16,FALSE,FALSE,FALSE,FALSE,ocd-division/country:us/state:ca/county:placer,Placer County,County Clerk Office,2956 Richardson Drive,,,Auburn,CA,95603,08:00:00 - 07:00,17:00:00 - 07:00,10/17/16,10/21/16,FALSE,FALSE,FALSE,FALSE,ocd-division/country:us/state:ca/county:placer,Placer County,County Clerk Office,2956 Richardson Drive,,,Auburn,CA,95603,08:00:00 - 07:00,17:00:00 - 07:00,10/24/16,10/28/16,FALSE,FALSE,FALSE,FALSE,ocd-division/country:us/state:ca/county:placer,Placer County,County Clerk Office,2956 Richardson Drive,,,Auburn,CA,95603,9:00:00 - 07:00,16:00:00 - 07:00,10/29/16,10/29/16,FALSE,FALSE,FALSE,FALSE,ocd-division/country:us/state:ca/county:placer,Placer County,County Clerk Office,2956 Richardson Drive,,,Auburn,CA,95603,9:00:00 - 07:00,16:00:00 - 07:00,10/30/16,10/30/16,FALSE,FALSE,FALSE,FALSE,ocd-division/country:us/state:ca/county:placer,Placer County,County Clerk Office,2956 Richardson Drive,,,Auburn,CA,95603,08:00:00 - 07:00,17:00:00 - 07:00,10/31/16,11/4/16,FALSE,FALSE,FALSE,FALSE,ocd-division/country:us/state:ca/county:placer,Placer County,County Clerk Office,2956 Richardson Drive,,,Auburn,CA,95603,9:00:00 - 07:00,16:00:00 - 07:00,11/5/16,11/5/16,FALSE,FALSE,FALSE,FALSE,ocd-division/country:us/state:ca/county:placer,Placer County,County Clerk Office,2956 Richardson Drive,,,Auburn,CA,95603,9:00:00 - 07:00,16:00:00 - 07:00,11/6/16,11/6/16,FALSE,FALSE,FALSE,FALSE,ocd-division/country:us/state:ca/county:placer,Placer County,County Clerk Office,2956 Richardson Drive,,,Auburn,CA,95603,08:00:00 - 08:00,17:00:00 - 08:00,11/7/16,11/7/16,FALSE,FALSE,FALSE,FALSE,ocd-division/country:us/state:ca/county:riverside,Riverside County,Registrar of Voters,2724 Gateway Drive,,,Riverside,CA,92507-0918,08:00:00 - 07:00,17:00:00 - 07:00,10/10/16,10/14/16,FALSE,FALSE,FALSE,FALSE,ocd-division/country:us/state:ca/county:riverside,Riverside County,Registrar of Voters,2724 Gateway Drive,,,Riverside,CA,92507-0918,08:00:00 - 07:00,17:00:00 - 07:00,10/17/16,10/21/16,FALSE,FALSE,FALSE,FALSE,ocd-division/country:us/state:ca/county:riverside,Riverside County,Registrar of Voters,2724 Gateway Drive,,,Riverside,CA,92507-0918,08:00:00 - 07:00,17:00:00 - 07:00,10/24/16,10/28/16,FALSE,FALSE,FALSE,FALSE,ocd-division/country:us/state:ca/county:riverside,Riverside County,Registrar of Voters,2724 Gateway Drive,,,Riverside,CA,92507-0918,09:00:00 - 07:00,16:00:00 - 07:00,10/29/16,10/29/16,FALSE,FALSE,FALSE,FALSE,ocd-division/country:us/state:ca/county:riverside,Riverside County,Registrar of Voters,2724 Gateway Drive,,,Riverside,CA,92507-0918,08:00:00 - 07:00,17:00:00 - 07:00,10/31/16,11/4/16,FALSE,FALSE,FALSE,FALSE,ocd-division/country:us/state:ca/county:riverside,Riverside County,Registrar of Voters,2724 Gateway Drive,,,Riverside,CA,92507-0918,09:00:00 - 07:00,16:00:00 - 07:00,11/5/16,11/5/16,FALSE,FALSE,FALSE,FALSE,ocd-division/country:us/state:ca/county:riverside,Riverside County,Registrar of Voters,2724 Gateway Drive,,,Riverside,CA,92507-0918,08:00:00 - 08:00,17:00:00 - 08:00,11/7/16,11/7/16,FALSE,FALSE,FALSE,FALSE,ocd-division/country:us/state:ca/county:san_benito,San Benito County,San Benito County Elections Office,440 Fifth Street,,2nd Floor Room 206,Hollister,CA,95023,08:00:00 - 07:00,17:00:00 - 07:00,10/11/16,10/14/16,FALSE,FALSE,FALSE,FALSE,ocd-division/country:us/state:ca/county:san_benito,San Benito County,San Benito County Elections Office,440 Fifth Street,,2nd Floor Room 206,Hollister,CA,95023,08:00:00 - 07:00,17:00:00 - 07:00,10/17/16,10/21/16,FALSE,FALSE,FALSE,FALSE,ocd-division/country:us/state:ca/county:san_benito,San Benito County,San Benito County Elections Office,440 Fifth Street,,2nd Floor Room 206,Hollister,CA,95023,08:00:00 - 07:00,17:00:00 - 07:00,10/24/16,10/28/16,FALSE,FALSE,FALSE,FALSE,ocd-division/country:us/state:ca/county:san_benito,San Benito County,San Benito County Elections Office,440 Fifth Street,,2nd Floor Room 206,Hollister,CA,95023,08:00:00 - 07:00,17:00:00 - 07:00,10/31/16,11/4/16,FALSE,FALSE,FALSE,FALSE,ocd-division/country:us/state:ca/county:san_benito,San Benito County,San Benito County Elections Office,440 Fifth Street,,2nd Floor Room 206,Hollister,CA,95023,9:00:00 - 07:00,15:00:00 - 07:00,11/5/16,11/6/16,FALSE,FALSE,FALSE,FALSE,ocd-division/country:us/state:ca/county:san_benito,San Benito County,San Benito County Elections Office,440 Fifth Street,,2nd Floor Room 206,Hollister,CA,95023,08:00:00 - 08:00,17:00:00 - 08:00,11/7/16,11/7/16,FALSE,FALSE,FALSE,FALSE,ocd-division/country:us/state:ca/county:san_bernardino,San Bernardino County,San Bernardino Elections Office,777 E. Rialto Avenue,,,San Bernardino,CA,92415,07:30:00 - 07:00,17:30:00 - 07:00,10/11/16,10/14/16,FALSE,FALSE,FALSE,FALSE,ocd-division/country:us/state:ca/county:san_bernardino,San Bernardino County,San Bernardino Elections Office,777 E. Rialto Avenue,,,San Bernardino,CA,92415,07:30:00 - 07:00,17:30:00 - 07:00,10/17/16,10/21/16,FALSE,FALSE,FALSE,FALSE,ocd-division/country:us/state:ca/county:san_bernardino,San Bernardino County,San Bernardino Elections Office,777 E. Rialto Avenue,,,San Bernardino,CA,92415,07:30:00 - 07:00,17:30:00 - 07:00,10/24/16,10/28/16,FALSE,FALSE,FALSE,FALSE,ocd-division/country:us/state:ca/county:san_bernardino,San Bernardino County,San Bernardino Elections Office,777 E. Rialto Avenue,,,San Bernardino,CA,92415,07:30:00 - 07:00,17:30:00 - 07:00,10/31/16,11/4/16,FALSE,FALSE,FALSE,FALSE,ocd-division/country:us/state:ca/county:san_bernardino,San Bernardino County,San Bernardino Elections Office,777 E. Rialto Avenue,,,San Bernardino,CA,92415,07:30:00 - 07:00,17:30:00 - 07:00,11/5/16,11/5/16,FALSE,FALSE,FALSE,FALSE,ocd-division/country:us/state:ca/county:san_bernardino,San Bernardino County,San Bernardino Elections Office,777 E. Rialto Avenue,,,San Bernardino,CA,92415,07:30:00 - 08:00,17:30:00 - 08:00,11/7/16,11/7/16,FALSE,FALSE,FALSE,FALSE,ocd-division/country:us/state:ca/county:san_diego,San Diego County,Registrar of Voters,5600 Overland Avenue,,,San Diego,CA,92123,08:00:00 - 07:00,17:00:00 - 07:00,10/10/16,10/14/16,FALSE,FALSE,FALSE,FALSE,ocd-division/country:us/state:ca/county:san_diego,San Diego County,Registrar of Voters,5600 Overland Avenue,,,San Diego,CA,92123,08:00:00 - 07:00,17:00:00 - 07:00,10/17/16,10/21/16,FALSE,FALSE,FALSE,FALSE,ocd-division/country:us/state:ca/county:san_diego,San Diego County,Registrar of Voters,5600 Overland Avenue,,,San Diego,CA,92123,08:00:00 - 07:00,17:00:00 - 07:00,10/24/16,10/28/16,FALSE,FALSE,FALSE,FALSE,ocd-division/country:us/state:ca/county:san_diego,San Diego County,Registrar of Voters,5600 Overland Avenue,,,San Diego,CA,92123,08:00:00 - 07:00,17:00:00 - 07:00,10/31/16,11/4/16,FALSE,FALSE,FALSE,FALSE,ocd-division/country:us/state:ca/county:san_diego,San Diego County,Registrar of Voters,5600 Overland Avenue,,,San Diego,CA,92123,08:00:00 - 07:00,17:00:00 - 07:00,11/5/16,11/6/16,FALSE,FALSE,FALSE,FALSE,ocd-division/country:us/state:ca/county:san_diego,San Diego County,Registrar of Voters,5600 Overland Avenue,,,San Diego,CA,92123,08:00:00 - 08:00,17:00:00 - 08:00,11/7/16,11/7/16,FALSE,FALSE,FALSE,FALSE,ocd-division/country:us/state:ca/county:san_francisco,San Francisco County,Early Voting Center,1 Dr. Carlton B. Goodlett Place,,Room 48,San Francisco,CA,94102,08:00:00 - 07:00,17:00:00 - 07:00,10/11/16,10/14/16,FALSE,FALSE,FALSE,FALSE,ocd-division/country:us/state:ca/county:san_francisco,San Francisco County,Early Voting Center,1 Dr. Carlton B. Goodlett Place,,Room 48,San Francisco,CA,94102,08:00:00 - 07:00,17:00:00 - 07:00,10/17/16,10/21/16,FALSE,FALSE,FALSE,FALSE,ocd-division/country:us/state:ca/county:san_francisco,San Francisco County,Early Voting Center,1 Dr. Carlton B. Goodlett Place,,Room 48,San Francisco,CA,94102,08:00:00 - 07:00,17:00:00 - 07:00,10/24/16,10/28/16,FALSE,FALSE,FALSE,FALSE,ocd-division/country:us/state:ca/county:san_francisco,San Francisco County,Early Voting Center,1 Dr. Carlton B. Goodlett Place,,Room 48,San Francisco,CA,94102,10:00:00 - 07:00,16:00:00 - 07:00,10/29/16,10/30/16,FALSE,FALSE,FALSE,FALSE,ocd-division/country:us/state:ca/county:san_francisco,San Francisco County,Early Voting Center,1 Dr. Carlton B. Goodlett Place,,Room 48,San Francisco,CA,94102,08:00:00 - 07:00,17:00:00 - 07:00,10/31/16,11/4/16,FALSE,FALSE,FALSE,FALSE,ocd-division/country:us/state:ca/county:san_francisco,San Francisco County,Early Voting Center,1 Dr. Carlton B. Goodlett Place,,Room 48,San Francisco,CA,94102,10:00:00 - 07:00,16:00:00 - 07:00,11/5/16,11/6/16,FALSE,FALSE,FALSE,FALSE,ocd-division/country:us/state:ca/county:san_joaquin,San Joaquin County,San Joaquin County Registrar of Voters,44 N San Joaquin St,Suite 340,,Stockton,CA,95202,08:00:00 - 07:00,17:00:00 - 07:00,10/10/16,10/14/16,,,,,ocd-division/country:us/state:ca/county:san_joaquin,San Joaquin County,San Joaquin County Registrar of Voters,44 N San Joaquin St,Suite 340,,Stockton,CA,95202,08:00:00 - 07:00,17:00:00 - 07:00,10/17/16,10/21/16,,,,,ocd-division/country:us/state:ca/county:san_joaquin,San Joaquin County,San Joaquin County Registrar of Voters,44 N San Joaquin St,Suite 340,,Stockton,CA,95202,08:00:00 - 07:00,17:00:00 - 07:00,10/24/16,10/28/16,,,,,ocd-division/country:us/state:ca/county:san_joaquin,San Joaquin County,San Joaquin County Registrar of Voters,44 N San Joaquin St,Suite 340,,Stockton,CA,95202,08:00:00 - 07:00,17:00:00 - 07:00,10/31/16,11/4/16,,,,,ocd-division/country:us/state:ca/county:san_joaquin,San Joaquin County,San Joaquin County Registrar of Voters,44 N San Joaquin St,Suite 340,,Stockton,CA,95202,08:00:00 - 08:00,17:00:00 - 08:00,11/7/16,11/7/16,,,,,ocd-division/country:us/state:ca/county:san_mateo,San Mateo County,San Mateo County Registration & Elections,40 Tower Road,,,San Mateo,CA,94402,08:00:00 - 07:00,17:00:00 - 07:00,10/11/16,10/14/16,FALSE,FALSE,FALSE,FALSE,ocd-division/country:us/state:ca/county:san_mateo,San Mateo County,San Mateo County Registration & Elections,40 Tower Road,,,San Mateo,CA,94402,08:00:00 - 07:00,17:00:00 - 07:00,10/17/16,10/21/16,FALSE,FALSE,FALSE,FALSE,ocd-division/country:us/state:ca/county:san_mateo,San Mateo County,San Mateo County Registration & Elections,40 Tower Road,,,San Mateo,CA,94402,08:00:00 - 07:00,17:00:00 - 07:00,10/24/16,10/28/16,FALSE,FALSE,FALSE,FALSE,ocd-division/country:us/state:ca/county:san_mateo,San Mateo County,San Mateo County Registration & Elections,40 Tower Road,,,San Mateo,CA,94402,10:00:00 - 07:00,15:00:00 - 07:00,10/29/16,10/29/16,FALSE,FALSE,FALSE,FALSE,ocd-division/country:us/state:ca/county:san_mateo,San Mateo County,San Mateo County Registration & Elections,40 Tower Road,,,San Mateo,CA,94402,08:00:00 - 07:00,17:00:00 - 07:00,10/31/16,11/4/16,FALSE,FALSE,FALSE,FALSE,ocd-division/country:us/state:ca/county:san_mateo,San Mateo County,San Mateo County Registration & Elections,40 Tower Road,,,San Mateo,CA,94402,10:00:00 - 07:00,15:00:00 - 07:00,11/5/16,11/5/16,FALSE,FALSE,FALSE,FALSE,ocd-division/country:us/state:ca/county:san_mateo,San Mateo County,San Mateo County Registration & Elections,40 Tower Road,,,San Mateo,CA,94402,08:00:00 - 08:00,17:00:00 - 08:00,11/7/16,11/7/16,FALSE,FALSE,FALSE,FALSE,ocd-division/country:us/state:ca/county:san_mateo,San Mateo County,Office of the Assessor-County Clerk-Recorder,555 County Center,,1st Floor,Redwood City,CA,94063,08:00:00 - 07:00,17:00:00 - 07:00,10/11/16,10/14/16,FALSE,FALSE,FALSE,FALSE,ocd-division/country:us/state:ca/county:san_mateo,San Mateo County,Office of the Assessor-County Clerk-Recorder,555 County Center,,1st Floor,Redwood City,CA,94063,08:00:00 - 07:00,17:00:00 - 07:00,10/17/16,10/21/16,FALSE,FALSE,FALSE,FALSE,ocd-division/country:us/state:ca/county:san_mateo,San Mateo County,Office of the Assessor-County Clerk-Recorder,555 County Center,,1st Floor,Redwood City,CA,94063,08:00:00 - 07:00,17:00:00 - 07:00,10/24/16,10/28/16,FALSE,FALSE,FALSE,FALSE,ocd-division/country:us/state:ca/county:san_mateo,San Mateo County,Office of the Assessor-County Clerk-Recorder,555 County Center,,1st Floor,Redwood City,CA,94063,10:00:00 - 07:00,15:00:00 - 07:00,10/29/16,10/29/16,FALSE,FALSE,FALSE,FALSE,ocd-division/country:us/state:ca/county:san_mateo,San Mateo County,Office of the Assessor-County Clerk-Recorder,555 County Center,,1st Floor,Redwood City,CA,94063,08:00:00 - 07:00,17:00:00 - 07:00,10/31/16,11/4/16,FALSE,FALSE,FALSE,FALSE,ocd-division/country:us/state:ca/county:san_mateo,San Mateo County,Office of the Assessor-County Clerk-Recorder,555 County Center,,1st Floor,Redwood City,CA,94063,10:00:00 - 07:00,15:00:00 - 07:00,11/5/16,11/5/16,FALSE,FALSE,FALSE,FALSE,ocd-division/country:us/state:ca/county:san_mateo,San Mateo County,Office of the Assessor-County Clerk-Recorder,555 County Center,,1st Floor,Redwood City,CA,94063,08:00:00 - 08:00,17:00:00 - 08:00,11/7/16,11/7/16,FALSE,FALSE,FALSE,FALSE,ocd-division/country:us/state:ca/county:san_mateo,San Mateo County,South San Francisco Public Library,840 West Orange Avenue,,,South San Francisco,CA,94080,08:00:00 - 07:00,17:00:00 - 07:00,10/11/16,10/14/16,FALSE,FALSE,FALSE,FALSE,ocd-division/country:us/state:ca/county:san_mateo,San Mateo County,South San Francisco Public Library,840 West Orange Avenue,,,South San Francisco,CA,94080,08:00:00 - 07:00,17:00:00 - 07:00,10/17/16,10/21/16,FALSE,FALSE,FALSE,FALSE,ocd-division/country:us/state:ca/county:san_mateo,San Mateo County,South San Francisco Public Library,840 West Orange Avenue,,,South San Francisco,CA,94080,08:00:00 - 07:00,17:00:00 - 07:00,10/24/16,10/28/16,FALSE,FALSE,FALSE,FALSE,ocd-division/country:us/state:ca/county:san_mateo,San Mateo County,South San Francisco Public Library,840 West Orange Avenue,,,South San Francisco,CA,94080,10:00:00 - 07:00,15:00:00 - 07:00,10/29/16,10/29/16,FALSE,FALSE,FALSE,FALSE,ocd-division/country:us/state:ca/county:san_mateo,San Mateo County,South San Francisco Public Library,840 West Orange Avenue,,,South San Francisco,CA,94080,08:00:00 - 07:00,17:00:00 - 07:00,10/31/16,11/4/16,FALSE,FALSE,FALSE,FALSE,ocd-division/country:us/state:ca/county:san_mateo,San Mateo County,South San Francisco Public Library,840 West Orange Avenue,,,South San Francisco,CA,94080,10:00:00 - 07:00,15:00:00 - 07:00,11/5/16,11/5/16,FALSE,FALSE,FALSE,FALSE,ocd-division/country:us/state:ca/county:san_mateo,San Mateo County,South San Francisco Public Library,840 West Orange Avenue,,,South San Francisco,CA,94080,08:00:00 - 08:00,17:00:00 - 08:00,11/7/16,11/7/16,FALSE,FALSE,FALSE,FALSE,ocd-division/country:us/state:ca/county:santa_barbara,Santa Barbara County,County Clerk-Recorder-Assessor,4440-a Calle Real,,,Santa Barbara,CA,93110,08:00:00 - 07:00,17:00:00 - 07:00,10/10/16,10/14/16,FALSE,FALSE,FALSE,FALSE,ocd-division/country:us/state:ca/county:santa_barbara,Santa Barbara County,County Clerk-Recorder-Assessor,4440-a Calle Real,,,Santa Barbara,CA,93110,08:00:00 - 07:00,17:00:00 - 07:00,10/17/16,10/21/16,FALSE,FALSE,FALSE,FALSE,ocd-division/country:us/state:ca/county:santa_barbara,Santa Barbara County,County Clerk-Recorder-Assessor,4440-a Calle Real,,,Santa Barbara,CA,93110,09:00:00 - 07:00,13:00:00 - 07:00,10/22/16,10/22/16,,,,,ocd-division/country:us/state:ca/county:santa_barbara,Santa Barbara County,County Clerk-Recorder-Assessor,4440-a Calle Real,,,Santa Barbara,CA,93110,08:00:00 - 07:00,20:00:00 - 07:00,10/24/16,10/24/16,FALSE,FALSE,FALSE,FALSE,ocd-division/country:us/state:ca/county:santa_barbara,Santa Barbara County,County Clerk-Recorder-Assessor,4440-a Calle Real,,,Santa Barbara,CA,93110,08:00:00 - 07:00,17:00:00 - 07:00,10/25/16,10/28/16,,,,,ocd-division/country:us/state:ca/county:santa_barbara,Santa Barbara County,County Clerk-Recorder-Assessor,4440-a Calle Real,,,Santa Barbara,CA,93110,08:00:00 - 07:00,17:00:00 - 07:00,10/31/16,11/4/16,FALSE,FALSE,FALSE,FALSE,ocd-division/country:us/state:ca/county:santa_barbara,Santa Barbara County,County Clerk-Recorder-Assessor,4440-a Calle Real,,,Santa Barbara,CA,93110,09:00:00 - 07:00,13:00:00 - 07:00,11/5/16,11/5/16,,,,,ocd-division/country:us/state:ca/county:santa_barbara,Santa Barbara County,County Clerk-Recorder-Assessor,4440-a Calle Real,,,Santa Barbara,CA,93110,08:00:00 - 07:00,17:00:00 - 07:00,11/6/16,11/7/16,,,,,ocd-division/country:us/state:ca/county:santa_barbara,Santa Barbara County,County Clerk-Recorder-Assessor,511 E. Lakeside Parkway,Suite 134,,Santa Maria,CA,93455,08:00:00 - 07:00,12:00:00 - 07:00,10/10/16,10/14/16,,,,,ocd-division/country:us/state:ca/county:santa_barbara,Santa Barbara County,County Clerk-Recorder-Assessor,511 E. Lakeside Parkway,Suite 134,,Santa Maria,CA,93455,13:00:00 - 07:00,17:00:00 - 07:00,10/10/16,10/14/16,,,,,ocd-division/country:us/state:ca/county:santa_barbara,Santa Barbara County,County Clerk-Recorder-Assessor,511 E. Lakeside Parkway,Suite 134,,Santa Maria,CA,93455,08:00:00 - 07:00,12:00:00 - 07:00,10/17/16,10/21/16,,,,,ocd-division/country:us/state:ca/county:santa_barbara,Santa Barbara County,County Clerk-Recorder-Assessor,511 E. Lakeside Parkway,Suite 134,,Santa Maria,CA,93455,13:00:00 - 07:00,17:00:00 - 07:00,10/17/16,10/21/16,,,,,ocd-division/country:us/state:ca/county:santa_barbara,Santa Barbara County,County Clerk-Recorder-Assessor,511 E. Lakeside Parkway,Suite 134,,Santa Maria,CA,93455,09:00:00 - 07:00,13:00:00 - 07:00,10/22/16,10/22/16,,,,,ocd-division/country:us/state:ca/county:santa_barbara,Santa Barbara County,County Clerk-Recorder-Assessor,511 E. Lakeside Parkway,Suite 134,,Santa Maria,CA,93455,08:00:00 - 07:00,20:00:00 - 07:00,10/24/16,10/24/16,,,,,ocd-division/country:us/state:ca/county:santa_barbara,Santa Barbara County,County Clerk-Recorder-Assessor,511 E. Lakeside Parkway,Suite 134,,Santa Maria,CA,93455,08:00:00 - 07:00,12:00:00 - 07:00,10/25/16,10/28/16,,,,,ocd-division/country:us/state:ca/county:santa_barbara,Santa Barbara County,County Clerk-Recorder-Assessor,511 E. Lakeside Parkway,Suite 134,,Santa Maria,CA,93455,13:00:00 - 07:00,17:00:00 - 07:00,10/25/16,10/28/16,,,,,ocd-division/country:us/state:ca/county:santa_barbara,Santa Barbara County,County Clerk-Recorder-Assessor,511 E. Lakeside Parkway,Suite 134,,Santa Maria,CA,93455,08:00:00 - 07:00,12:00:00 - 07:00,10/31/16,11/4/16,,,,,ocd-division/country:us/state:ca/county:santa_barbara,Santa Barbara County,County Clerk-Recorder-Assessor,511 E. Lakeside Parkway,Suite 134,,Santa Maria,CA,93455,13:00:00 - 07:00,17:00:00 - 07:00,10/31/16,11/4/16,,,,,ocd-division/country:us/state:ca/county:santa_barbara,Santa Barbara County,County Clerk-Recorder-Assessor,511 E. Lakeside Parkway,Suite 134,,Santa Maria,CA,93455,09:00:00 - 07:00,13:00:00 - 07:00,11/5/16,11/5/16,,,,,ocd-division/country:us/state:ca/county:santa_barbara,Santa Barbara County,County Clerk-Recorder-Assessor,511 E. Lakeside Parkway,Suite 134,,Santa Maria,CA,93455,08:00:00 - 07:00,12:00:00 - 07:00,11/6/16,11/7/16,,,,,ocd-division/country:us/state:ca/county:santa_barbara,Santa Barbara County,County Clerk-Recorder-Assessor,511 E. Lakeside Parkway,Suite 134,,Santa Maria,CA,93455,13:00:00 - 07:00,17:00:00 - 07:00,11/6/16,11/7/16,,,,,ocd-division/country:us/state:ca/county:santa_barbara,Santa Barbara County,County Clerk-Recorder-Assessor,401 E. Cypress St.,Room 102,,Lompoc,CA,93436,09:00:00 - 07:00,12:00:00 - 07:00,10/10/16,10/14/16,,,,,ocd-division/country:us/state:ca/county:santa_barbara,Santa Barbara County,County Clerk-Recorder-Assessor,401 E. Cypress St.,Room 102,,Lompoc,CA,93436,13:00:00 - 07:00,16:00:00 - 07:00,10/10/16,10/14/16,,,,,ocd-division/country:us/state:ca/county:santa_barbara,Santa Barbara County,County Clerk-Recorder-Assessor,401 E. Cypress St.,Room 102,,Lompoc,CA,93436,09:00:00 - 07:00,12:00:00 - 07:00,10/17/16,10/21/16,,,,,ocd-division/country:us/state:ca/county:santa_barbara,Santa Barbara County,County Clerk-Recorder-Assessor,401 E. Cypress St.,Room 102,,Lompoc,CA,93436,13:00:00 - 07:00,16:00:00 - 07:00,10/17/16,10/21/16,,,,,ocd-division/country:us/state:ca/county:santa_barbara,Santa Barbara County,County Clerk-Recorder-Assessor,401 E. Cypress St.,Room 102,,Lompoc,CA,93436,09:00:00 - 07:00,13:00:00 - 07:00,10/22/16,10/22/16,,,,,ocd-division/country:us/state:ca/county:santa_barbara,Santa Barbara County,County Clerk-Recorder-Assessor,401 E. Cypress St.,Room 102,,Lompoc,CA,93436,08:00:00 - 07:00,20:00:00 - 07:00,10/24/16,10/24/16,,,,,ocd-division/country:us/state:ca/county:santa_barbara,Santa Barbara County,County Clerk-Recorder-Assessor,401 E. Cypress St.,Room 102,,Lompoc,CA,93436,09:00:00 - 07:00,12:00:00 - 07:00,10/25/16,10/28/16,,,,,ocd-division/country:us/state:ca/county:santa_barbara,Santa Barbara County,County Clerk-Recorder-Assessor,401 E. Cypress St.,Room 102,,Lompoc,CA,93436,13:00:00 - 07:00,16:00:00 - 07:00,10/25/16,10/28/16,,,,,ocd-division/country:us/state:ca/county:santa_barbara,Santa Barbara County,County Clerk-Recorder-Assessor,401 E. Cypress St.,Room 102,,Lompoc,CA,93436,09:00:00 - 07:00,12:00:00 - 07:00,10/31/16,11/4/16,,,,,ocd-division/country:us/state:ca/county:santa_barbara,Santa Barbara County,County Clerk-Recorder-Assessor,401 E. Cypress St.,Room 102,,Lompoc,CA,93436,13:00:00 - 07:00,16:00:00 - 07:00,10/31/16,11/4/16,,,,,ocd-division/country:us/state:ca/county:santa_barbara,Santa Barbara County,County Clerk-Recorder-Assessor,401 E. Cypress St.,Room 102,,Lompoc,CA,93436,09:00:00 - 07:00,13:00:00 - 07:00,11/5/16,11/5/16,,,,,ocd-division/country:us/state:ca/county:santa_barbara,Santa Barbara County,County Clerk-Recorder-Assessor,401 E. Cypress St.,Room 102,,Lompoc,CA,93436,09:00:00 - 07:00,12:00:00 - 07:00,11/6/16,11/7/16,,,,,ocd-division/country:us/state:ca/county:santa_barbara,Santa Barbara County,County Clerk-Recorder-Assessor,401 E. Cypress St.,Room 102,,Lompoc,CA,93436,13:00:00 - 07:00,16:00:00 - 07:00,11/6/16,11/7/16,,,,,ocd-division/country:us/state:ca/county:santa_clara,Santa Clara County,Registrar of Voters,1555 Berger Drive,,Bldg 2,San Jose,CA,95112,08:00:00 - 07:00,17:00:00 - 07:00,10/11/16,10/14/16,FALSE,FALSE,FALSE,FALSE,ocd-division/country:us/state:ca/county:santa_clara,Santa Clara County,Registrar of Voters,1555 Berger Drive,,Bldg 2,San Jose,CA,95112,08:00:00 - 07:00,17:00:00 - 07:00,10/17/16,10/21/16,FALSE,FALSE,FALSE,FALSE,ocd-division/country:us/state:ca/county:santa_clara,Santa Clara County,Registrar of Voters,1555 Berger Drive,,Bldg 2,San Jose,CA,95112,08:00:00 - 07:00,17:00:00 - 07:00,10/24/16,10/28/16,FALSE,FALSE,FALSE,FALSE,ocd-division/country:us/state:ca/county:santa_clara,Santa Clara County,Registrar of Voters,1555 Berger Drive,,Bldg 2,San Jose,CA,95112,9:00:00 - 07:00,15:00:00 - 07:00,10/29/16,10/30/16,FALSE,FALSE,FALSE,FALSE,ocd-division/country:us/state:ca/county:santa_clara,Santa Clara County,Registrar of Voters,1555 Berger Drive,,Bldg 2,San Jose,CA,95112,08:00:00 - 07:00,17:00:00 - 07:00,10/31/16,11/4/16,FALSE,FALSE,FALSE,FALSE,ocd-division/country:us/state:ca/county:santa_clara,Santa Clara County,Registrar of Voters,1555 Berger Drive,,Bldg 2,San Jose,CA,95112,9:00:00 - 07:00,15:00:00 - 07:00,11/5/16,11/6/16,FALSE,FALSE,FALSE,FALSE,ocd-division/country:us/state:ca/county:santa_clara,Santa Clara County,Registrar of Voters,1555 Berger Drive,,Bldg 2,San Jose,CA,95112,08:00:00 - 08:00,17:00:00 - 08:00,11/7/16,11/7/16,FALSE,FALSE,FALSE,FALSE,ocd-division/country:us/state:ca/county:santa_clara,Santa Clara County,Registrar of Voters,1213 Newell Road,,,Palo Alto,CA,94303,12:00:00 - 07:00,17:00:00 - 07:00,10/29/16,10/30/16,,,,,ocd-division/country:us/state:ca/county:santa_clara,Santa Clara County,Registrar of Voters,1213 Newell Road,,,Palo Alto,CA,94303,12:00:00 - 07:00,17:00:00 - 07:00,11/5/16,11/5/16,,,,,ocd-division/country:us/state:ca/county:santa_clara,Santa Clara County,Registrar of Voters,1213 Newell Road,,,Palo Alto,CA,94303,12:00:00 - 08:00,17:00:00 - 08:00,11/6/16,11/6/16,,,,,ocd-division/country:us/state:ca/county:santa_clara,Santa Clara County,Registrar of Voters,250 W. Sixth Street,,,Gilroy,CA,95020,12:00:00 - 07:00,17:00:00 - 07:00,10/29/16,10/30/16,,,,,ocd-division/country:us/state:ca/county:santa_clara,Santa Clara County,Registrar of Voters,250 W. Sixth Street,,,Gilroy,CA,95020,12:00:00 - 07:00,17:00:00 - 07:00,11/5/16,11/5/16,,,,,ocd-division/country:us/state:ca/county:santa_clara,Santa Clara County,Registrar of Voters,250 W. Sixth Street,,,Gilroy,CA,95020,12:00:00 - 08:00,17:00:00 - 08:00,11/6/16,11/6/16,,,,,ocd-division/country:us/state:ca/county:santa_clara,Santa Clara County,Registrar of Voters,2635 Homestead Road,,,Santa Clara,CA,90501,12:00:00 - 07:00,17:00:00 - 07:00,10/29/16,10/30/16,,,,,ocd-division/country:us/state:ca/county:santa_clara,Santa Clara County,Registrar of Voters,2635 Homestead Road,,,Santa Clara,CA,90501,12:00:00 - 07:00,17:00:00 - 07:00,11/5/16,11/5/16,,,,,ocd-division/country:us/state:ca/county:santa_clara,Santa Clara County,Registrar of Voters,2635 Homestead Road,,,Santa Clara,CA,90501,12:00:00 - 08:00,17:00:00 - 08:00,11/6/16,11/6/16,,,,,ocd-division/country:us/state:ca/county:santa_clara,Santa Clara County,Registrar of Voters,491 E. Empire Street,,,San Jose,CA,95112,12:00:00 - 07:00,17:00:00 - 07:00,10/29/16,10/30/16,,,,,ocd-division/country:us/state:ca/county:santa_clara,Santa Clara County,Registrar of Voters,491 E. Empire Street,,,San Jose,CA,95112,12:00:00 - 07:00,17:00:00 - 07:00,11/5/16,11/5/16,,,,,ocd-division/country:us/state:ca/county:santa_clara,Santa Clara County,Registrar of Voters,491 E. Empire Street,,,San Jose,CA,95112,12:00:00 - 08:00,17:00:00 - 08:00,11/6/16,11/6/16,,,,,ocd-division/country:us/state:ca/county:santa_clara,Santa Clara County,Registrar of Voters,1772 Educational Park Drive,,,San Jose,CA,95133,12:00:00 - 07:00,17:00:00 - 07:00,10/29/16,10/30/16,,,,,ocd-division/country:us/state:ca/county:santa_clara,Santa Clara County,Registrar of Voters,1772 Educational Park Drive,,,San Jose,CA,95133,12:00:00 - 07:00,17:00:00 - 07:00,11/5/16,11/5/16,,,,,ocd-division/country:us/state:ca/county:santa_clara,Santa Clara County,Registrar of Voters,1772 Educational Park Drive,,,San Jose,CA,95133,12:00:00 - 08:00,17:00:00 - 08:00,11/6/16,11/6/16,,,,,ocd-division/country:us/state:ca/county:santa_cruz,Santa Cruz County,County Clerk,701 Ocean Street,Room 210,,Santa Cruz,CA,95060-4076,08:00:00 - 07:00,17:00:00 - 07:00,10/11/16,10/14/16,FALSE,FALSE,FALSE,FALSE,ocd-division/country:us/state:ca/county:santa_cruz,Santa Cruz County,County Clerk,701 Ocean Street,Room 210,,Santa Cruz,CA,95060-4076,08:00:00 - 07:00,17:00:00 - 07:00,10/17/16,10/21/16,FALSE,FALSE,FALSE,FALSE,ocd-division/country:us/state:ca/county:santa_cruz,Santa Cruz County,County Clerk,701 Ocean Street,Room 210,,Santa Cruz,CA,95060-4076,08:00:00 - 07:00,17:00:00 - 07:00,10/24/16,10/28/16,FALSE,FALSE,FALSE,FALSE,ocd-division/country:us/state:ca/county:santa_cruz,Santa Cruz County,County Clerk,701 Ocean Street,Room 210,,Santa Cruz,CA,95060-4076,08:00:00 - 07:00,17:00:00 - 07:00,10/31/16,11/4/16,FALSE,FALSE,FALSE,FALSE,ocd-division/country:us/state:ca/county:santa_cruz,Santa Cruz County,County Clerk,701 Ocean Street,Room 210,,Santa Cruz,CA,95060-4076,09:00:00 - 07:00,17:00:00 - 07:00,11/5/16,11/6/16,,,,,ocd-division/country:us/state:ca/county:santa_cruz,Santa Cruz County,County Clerk,701 Ocean Street,Room 210,,Santa Cruz,CA,95060-4076,08:00:00 - 08:00,17:00:00 - 08:00,11/7/16,11/7/16,FALSE,FALSE,FALSE,FALSE,ocd-division/country:us/state:ca/county:santa_cruz,Santa Cruz County,City Clerk,275 Main St,Suite 400,4th Floor,Watsonville,CA,95076,08:00:00 - 07:00,17:00:00 - 07:00,10/11/16,10/14/16,FALSE,FALSE,FALSE,FALSE,ocd-division/country:us/state:ca/county:santa_cruz,Santa Cruz County,City Clerk,275 Main St,Suite 400,4th Floor,Watsonville,CA,95076,08:00:00 - 07:00,17:00:00 - 07:00,10/17/16,10/21/16,FALSE,FALSE,FALSE,FALSE,ocd-division/country:us/state:ca/county:santa_cruz,Santa Cruz County,City Clerk,275 Main St,Suite 400,4th Floor,Watsonville,CA,95076,08:00:00 - 07:00,17:00:00 - 07:00,10/24/16,10/28/16,FALSE,FALSE,FALSE,FALSE,ocd-division/country:us/state:ca/county:santa_cruz,Santa Cruz County,City Clerk,275 Main St,Suite 400,4th Floor,Watsonville,CA,95076,08:00:00 - 07:00,17:00:00 - 07:00,10/31/16,11/4/16,FALSE,FALSE,FALSE,FALSE,ocd-division/country:us/state:ca/county:santa_cruz,Santa Cruz County,City Clerk,275 Main St,Suite 400,4th Floor,Watsonville,CA,95076,09:00:00 - 07:00,17:00:00 - 07:00,11/5/16,11/6/16,,,,,ocd-division/country:us/state:ca/county:santa_cruz,Santa Cruz County,City Clerk,275 Main St,Suite 400,4th Floor,Watsonville,CA,95076,08:00:00 - 08:00,17:00:00 - 08:00,11/7/16,11/7/16,FALSE,FALSE,FALSE,FALSE,ocd-division/country:us/state:ca/county:shasta,Shasta County,Shasta County Clerk/Elections Office,1643 Market Street,,,Redding,CA,96002,08:00:00 - 07:00,17:00:00 - 07:00,10/10/16,10/14/16,FALSE,FALSE,FALSE,FALSE,ocd-division/country:us/state:ca/county:shasta,Shasta County,Shasta County Clerk/Elections Office,1643 Market Street,,,Redding,CA,96002,08:00:00 - 07:00,17:00:00 - 07:00,10/17/16,10/21/16,FALSE,FALSE,FALSE,FALSE,ocd-division/country:us/state:ca/county:shasta,Shasta County,Shasta County Clerk/Elections Office,1643 Market Street,,,Redding,CA,96002,08:00:00 - 07:00,17:00:00 - 07:00,10/24/16,10/28/16,FALSE,FALSE,FALSE,FALSE,ocd-division/country:us/state:ca/county:shasta,Shasta County,Shasta County Clerk/Elections Office,1643 Market Street,,,Redding,CA,96002,08:00:00 - 07:00,17:00:00 - 07:00,10/31/16,11/4/16,FALSE,FALSE,FALSE,FALSE,ocd-division/country:us/state:ca/county:shasta,Shasta County,Shasta County Clerk/Elections Office,1643 Market Street,,,Redding,CA,96002,08:00:00 - 08:00,17:00:00 - 08:00,11/7/16,11/7/16,FALSE,FALSE,FALSE,FALSE,ocd-division/country:us/state:ca/county:solano,Solano County,Registrar of Voters,"675 Texas Street, Ste 2600",,,Fairfield,CA,94533,08:00:00 - 07:00,17:00:00 - 07:00,10/11/16,10/14/16,FALSE,FALSE,FALSE,FALSE,ocd-division/country:us/state:ca/county:solano,Solano County,Registrar of Voters,"675 Texas Street, Ste 2600",,,Fairfield,CA,94533,08:00:00 - 07:00,17:00:00 - 07:00,10/17/16,10/21/16,FALSE,FALSE,FALSE,FALSE,ocd-division/country:us/state:ca/county:solano,Solano County,Registrar of Voters,"675 Texas Street, Ste 2600",,,Fairfield,CA,94533,08:00:00 - 07:00,17:00:00 - 07:00,10/24/16,10/28/16,FALSE,FALSE,FALSE,FALSE,ocd-division/country:us/state:ca/county:solano,Solano County,Registrar of Voters,"675 Texas Street, Ste 2600",,,Fairfield,CA,94533,08:00:00 - 07:00,17:00:00 - 07:00,10/31/16,11/4/16,FALSE,FALSE,FALSE,FALSE,ocd-division/country:us/state:ca/county:solano,Solano County,Registrar of Voters,"675 Texas Street, Ste 2600",,,Fairfield,CA,94533,08:00:00 - 07:00,17:00:00 - 07:00,11/5/16,11/5/16,FALSE,FALSE,FALSE,FALSE,ocd-division/country:us/state:ca/county:solano,Solano County,Registrar of Voters,"675 Texas Street, Ste 2600",,,Fairfield,CA,94533,08:00:00 - 08:00,17:00:00 - 08:00,11/7/16,11/7/16,FALSE,FALSE,FALSE,FALSE,ocd-division/country:us/state:ca/county:stanislaus,Stanislaus County,Stanislaus County Registrar of Voters office,1021 I Street,,,Modesto,CA,95354,08:00:00 - 07:00,16:00:00 - 07:00,10/11/16,10/14/16,FALSE,FALSE,FALSE,FALSE,ocd-division/country:us/state:ca/county:stanislaus,Stanislaus County,Stanislaus County Registrar of Voters office,1021 I Street,,,Modesto,CA,95354,08:00:00 - 07:00,16:00:00 - 07:00,10/17/16,10/21/16,FALSE,FALSE,FALSE,FALSE,ocd-division/country:us/state:ca/county:stanislaus,Stanislaus County,Stanislaus County Registrar of Voters office,1021 I Street,,,Modesto,CA,95354,08:00:00 - 07:00,16:00:00 - 07:00,10/24/16,10/28/16,FALSE,FALSE,FALSE,FALSE,ocd-division/country:us/state:ca/county:stanislaus,Stanislaus County,Stanislaus County Registrar of Voters office,1021 I Street,,,Modesto,CA,95354,08:00:00 - 07:00,16:00:00 - 07:00,10/31/16,11/4/16,FALSE,FALSE,FALSE,FALSE,ocd-division/country:us/state:ca/county:stanislaus,Stanislaus County,Stanislaus County Registrar of Voters office,1021 I Street,,,Modesto,CA,95354,08:00:00 - 08:00,16:00:00 - 08:00,11/7/16,11/7/16,FALSE,FALSE,FALSE,FALSE,ocd-division/country:us/state:ca/county:tehama,Tehama County,Election Offices,"444 Oak Street, Room C",,,Red Bluff,CA,96080,08:00:00 - 07:00,17:00:00 - 07:00,10/12/16,10/14/16,FALSE,FALSE,FALSE,FALSE,ocd-division/country:us/state:ca/county:tehama,Tehama County,Election Offices,"444 Oak Street, Room C",,,Red Bluff,CA,96080,08:00:00 - 07:00,17:00:00 - 07:00,10/17/16,10/21/16,FALSE,FALSE,FALSE,FALSE,ocd-division/country:us/state:ca/county:tehama,Tehama County,Election Offices,"444 Oak Street, Room C",,,Red Bluff,CA,96080,08:00:00 - 07:00,17:00:00 - 07:00,10/24/16,10/28/16,FALSE,FALSE,FALSE,FALSE,ocd-division/country:us/state:ca/county:tehama,Tehama County,Election Offices,"444 Oak Street, Room C",,,Red Bluff,CA,96080,08:00:00 - 07:00,17:00:00 - 07:00,10/31/16,11/4/16,FALSE,FALSE,FALSE,FALSE,ocd-division/country:us/state:ca/county:tehama,Tehama County,Election Offices,"444 Oak Street, Room C",,,Red Bluff,CA,96080,09:00:00 - 07:00,15:00:00 - 07:00,11/5/16,11/5/16,FALSE,FALSE,FALSE,FALSE,ocd-division/country:us/state:ca/county:tehama,Tehama County,Election Offices,"444 Oak Street, Room C",,,Red Bluff,CA,96080,08:00:00 - 08:00,17:00:00 - 08:00,11/7/16,11/7/16,FALSE,FALSE,FALSE,FALSE,ocd-division/country:us/state:ca/county:tulare,Tulare County,Registrar of Voters,5951 S. Mooney Blvd,,,Visalia,CA,93277,07:30:00 - 07:00,17:30:00 - 07:00,10/10/16,10/13/16,FALSE,FALSE,FALSE,FALSE,ocd-division/country:us/state:ca/county:tulare,Tulare County,Registrar of Voters,5951 S. Mooney Blvd,,,Visalia,CA,93277,08:00:00 - 07:00,12:00:00 - 07:00,10/14/16,10/14/16,FALSE,FALSE,FALSE,FALSE,ocd-division/country:us/state:ca/county:tulare,Tulare County,Registrar of Voters,5951 S. Mooney Blvd,,,Visalia,CA,93277,07:30:00 - 07:00,17:30:00 - 07:00,10/17/16,10/20/16,FALSE,FALSE,FALSE,FALSE,ocd-division/country:us/state:ca/county:tulare,Tulare County,Registrar of Voters,5951 S. Mooney Blvd,,,Visalia,CA,93277,08:00:00 - 07:00,12:00:00 - 07:00,10/21/16,10/21/16,FALSE,FALSE,FALSE,FALSE,ocd-division/country:us/state:ca/county:tulare,Tulare County,Registrar of Voters,5951 S. Mooney Blvd,,,Visalia,CA,93277,07:30:00 - 07:00,17:30:00 - 07:00,10/24/16,10/27/16,FALSE,FALSE,FALSE,FALSE,ocd-division/country:us/state:ca/county:tulare,Tulare County,Registrar of Voters,5951 S. Mooney Blvd,,,Visalia,CA,93277,08:00:00 - 07:00,12:00:00 - 07:00,10/28/16,10/28/16,FALSE,FALSE,FALSE,FALSE,ocd-division/country:us/state:ca/county:tulare,Tulare County,Registrar of Voters,5951 S. Mooney Blvd,,,Visalia,CA,93277,07:30:00 - 07:00,17:30:00 - 07:00,10/31/16,11/3/16,FALSE,FALSE,FALSE,FALSE,ocd-division/country:us/state:ca/county:tulare,Tulare County,Registrar of Voters,5951 S. Mooney Blvd,,,Visalia,CA,93277,08:00:00 - 07:00,12:00:00 - 07:00,11/4/16,11/4/16,FALSE,FALSE,FALSE,FALSE,ocd-division/country:us/state:ca/county:tulare,Tulare County,Registrar of Voters,5951 S. Mooney Blvd,,,Visalia,CA,93277,08:00:00 - 07:00,17:00:00 - 07:00,11/5/16,11/5/16,FALSE,FALSE,FALSE,FALSE,ocd-division/country:us/state:ca/county:tulare,Tulare County,Registrar of Voters,5951 S. Mooney Blvd,,,Visalia,CA,93277,07:30:00 - 08:00,17:30:00 - 08:00,11/7/16,11/7/16,FALSE,FALSE,FALSE,FALSE,ocd-division/country:us/state:ca/county:tuolumne,Tuolumne County,Election Office,2 South Green St,,,Sonora,CA,95370,08:00:00 - 07:00,17:00:00 - 07:00,10/10/16,10/14/16,FALSE,FALSE,FALSE,FALSE,ocd-division/country:us/state:ca/county:tuolumne,Tuolumne County,Election Office,2 South Green St,,,Sonora,CA,95370,08:00:00 - 07:00,17:00:00 - 07:00,10/17/16,10/21/16,FALSE,FALSE,FALSE,FALSE,ocd-division/country:us/state:ca/county:tuolumne,Tuolumne County,Election Office,2 South Green St,,,Sonora,CA,95370,08:00:00 - 07:00,17:00:00 - 07:00,10/24/16,10/28/16,FALSE,FALSE,FALSE,FALSE,ocd-division/country:us/state:ca/county:tuolumne,Tuolumne County,Election Office,2 South Green St,,,Sonora,CA,95370,08:00:00 - 07:00,17:00:00 - 07:00,10/31/16,11/4/16,FALSE,FALSE,FALSE,FALSE,ocd-division/country:us/state:ca/county:tuolumne,Tuolumne County,Election Office,2 South Green St,,,Sonora,CA,95370,09:00:00 - 07:00,13:00:00 - 07:00,11/5/16,11/5/16,FALSE,FALSE,FALSE,FALSE,ocd-division/country:us/state:ca/county:ventura,Ventura County,County Clerk-Recorder-Registrar of Voters,"800 S. Victoria Avenue, L-1200",,,Ventura,CA,93009-1200,08:00:00 - 07:00,17:00:00 - 07:00,10/10/16,10/14/16,FALSE,FALSE,FALSE,FALSE,ocd-division/country:us/state:ca/county:ventura,Ventura County,County Clerk-Recorder-Registrar of Voters,"800 S. Victoria Avenue, L-1200",,,Ventura,CA,93009-1200,08:00:00 - 07:00,17:00:00 - 07:00,10/17/16,10/21/16,FALSE,FALSE,FALSE,FALSE,ocd-division/country:us/state:ca/county:ventura,Ventura County,County Clerk-Recorder-Registrar of Voters,"800 S. Victoria Avenue, L-1200",,,Ventura,CA,93009-1200,08:00:00 - 07:00,17:00:00 - 07:00,10/24/16,10/28/16,FALSE,FALSE,FALSE,FALSE,ocd-division/country:us/state:ca/county:ventura,Ventura County,County Clerk-Recorder-Registrar of Voters,"800 S. Victoria Avenue, L-1200",,,Ventura,CA,93009-1200,08:00:00 - 07:00,17:00:00 - 07:00,10/31/16,11/4/16,FALSE,FALSE,FALSE,FALSE,ocd-division/country:us/state:ca/county:ventura,Ventura County,County Clerk-Recorder-Registrar of Voters,"800 S. Victoria Avenue, L-1200",,,Ventura,CA,93009-1200,08:00:00 - 08:00,17:00:00 - 08:00,11/7/16,11/7/16,FALSE,FALSE,FALSE,FALSE,ocd-division/country:us/state:ca/county:yolo,Yolo County,Yolo County Elections Department,"625 Court Street, Room B-05",,,Woodland,CA,95695,08:00:00 - 07:00,17:00:00 - 07:00,10/10/16,10/14/16,FALSE,FALSE,FALSE,FALSE,ocd-division/country:us/state:ca/county:yolo,Yolo County,Yolo County Elections Department,"625 Court Street, Room B-05",,,Woodland,CA,95695,08:00:00 - 07:00,17:00:00 - 07:00,10/17/16,10/21/16,FALSE,FALSE,FALSE,FALSE,ocd-division/country:us/state:ca/county:yolo,Yolo County,Yolo County Elections Department,"625 Court Street, Room B-05",,,Woodland,CA,95695,08:00:00 - 07:00,17:00:00 - 07:00,10/24/16,10/28/16,FALSE,FALSE,FALSE,FALSE,ocd-division/country:us/state:ca/county:yolo,Yolo County,Yolo County Elections Department,"625 Court Street, Room B-05",,,Woodland,CA,95695,08:00:00 - 07:00,17:00:00 - 07:00,10/31/16,11/4/16,FALSE,FALSE,FALSE,FALSE,ocd-division/country:us/state:ca/county:yolo,Yolo County,Yolo County Elections Department,"625 Court Street, Room B-05",,,Woodland,CA,95695,08:00:00 - 08:00,17:00:00 - 08:00,11/7/16,11/7/16,FALSE,FALSE,FALSE,FALSE,ocd-division/country:us/state:ca/county:orange,Orange County,Ahaheim Civic Center,"200 S. Anaheim Boulevard, #217",,,Anaheim,CA,92805,08:00:00 - 07:00,17:00:00 - 07:00,10/29/16,11/4/16,FALSE,FALSE,FALSE,FALSE,FALSEocd-division/country:us/state:ca/county:orange,Orange County,Ahaheim Civic Center,"200 S. Anaheim Boulevard, #217",,,Anaheim,CA,92805,07:00:00 - 07:00,20:00:00 - 07:00,11/5/16,11/6/16,FALSE,FALSE,FALSE,FALSE,FALSEocd-division/country:us/state:ca/county:orange,Orange County,Ahaheim Civic Center,"200 S. Anaheim Boulevard, #217",,,Anaheim,CA,92805,07:00:00 - 08:00,20:00:00 - 08:00,11/7/16,11/7/16,FALSE,FALSE,FALSE,FALSE,FALSEocd-division/country:us/state:ca/county:orange,Orange County,Costa Mesa Neighborhood Community Center (Harper Room),1845 Park Avenue,,,Costa Mesa,CA,92627,08:00:00 - 07:00,17:00:00 - 07:00,10/29/16,11/4/16,FALSE,FALSE,FALSE,FALSE,FALSEocd-division/country:us/state:ca/county:orange,Orange County,Costa Mesa Neighborhood Community Center (Harper Room),1845 Park Avenue,,,Costa Mesa,CA,92627,07:00:00 - 07:00,20:00:00 - 07:00,11/5/16,11/6/16,FALSE,FALSE,FALSE,FALSE,FALSEocd-division/country:us/state:ca/county:orange,Orange County,Costa Mesa Neighborhood Community Center (Harper Room),1845 Park Avenue,,,Costa Mesa,CA,92627,07:00:00 - 08:00,20:00:00 - 08:00,11/7/16,11/7/16,FALSE,FALSE,FALSE,FALSE,FALSEocd-division/country:us/state:ca/county:orange,Orange County,Irvine Civic Center,1 Civic Center Plaza,,,Irvine,CA,92606,08:00:00 - 07:00,17:00:00 - 07:00,10/30/16,11/4/16,FALSE,FALSE,FALSE,FALSE,TRUEocd-division/country:us/state:ca/county:orange,Orange County,Irvine Civic Center,1 Civic Center Plaza,,,Irvine,CA,92606,07:00:00 - 07:00,20:00:00 - 07:00,11/5/16,11/6/16,FALSE,FALSE,FALSE,FALSE,TRUEocd-division/country:us/state:ca/county:orange,Orange County,Irvine Civic Center,1 Civic Center Plaza,,,Irvine,CA,92606,07:00:00 - 08:00,20:00:00 - 08:00,11/7/16,11/7/16,FALSE,FALSE,FALSE,FALSE,TRUEocd-division/country:us/state:ca/county:orange,Orange County,Mission Viejo City Hall (Saddleback Room in City Hall building),200 Civic Center,,,Mission Viejo,CA,92691,08:00:00 - 07:00,17:00:00 - 07:00,10/29/16,11/4/16,FALSE,FALSE,FALSE,FALSE,TRUEocd-division/country:us/state:ca/county:orange,Orange County,Mission Viejo City Hall (Saddleback Room in City Hall building),200 Civic Center,,,Mission Viejo,CA,92691,07:00:00 - 07:00,20:00:00 - 07:00,11/5/16,11/6/16,FALSE,FALSE,FALSE,FALSE,TRUEocd-division/country:us/state:ca/county:orange,Orange County,Mission Viejo City Hall (Saddleback Room in City Hall building),200 Civic Center,,,Mission Viejo,CA,92691,07:00:00 - 08:00,20:00:00 - 08:00,11/7/16,11/7/16,FALSE,FALSE,FALSE,FALSE,TRUEocd-division/country:us/state:ca/county:orange,Orange County,Westminster Branch Library,8180 13th Street,,,Westminster,CA,92683,08:00:00 - 07:00,17:00:00 - 07:00,10/29/16,11/4/16,FALSE,FALSE,FALSE,FALSE,FALSEocd-division/country:us/state:ca/county:orange,Orange County,Westminster Branch Library,8180 13th Street,,,Westminster,CA,92683,07:00:00 - 07:00,20:00:00 - 07:00,11/5/16,11/6/16,FALSE,FALSE,FALSE,FALSE,FALSEocd-division/country:us/state:ca/county:orange,Orange County,Westminster Branch Library,8180 13th Street,,,Westminster,CA,92683,07:00:00 - 08:00,20:00:00 - 08:00,11/7/16,11/7/16,FALSE,FALSE,FALSE,FALSE,FALSEocd-division/country:us/state:ca/county:orange,Orange County,Orange County Registrar of Voters_ Office,1300 S. Grand Avenue,,Building C,Santa Ana,CA,92705,08:00:00 - 07:00,17:00:00 - 07:00,10/29/16,11/4/16,FALSE,FALSE,FALSE,FALSE,FALSEocd-division/country:us/state:ca/county:orange,Orange County,Orange County Registrar of Voters_ Office,1300 S. Grand Avenue,,Building C,Santa Ana,CA,92705,07:00:00 - 07:00,20:00:00 - 07:00,11/5/16,11/6/16,FALSE,FALSE,FALSE,FALSE,FALSEocd-division/country:us/state:ca/county:orange,Orange County,Orange County Registrar of Voters_ Office,1300 S. Grand Avenue,,Building C,Santa Ana,CA,92705,07:00:00 - 08:00,20:00:00 - 08:00,11/7/16,11/7/16,FALSE,FALSE,FALSE,FALSE,FALSEocd-division/country:us/state:ca/county:sacramento,Sacramento County,Sacramento County Voter Registration and Elections,7000 65th Street,Suite A,,Sacramento,CA,95823,08:00:00 - 07:00,17:00:00 - 07:00,10/10/16,10/14/16,FALSE,FALSE,FALSE,FALSE,FALSEocd-division/country:us/state:ca/county:sacramento,Sacramento County,Sacramento County Voter Registration and Elections,7000 65th Street,Suite A,,Sacramento,CA,95823,08:00:00 - 07:00,17:00:00 - 07:00,10/17/16,10/21/16,FALSE,FALSE,FALSE,FALSE,FALSEocd-division/country:us/state:ca/county:sacramento,Sacramento County,Sacramento County Voter Registration and Elections,7000 65th Street,Suite A,,Sacramento,CA,95823,08:00:00 - 07:00,17:00:00 - 07:00,10/24/16,10/28/16,FALSE,FALSE,FALSE,FALSE,FALSEocd-division/country:us/state:ca/county:sacramento,Sacramento County,Sacramento County Voter Registration and Elections,7000 65th Street,Suite A,,Sacramento,CA,95823,08:00:00 - 07:00,17:00:00 - 07:00,10/31/16,11/4/16,FALSE,FALSE,FALSE,FALSE,FALSEocd-division/country:us/state:ca/county:sacramento,Sacramento County,Sacramento County Voter Registration and Elections,7000 65th Street,Suite A,,Sacramento,CA,95823,08:00:00 - 08:00,17:00:00 - 08:00,11/7/16,11/7/16,FALSE,FALSE,FALSE,FALSE,FALSEocd-division/country:us/state:ca/county:los_angeles,Los Angeles County,West Covina City Hall,1444 W. Garvey Ave. S,,"Parking: Park in the City Hall parking lot off W. Garvey Ave. S, additional parking available on the top floor of the parking structure. Voting Area: Community Room located on the 1st floor of City Hall.",West Covina ,CA,91790,08:00:00 - 07:00,16:00:00 - 07:00,10/29/16,10/30/16,,,,,ocd-division/country:us/state:ca/county:los_angeles,Los Angeles County,West Los Angeles College,9000 Overland Ave.,,Parking: Park on Level 2 in the south parking structure located off Albert Vera Dr. Voting Area: Fine Arts Building Room 103 located north of the south parking structure,Culver City,CA,90230,08:00:00 - 07:00,16:00:00 - 07:00,10/29/16,10/30/16,,,,,ocd-division/country:us/state:ca/county:los_angeles,Los Angeles County,North Hollywood Regional Library,5211 Tujunga Ave.,,"Parking: Park in the library parking lot, additional street parking is available off Tujunga Ave. Voting Area: Library Community Room located inside the library",North Hollywood,CA,91601,08:00:00 - 07:00,16:00:00 - 07:00,10/29/16,10/30/16,,,,,ocd-division/country:us/state:ca/county:los_angeles,Los Angeles County,El Camino College,16007 Crenshaw Blvd.,,Parking: Park in Lot J off Redondo Beach Blvd. Voting Area: Student Activities Center located north of Lot J,Torrance,CA,90506,08:00:00 - 07:00,16:00:00 - 07:00,10/29/16,10/30/16,,,,,ocd-division/country:us/state:ca/county:los_angeles,Los Angeles County,Antelope Valley College,3041 W. Ave. K,,Parking: Park in Lot 5 or 6 off Avenue K. Voting Area: Board Room in the Student Services Building (SSB) located behind the large AVC letters,Lancaster,CA,93536,08:00:00 - 07:00,16:00:00 - 07:00,10/29/16,10/30/16,,,,,ocd-division/country:us/state:ca/county:los_angeles,Los Angeles County,West Covina City Hall,1444 W. Garvey Ave. S,,"Parking: Park in the City Hall parking lot off W. Garvey Ave. S, additional parking available on the top floor of the parking structure. Voting Area: Community Room located on the 1st floor of City Hall.",West Covina ,CA,91790,08:00:00 - 07:00,16:00:00 - 07:00,11/5/16,11/6/16,,,,,ocd-division/country:us/state:ca/county:los_angeles,Los Angeles County,West Los Angeles College,9000 Overland Ave.,,Parking: Park on Level 2 in the south parking structure located off Albert Vera Dr. Voting Area: Fine Arts Building Room 103 located north of the south parking structure,Culver City,CA,90230,08:00:00 - 07:00,16:00:00 - 07:00,11/5/16,11/6/16,,,,,ocd-division/country:us/state:ca/county:los_angeles,Los Angeles County,North Hollywood Regional Library,5211 Tujunga Ave.,,"Parking: Park in the library parking lot, additional street parking is available off Tujunga Ave. Voting Area: Library Community Room located inside the library",North Hollywood,CA,91601,08:00:00 - 07:00,16:00:00 - 07:00,11/5/16,11/6/16,,,,,ocd-division/country:us/state:ca/county:los_angeles,Los Angeles County,El Camino College,16007 Crenshaw Blvd.,,Parking: Park in Lot J off Redondo Beach Blvd. Voting Area: Student Activities Center located north of Lot J,Torrance,CA,90506,08:00:00 - 07:00,16:00:00 - 07:00,11/5/16,11/6/16,,,,,ocd-division/country:us/state:ca/county:los_angeles,Los Angeles County,Antelope Valley College,3041 W. Ave. K,,Parking: Park in Lot 5 or 6 off Avenue K. Voting Area: Board Room in the Student Services Building (SSB) located behind the large AVC letters,Lancaster,CA,93536,08:00:00 - 07:00,16:00:00 - 07:00,11/5/16,11/6/16,,,,,ocd-division/country:us/state:ca/county:san_luis_obispo,San Luis Obispo County,,1055 Monterey Street,,,San Luis Obispo,CA,93408,08:00:00 - 07:00,17:00:00 - 07:00,10/24/16,10/28/16,,,,,ocd-division/country:us/state:ca/county:san_luis_obispo,San Luis Obispo County,,1055 Monterey Street,,,San Luis Obispo,CA,93408,08:00:00 - 07:00,17:00:00 - 07:00,10/31/16,11/4/16,,,,,ocd-division/country:us/state:ca/county:san_luis_obispo,San Luis Obispo County,,1055 Monterey Street,,,San Luis Obispo,CA,93408,09:00:00 - 07:00,14:00:00 - 07:00,11/5/16,11/6/16,,,,,ocd-division/country:us/state:ca/county:san_luis_obispo,San Luis Obispo County,,6555 Capistrano Ave,,,Atascadero,CA,93422,07:30:00 - 07:00,16:00:00 - 07:00,10/24/16,10/28/16,,,,,ocd-division/country:us/state:ca/county:san_luis_obispo,San Luis Obispo County,,6555 Capistrano Ave,,,Atascadero,CA,93422,07:30:00 - 07:00,16:00:00 - 07:00,10/31/16,11/4/16,,,,,ocd-division/country:us/state:ca/county:sutter,Sutter County,,1435 Veterans Memorial Circle,,,Yuba City,CA,95993,08:00:00 - 07:00,17:00:00 - 07:00,10/24/16,10/28/16,,,,,ocd-division/country:us/state:ca/county:sutter,Sutter County,,1435 Veterans Memorial Circle,,,Yuba City,CA,95993,08:00:00 - 07:00,17:00:00 - 07:00,10/31/16,11/4/16,,,,,ocd-division/country:us/state:ca/county:colusa,Colusa County,,546 Jay Street,,Suite 200,Colusa,CA,95932,08:30:00 - 07:00,16:00:00 - 07:00,10/24/16,10/28/16,,,,,ocd-division/country:us/state:ca/county:colusa,Colusa County,,546 Jay Street,,Suite 200,Colusa,CA,95932,08:30:00 - 07:00,16:00:00 - 07:00,10/31/16,11/4/16,,,,,