office-name,ocd-division,dirs,loc_name,street,city,state,zip,start_time,end_time,start_date,end_date,notes,index,name,address_line,directions,hours,photo_uri,hours_open_id,is_drop_box,is_early_voting,latitude,longitude,latlng_source,id
Barbour County,ocd-division/country:us/state:wv/county:barbour,,Barbour County Courthouse,26 North Main Street,Philippi,WV,26416,08:30:00 - 04:00,16:30:00 - 04:00,10/26/16,10/28/16,,1,Barbour County Courthouse,"26 North Main Street, Philippi, WV 26416",,08:30 AM-04:30 PM,,ho65133765,false,true,,,,poll72461889
Barbour County,ocd-division/country:us/state:wv/county:barbour,,Barbour County Courthouse,26 North Main Street,Philippi,WV,26416,09:00:00 - 04:00,17:00:00 - 04:00,10/29/16,10/29/16,,2,Barbour County Courthouse,"26 North Main Street, Philippi, WV 26416",,09:00 AM-05:00 PM,,ho65133765,false,true,,,,poll72461889
Barbour County,ocd-division/country:us/state:wv/county:barbour,,Barbour County Courthouse,26 North Main Street,Philippi,WV,26416,08:30:00 - 04:00,16:30:00 - 04:00,10/31/16,11/4/16,,3,Barbour County Courthouse,"26 North Main Street, Philippi, WV 26416",,08:30 AM-04:30 PM,,ho65133765,false,true,,,,poll72461889
Barbour County,ocd-division/country:us/state:wv/county:barbour,,Barbour County Courthouse,26 North Main Street,Philippi,WV,26416,09:00:00 - 04:00,17:00:00 - 04:00,11/5/16,11/5/16,,4,Barbour County Courthouse,"26 North Main Street, Philippi, WV 26416",,09:00 AM-05:00 PM,,ho65133765,false,true,,,,poll72461889
Berkeley County,ocd-division/country:us/state:wv/county:berkeley,,Berkeley County Courthouse,110 West King Street,Martinsburg,WV,25401,09:00:00 - 04:00,17:00:00 - 04:00,10/26/16,10/29/16,,5,Berkeley County Courthouse,"110 West King Street, Martinsburg, WV 25401",,09:00 AM-05:00 PM,,ho92961588,false,true,,,,poll63738791
Berkeley County,ocd-division/country:us/state:wv/county:berkeley,,Berkeley County Courthouse,110 West King Street,Martinsburg,WV,25401,09:00:00 - 04:00,17:00:00 - 04:00,10/31/16,11/5/16,,6,Berkeley County Courthouse,"110 West King Street, Martinsburg, WV 25401",,09:00 AM-05:00 PM,,ho92961588,false,true,,,,poll63738791
Boone County,ocd-division/country:us/state:wv/county:boone,,Boone County Courthouse,200 State Street,Madison,WV,25130,08:00:00 - 04:00,16:00:00 - 04:00,10/26/16,10/28/16,,7,Boone County Courthouse,"200 State Street, Madison, WV 25130",,08:00 AM-04:00 PM,,ho64222421,false,true,,,,poll26503714
Boone County,ocd-division/country:us/state:wv/county:boone,,Boone County Courthouse,200 State Street,Madison,WV,25130,09:00:00 - 04:00,17:00:00 - 04:00,10/29/16,10/29/16,,8,Boone County Courthouse,"200 State Street, Madison, WV 25130",,09:00 AM-05:00 PM,,ho64222421,false,true,,,,poll26503714
Boone County,ocd-division/country:us/state:wv/county:boone,,Boone County Courthouse,200 State Street,Madison,WV,25130,08:00:00 - 04:00,16:00:00 - 04:00,10/31/16,11/4/16,,9,Boone County Courthouse,"200 State Street, Madison, WV 25130",,08:00 AM-04:00 PM,,ho64222421,false,true,,,,poll26503714
Boone County,ocd-division/country:us/state:wv/county:boone,,Boone County Courthouse,200 State Street,Madison,WV,25130,09:00:00 - 04:00,17:00:00 - 04:00,11/5/16,11/5/16,,10,Boone County Courthouse,"200 State Street, Madison, WV 25130",,09:00 AM-05:00 PM,,ho64222421,false,true,,,,poll26503714
Braxton County,ocd-division/country:us/state:wv/county:braxton,,Old Fisher Auto Parts Building ,309 Main Street,Sutton,WV,26601,08:00:00 - 04:00,16:00:00 - 04:00,10/26/16,10/28/16,,11,Old Fisher Auto Parts Building ,"309 Main Street, Sutton, WV 26601",,08:00 AM-04:00 PM,,ho56217192,false,true,,,,poll30536452
Braxton County,ocd-division/country:us/state:wv/county:braxton,,Old Fisher Auto Parts Building ,309 Main Street,Sutton,WV,26601,09:00:00 - 04:00,17:00:00 - 04:00,10/29/16,10/29/16,,12,Old Fisher Auto Parts Building ,"309 Main Street, Sutton, WV 26601",,09:00 AM-05:00 PM,,ho56217192,false,true,,,,poll30536452
Braxton County,ocd-division/country:us/state:wv/county:braxton,,Old Fisher Auto Parts Building ,309 Main Street,Sutton,WV,26601,08:00:00 - 04:00,16:00:00 - 04:00,10/31/16,11/4/16,,13,Old Fisher Auto Parts Building ,"309 Main Street, Sutton, WV 26601",,08:00 AM-04:00 PM,,ho56217192,false,true,,,,poll30536452
Braxton County,ocd-division/country:us/state:wv/county:braxton,,Old Fisher Auto Parts Building ,309 Main Street,Sutton,WV,26601,09:00:00 - 04:00,17:00:00 - 04:00,11/5/16,11/5/16,,14,Old Fisher Auto Parts Building ,"309 Main Street, Sutton, WV 26601",,09:00 AM-05:00 PM,,ho56217192,false,true,,,,poll30536452
Brooke County,ocd-division/country:us/state:wv/county:brooke,,Brooke County Courthouse,632 Main Street,Wellsburg,WV,26070,09:00:00 - 04:00,17:00:00 - 04:00,10/26/16,10/29/16,,15,Brooke County Courthouse,"632 Main Street, Wellsburg, WV 26070",,09:00 AM-05:00 PM,,ho89021953,false,true,,,,poll86429863
Brooke County,ocd-division/country:us/state:wv/county:brooke,,Brooke County Courthouse,632 Main Street,Wellsburg,WV,26070,09:00:00 - 04:00,17:00:00 - 04:00,10/31/16,11/5/16,,16,Brooke County Courthouse,"632 Main Street, Wellsburg, WV 26070",,09:00 AM-05:00 PM,,ho89021953,false,true,,,,poll86429863
Cabell County,ocd-division/country:us/state:wv/county:cabell,,Cabell County Courthouse,750 5th Avenue,Huntington,WV,25701,08:30:00 - 04:00,16:30:00 - 04:00,10/26/16,10/28/16,,17,Cabell County Courthouse,"750 5th Avenue, Huntington, WV 25701",,08:30 AM-04:30 PM,,ho86728793,false,true,,,,poll22067836
Cabell County,ocd-division/country:us/state:wv/county:cabell,,Cabell County Courthouse,750 5th Avenue,Huntington,WV,25701,09:00:00 - 04:00,17:00:00 - 04:00,10/29/16,10/29/16,,18,Cabell County Courthouse,"750 5th Avenue, Huntington, WV 25701",,09:00 AM-05:00 PM,,ho86728793,false,true,,,,poll22067836
Cabell County,ocd-division/country:us/state:wv/county:cabell,,Cabell County Courthouse,750 5th Avenue,Huntington,WV,25701,08:30:00 - 04:00,16:30:00 - 04:00,10/31/16,11/4/16,,19,Cabell County Courthouse,"750 5th Avenue, Huntington, WV 25701",,08:30 AM-04:30 PM,,ho86728793,false,true,,,,poll22067836
Cabell County,ocd-division/country:us/state:wv/county:cabell,,Cabell County Courthouse,750 5th Avenue,Huntington,WV,25701,09:00:00 - 04:00,17:00:00 - 04:00,11/5/16,11/5/16,,20,Cabell County Courthouse,"750 5th Avenue, Huntington, WV 25701",,09:00 AM-05:00 PM,,ho86728793,false,true,,,,poll22067836
Calhoun County,ocd-division/country:us/state:wv/county:calhoun,,Calhoun County Courthouse,363 Main Street,Grantsville,WV,26147,08:00:00 - 04:00,16:00:00 - 04:00,10/26/16,10/28/16,,21,Calhoun County Courthouse,"363 Main Street, Grantsville, WV 26147",,08:00 AM-04:00 PM,,ho41252231,false,true,,,,poll62727510
Calhoun County,ocd-division/country:us/state:wv/county:calhoun,,Calhoun County Courthouse,363 Main Street,Grantsville,WV,26147,09:00:00 - 04:00,17:00:00 - 04:00,10/29/16,10/29/16,,22,Calhoun County Courthouse,"363 Main Street, Grantsville, WV 26147",,09:00 AM-05:00 PM,,ho41252231,false,true,,,,poll62727510
Calhoun County,ocd-division/country:us/state:wv/county:calhoun,,Calhoun County Courthouse,363 Main Street,Grantsville,WV,26147,08:00:00 - 04:00,16:00:00 - 04:00,10/31/16,11/4/16,,23,Calhoun County Courthouse,"363 Main Street, Grantsville, WV 26147",,08:00 AM-04:00 PM,,ho41252231,false,true,,,,poll62727510
Calhoun County,ocd-division/country:us/state:wv/county:calhoun,,Calhoun County Courthouse,363 Main Street,Grantsville,WV,26147,09:00:00 - 04:00,17:00:00 - 04:00,11/5/16,11/5/16,,24,Calhoun County Courthouse,"363 Main Street, Grantsville, WV 26147",,09:00 AM-05:00 PM,,ho41252231,false,true,,,,poll62727510
Clay County,ocd-division/country:us/state:wv/county:clay,,Clay County Courthouse,246 Main Street,Clay,WV,25043,08:00:00 - 04:00,16:00:00 - 04:00,10/26/16,10/28/16,,25,Clay County Courthouse,"246 Main Street, Clay, WV 25043",,08:00 AM-04:00 PM,,ho71392040,false,true,,,,poll23862889
Clay County,ocd-division/country:us/state:wv/county:clay,,Clay County Courthouse,246 Main Street,Clay,WV,25043,09:00:00 - 04:00,17:00:00 - 04:00,10/29/16,10/29/16,,26,Clay County Courthouse,"246 Main Street, Clay, WV 25043",,09:00 AM-05:00 PM,,ho71392040,false,true,,,,poll23862889
Clay County,ocd-division/country:us/state:wv/county:clay,,Clay County Courthouse,246 Main Street,Clay,WV,25043,08:00:00 - 04:00,16:00:00 - 04:00,10/31/16,11/4/16,,27,Clay County Courthouse,"246 Main Street, Clay, WV 25043",,08:00 AM-04:00 PM,,ho71392040,false,true,,,,poll23862889
Clay County,ocd-division/country:us/state:wv/county:clay,,Clay County Courthouse,246 Main Street,Clay,WV,25043,09:00:00 - 04:00,17:00:00 - 04:00,11/5/16,11/5/16,,28,Clay County Courthouse,"246 Main Street, Clay, WV 25043",,09:00 AM-05:00 PM,,ho71392040,false,true,,,,poll23862889
Doddridge County,ocd-division/country:us/state:wv/county:doddridge,Ste 1,Doddridge County Courthouse,108 East Court St.,West Union,WV,26456,08:30:00 - 04:00,16:00:00 - 04:00,10/26/16,10/28/16,,29,Doddridge County Courthouse,"108 East Court St., West Union, WV 26456",Ste 1,08:30 AM-04:00 PM,,ho68296045,false,true,,,,poll40808337
Doddridge County,ocd-division/country:us/state:wv/county:doddridge,Ste 1,Doddridge County Courthouse,108 East Court St.,West Union,WV,26456,09:00:00 - 04:00,17:00:00 - 04:00,10/29/16,10/29/16,,30,Doddridge County Courthouse,"108 East Court St., West Union, WV 26456",Ste 1,09:00 AM-05:00 PM,,ho68296045,false,true,,,,poll40808337
Doddridge County,ocd-division/country:us/state:wv/county:doddridge,Ste 1,Doddridge County Courthouse,108 East Court St.,West Union,WV,26456,08:30:00 - 04:00,16:00:00 - 04:00,10/31/16,11/4/16,,31,Doddridge County Courthouse,"108 East Court St., West Union, WV 26456",Ste 1,08:30 AM-04:00 PM,,ho68296045,false,true,,,,poll40808337
Doddridge County,ocd-division/country:us/state:wv/county:doddridge,Ste 1,Doddridge County Courthouse,108 East Court St.,West Union,WV,26456,09:00:00 - 04:00,17:00:00 - 04:00,11/5/16,11/5/16,,32,Doddridge County Courthouse,"108 East Court St., West Union, WV 26456",Ste 1,09:00 AM-05:00 PM,,ho68296045,false,true,,,,poll40808337
Fayette County,ocd-division/country:us/state:wv/county:fayette,,Soldiers & Sailors Memorial,200 W. Maple Avenue,Fayetteville,WV,25840,08:00:00 - 04:00,16:00:00 - 04:00,10/26/16,10/28/16,,33,Soldiers & Sailors Memorial,"200 W. Maple Avenue, Fayetteville, WV 25840",,08:00 AM-04:00 PM,,ho75802320,false,true,,,,poll60879839
Fayette County,ocd-division/country:us/state:wv/county:fayette,,Soldiers & Sailors Memorial,200 W. Maple Avenue,Fayetteville,WV,25840,09:00:00 - 04:00,17:00:00 - 04:00,10/29/16,10/29/16,,34,Soldiers & Sailors Memorial,"200 W. Maple Avenue, Fayetteville, WV 25840",,09:00 AM-05:00 PM,,ho75802320,false,true,,,,poll60879839
Fayette County,ocd-division/country:us/state:wv/county:fayette,,Soldiers & Sailors Memorial,200 W. Maple Avenue,Fayetteville,WV,25840,08:00:00 - 04:00,16:00:00 - 04:00,10/31/16,11/4/16,,35,Soldiers & Sailors Memorial,"200 W. Maple Avenue, Fayetteville, WV 25840",,08:00 AM-04:00 PM,,ho75802320,false,true,,,,poll60879839
Fayette County,ocd-division/country:us/state:wv/county:fayette,,Soldiers & Sailors Memorial,200 W. Maple Avenue,Fayetteville,WV,25840,09:00:00 - 04:00,17:00:00 - 04:00,11/5/16,11/5/16,,36,Soldiers & Sailors Memorial,"200 W. Maple Avenue, Fayetteville, WV 25840",,09:00 AM-05:00 PM,,ho75802320,false,true,,,,poll60879839
Fayette County,ocd-division/country:us/state:wv/county:fayette,,Montgomery City Hall,706 3rd Avenue,Montgomery,WV,25136,08:00:00 - 04:00,16:00:00 - 04:00,10/26/16,10/28/16,,37,Montgomery City Hall,"706 3rd Avenue, Montgomery, WV 25136",,08:00 AM-04:00 PM,,ho52074120,false,true,,,,poll17783388
Fayette County,ocd-division/country:us/state:wv/county:fayette,,Montgomery City Hall,706 3rd Avenue,Montgomery,WV,25136,09:00:00 - 04:00,17:00:00 - 04:00,10/29/16,10/29/16,,38,Montgomery City Hall,"706 3rd Avenue, Montgomery, WV 25136",,09:00 AM-05:00 PM,,ho52074120,false,true,,,,poll17783388
Fayette County,ocd-division/country:us/state:wv/county:fayette,,Montgomery City Hall,706 3rd Avenue,Montgomery,WV,25136,08:00:00 - 04:00,16:00:00 - 04:00,10/31/16,11/4/16,,39,Montgomery City Hall,"706 3rd Avenue, Montgomery, WV 25136",,08:00 AM-04:00 PM,,ho52074120,false,true,,,,poll17783388
Fayette County,ocd-division/country:us/state:wv/county:fayette,,Montgomery City Hall,706 3rd Avenue,Montgomery,WV,25136,09:00:00 - 04:00,17:00:00 - 04:00,11/5/16,11/5/16,,40,Montgomery City Hall,"706 3rd Avenue, Montgomery, WV 25136",,09:00 AM-05:00 PM,,ho52074120,false,true,,,,poll17783388
Fayette County,ocd-division/country:us/state:wv/county:fayette,,Danese Community Building,1493 Stanaford Road,Danese,WV,25831,08:00:00 - 04:00,16:00:00 - 04:00,10/26/16,10/28/16,,41,Danese Community Building,"1493 Stanaford Road, Danese, WV 25831",,08:00 AM-04:00 PM,,ho21405121,false,true,,,,poll68958242
Fayette County,ocd-division/country:us/state:wv/county:fayette,,Danese Community Building,1493 Stanaford Road,Danese,WV,25831,09:00:00 - 04:00,17:00:00 - 04:00,10/29/16,10/29/16,,42,Danese Community Building,"1493 Stanaford Road, Danese, WV 25831",,09:00 AM-05:00 PM,,ho21405121,false,true,,,,poll68958242
Fayette County,ocd-division/country:us/state:wv/county:fayette,,Danese Community Building,1493 Stanaford Road,Danese,WV,25831,08:00:00 - 04:00,16:00:00 - 04:00,10/31/16,11/4/16,,43,Danese Community Building,"1493 Stanaford Road, Danese, WV 25831",,08:00 AM-04:00 PM,,ho21405121,false,true,,,,poll68958242
Fayette County,ocd-division/country:us/state:wv/county:fayette,,Danese Community Building,1493 Stanaford Road,Danese,WV,25831,09:00:00 - 04:00,17:00:00 - 04:00,11/5/16,11/5/16,,44,Danese Community Building,"1493 Stanaford Road, Danese, WV 25831",,09:00 AM-05:00 PM,,ho21405121,false,true,,,,poll68958242
Gilmer County,ocd-division/country:us/state:wv/county:gilmer,,Gilmer County Courthouse,10 Howard Street,Glenville,WV,26351,08:00:00 - 04:00,16:00:00 - 04:00,10/26/16,10/28/16,,45,Gilmer County Courthouse,"10 Howard Street, Glenville, WV 26351",,08:00 AM-04:00 PM,,ho79460172,false,true,,,,poll85354860
Gilmer County,ocd-division/country:us/state:wv/county:gilmer,,Gilmer County Courthouse,10 Howard Street,Glenville,WV,26351,09:00:00 - 04:00,17:00:00 - 04:00,10/29/16,10/29/16,,46,Gilmer County Courthouse,"10 Howard Street, Glenville, WV 26351",,09:00 AM-05:00 PM,,ho79460172,false,true,,,,poll85354860
Gilmer County,ocd-division/country:us/state:wv/county:gilmer,,Gilmer County Courthouse,10 Howard Street,Glenville,WV,26351,08:00:00 - 04:00,16:00:00 - 04:00,10/31/16,11/4/16,,47,Gilmer County Courthouse,"10 Howard Street, Glenville, WV 26351",,08:00 AM-04:00 PM,,ho79460172,false,true,,,,poll85354860
Gilmer County,ocd-division/country:us/state:wv/county:gilmer,,Gilmer County Courthouse,10 Howard Street,Glenville,WV,26351,09:00:00 - 04:00,17:00:00 - 04:00,11/5/16,11/5/16,,48,Gilmer County Courthouse,"10 Howard Street, Glenville, WV 26351",,09:00 AM-05:00 PM,,ho79460172,false,true,,,,poll85354860
Grant County,ocd-division/country:us/state:wv/county:grant,,Grant County Courthouse,5 Highland Avenue,Petersburg,WV,26847,08:30:00 - 04:00,16:30:00 - 04:00,10/26/16,10/28/16,,49,Grant County Courthouse,"5 Highland Avenue, Petersburg, WV 26847",,08:30 AM-04:30 PM,,ho1639370,false,true,,,,poll8631147
Grant County,ocd-division/country:us/state:wv/county:grant,,Grant County Courthouse,5 Highland Avenue,Petersburg,WV,26847,09:00:00 - 04:00,17:00:00 - 04:00,10/29/16,10/29/16,,50,Grant County Courthouse,"5 Highland Avenue, Petersburg, WV 26847",,09:00 AM-05:00 PM,,ho1639370,false,true,,,,poll8631147
Grant County,ocd-division/country:us/state:wv/county:grant,,Grant County Courthouse,5 Highland Avenue,Petersburg,WV,26847,08:30:00 - 04:00,16:30:00 - 04:00,10/31/16,11/4/16,,51,Grant County Courthouse,"5 Highland Avenue, Petersburg, WV 26847",,08:30 AM-04:30 PM,,ho1639370,false,true,,,,poll8631147
Grant County,ocd-division/country:us/state:wv/county:grant,,Grant County Courthouse,5 Highland Avenue,Petersburg,WV,26847,09:00:00 - 04:00,17:00:00 - 04:00,11/5/16,11/5/16,,52,Grant County Courthouse,"5 Highland Avenue, Petersburg, WV 26847",,09:00 AM-05:00 PM,,ho1639370,false,true,,,,poll8631147
Greenbrier County,ocd-division/country:us/state:wv/county:greenbrier,,Greenbrier County Courthouse,200 N Court St.,Lewisburg,WV,24901,08:00:00 - 04:00,16:30:00 - 04:00,10/26/16,10/28/16,,53,Greenbrier County Courthouse,"200 N Court St., Lewisburg, WV 24901",,08:00 AM-04:30 PM,,ho9478491,false,true,,,,poll26654309
Greenbrier County,ocd-division/country:us/state:wv/county:greenbrier,,Greenbrier County Courthouse,200 N Court St.,Lewisburg,WV,24901,09:00:00 - 04:00,17:00:00 - 04:00,10/29/16,10/29/16,,54,Greenbrier County Courthouse,"200 N Court St., Lewisburg, WV 24901",,09:00 AM-05:00 PM,,ho9478491,false,true,,,,poll26654309
Greenbrier County,ocd-division/country:us/state:wv/county:greenbrier,,Greenbrier County Courthouse,200 N Court St.,Lewisburg,WV,24901,08:00:00 - 04:00,16:30:00 - 04:00,10/31/16,11/4/16,,55,Greenbrier County Courthouse,"200 N Court St., Lewisburg, WV 24901",,08:00 AM-04:30 PM,,ho9478491,false,true,,,,poll26654309
Greenbrier County,ocd-division/country:us/state:wv/county:greenbrier,,Greenbrier County Courthouse,200 N Court St.,Lewisburg,WV,24901,09:00:00 - 04:00,17:00:00 - 04:00,11/5/16,11/5/16,,56,Greenbrier County Courthouse,"200 N Court St., Lewisburg, WV 24901",,09:00 AM-05:00 PM,,ho9478491,false,true,,,,poll26654309
Hampshire County,ocd-division/country:us/state:wv/county:hampshire,,Hampshire County Courthouse,19 E. Main Street,Romney,WV,26757,08:00:00 - 04:00,16:00:00 - 04:00,10/26/16,10/28/16,,57,Hampshire County Courthouse,"19 E. Main Street, Romney, WV 26757",,08:00 AM-04:00 PM,,ho7185536,false,true,,,,poll548381
Hampshire County,ocd-division/country:us/state:wv/county:hampshire,,Hampshire County Courthouse,19 E. Main Street,Romney,WV,26757,09:00:00 - 04:00,17:00:00 - 04:00,10/29/16,10/29/16,,58,Hampshire County Courthouse,"19 E. Main Street, Romney, WV 26757",,09:00 AM-05:00 PM,,ho7185536,false,true,,,,poll548381
Hampshire County,ocd-division/country:us/state:wv/county:hampshire,,Hampshire County Courthouse,19 E. Main Street,Romney,WV,26757,08:00:00 - 04:00,16:00:00 - 04:00,10/31/16,11/4/16,,59,Hampshire County Courthouse,"19 E. Main Street, Romney, WV 26757",,08:00 AM-04:00 PM,,ho7185536,false,true,,,,poll548381
Hampshire County,ocd-division/country:us/state:wv/county:hampshire,,Hampshire County Courthouse,19 E. Main Street,Romney,WV,26757,09:00:00 - 04:00,17:00:00 - 04:00,11/5/16,11/5/16,,60,Hampshire County Courthouse,"19 E. Main Street, Romney, WV 26757",,09:00 AM-05:00 PM,,ho7185536,false,true,,,,poll548381
Hancock County,ocd-division/country:us/state:wv/county:hancock,,Hancock County Courthouse,102 North Court Street,New Cumberland,WV,26047,08:30:00 - 04:00,16:30:00 - 04:00,10/26/16,10/28/16,,61,Hancock County Courthouse,"102 North Court Street, New Cumberland, WV 26047",,08:30 AM-04:30 PM,,ho89294103,false,true,,,,poll61445082
Hancock County,ocd-division/country:us/state:wv/county:hancock,,Hancock County Courthouse,102 North Court Street,New Cumberland,WV,26047,09:00:00 - 04:00,17:00:00 - 04:00,10/29/16,10/29/16,,62,Hancock County Courthouse,"102 North Court Street, New Cumberland, WV 26047",,09:00 AM-05:00 PM,,ho89294103,false,true,,,,poll61445082
Hancock County,ocd-division/country:us/state:wv/county:hancock,,Hancock County Courthouse,102 North Court Street,New Cumberland,WV,26047,08:30:00 - 04:00,16:30:00 - 04:00,10/31/16,11/4/16,,63,Hancock County Courthouse,"102 North Court Street, New Cumberland, WV 26047",,08:30 AM-04:30 PM,,ho89294103,false,true,,,,poll61445082
Hancock County,ocd-division/country:us/state:wv/county:hancock,,Hancock County Courthouse,102 North Court Street,New Cumberland,WV,26047,09:00:00 - 04:00,17:00:00 - 04:00,11/5/16,11/5/16,,64,Hancock County Courthouse,"102 North Court Street, New Cumberland, WV 26047",,09:00 AM-05:00 PM,,ho89294103,false,true,,,,poll61445082
Hardy County,ocd-division/country:us/state:wv/county:hardy,,Hardy County Courthouse,204 Washington Street,Moorefield,WV,26836,09:00:00 - 04:00,16:00:00 - 04:00,10/26/16,10/28/16,,65,Hardy County Courthouse,"204 Washington Street, Moorefield, WV 26836",,09:00 AM-04:00 PM,,ho37400737,false,true,,,,poll26485228
Hardy County,ocd-division/country:us/state:wv/county:hardy,,Hardy County Courthouse,204 Washington Street,Moorefield,WV,26836,09:00:00 - 04:00,17:00:00 - 04:00,10/29/16,10/29/16,,66,Hardy County Courthouse,"204 Washington Street, Moorefield, WV 26836",,09:00 AM-05:00 PM,,ho37400737,false,true,,,,poll26485228
Hardy County,ocd-division/country:us/state:wv/county:hardy,,Hardy County Courthouse,204 Washington Street,Moorefield,WV,26836,09:00:00 - 04:00,16:00:00 - 04:00,10/31/16,11/4/16,,67,Hardy County Courthouse,"204 Washington Street, Moorefield, WV 26836",,09:00 AM-04:00 PM,,ho37400737,false,true,,,,poll26485228
Hardy County,ocd-division/country:us/state:wv/county:hardy,,Hardy County Courthouse,204 Washington Street,Moorefield,WV,26836,09:00:00 - 04:00,17:00:00 - 04:00,11/5/16,11/5/16,,68,Hardy County Courthouse,"204 Washington Street, Moorefield, WV 26836",,09:00 AM-05:00 PM,,ho37400737,false,true,,,,poll26485228
Harrison County,ocd-division/country:us/state:wv/county:harrison,,Harrison County Courthouse,301 W. Main Street,Clarksburg,WV,26301,08:30:00 - 04:00,16:30:00 - 04:00,10/26/16,10/28/16,,69,Harrison County Courthouse,"301 W. Main Street, Clarksburg, WV 26301",,08:30 AM-04:30 PM,,ho36414934,false,true,,,,poll99399915
Harrison County,ocd-division/country:us/state:wv/county:harrison,,Harrison County Courthouse,301 W. Main Street,Clarksburg,WV,26301,09:00:00 - 04:00,17:00:00 - 04:00,10/29/16,10/29/16,,70,Harrison County Courthouse,"301 W. Main Street, Clarksburg, WV 26301",,09:00 AM-05:00 PM,,ho36414934,false,true,,,,poll99399915
Harrison County,ocd-division/country:us/state:wv/county:harrison,,Harrison County Courthouse,301 W. Main Street,Clarksburg,WV,26301,08:30:00 - 04:00,16:30:00 - 04:00,10/31/16,11/4/16,,71,Harrison County Courthouse,"301 W. Main Street, Clarksburg, WV 26301",,08:30 AM-04:30 PM,,ho36414934,false,true,,,,poll99399915
Harrison County,ocd-division/country:us/state:wv/county:harrison,,Harrison County Courthouse,301 W. Main Street,Clarksburg,WV,26301,09:00:00 - 04:00,17:00:00 - 04:00,11/5/16,11/5/16,,72,Harrison County Courthouse,"301 W. Main Street, Clarksburg, WV 26301",,09:00 AM-05:00 PM,,ho36414934,false,true,,,,poll99399915
Harrison County,ocd-division/country:us/state:wv/county:harrison,,Meadowbrook Mall,2399 Meadowbrook Rd,Bridgeport,WV,26330,10:00:00 - 04:00,16:00:00 - 04:00,10/26/16,10/28/16,,73,Meadowbrook Mall,"2399 Meadowbrook Rd, Bridgeport, WV 26330",,10:00 AM-04:00 PM,,ho41721849,false,true,,,,poll1714892
Harrison County,ocd-division/country:us/state:wv/county:harrison,,Meadowbrook Mall,2399 Meadowbrook Rd,Bridgeport,WV,26330,10:00:00 - 04:00,17:00:00 - 04:00,10/29/16,10/29/16,,74,Meadowbrook Mall,"2399 Meadowbrook Rd, Bridgeport, WV 26330",,10:00 AM-05:00 PM,,ho41721849,false,true,,,,poll1714892
Harrison County,ocd-division/country:us/state:wv/county:harrison,,Meadowbrook Mall,2399 Meadowbrook Rd,Bridgeport,WV,26330,10:00:00 - 04:00,16:00:00 - 04:00,10/31/16,11/4/16,,75,Meadowbrook Mall,"2399 Meadowbrook Rd, Bridgeport, WV 26330",,10:00 AM-04:00 PM,,ho41721849,false,true,,,,poll1714892
Harrison County,ocd-division/country:us/state:wv/county:harrison,,Meadowbrook Mall,2399 Meadowbrook Rd,Bridgeport,WV,26330,10:00:00 - 04:00,17:00:00 - 04:00,11/5/16,11/5/16,,76,Meadowbrook Mall,"2399 Meadowbrook Rd, Bridgeport, WV 26330",,10:00 AM-05:00 PM,,ho41721849,false,true,,,,poll1714892
Harrison County,ocd-division/country:us/state:wv/county:harrison,,Former Mountain State Dermatology office,469 Emily Dr,Clarksburg,WV,26301,10:00:00 - 04:00,16:00:00 - 04:00,10/26/16,10/28/16,,77,Former Mountain State Dermatology office,"469 Emily Dr, Clarksburg, WV 26301",,10:00 AM-04:00 PM,,ho75798911,false,true,,,,poll94778599
Harrison County,ocd-division/country:us/state:wv/county:harrison,,Former Mountain State Dermatology office,469 Emily Dr,Clarksburg,WV,26301,10:00:00 - 04:00,17:00:00 - 04:00,10/29/16,10/29/16,,78,Former Mountain State Dermatology office,"469 Emily Dr, Clarksburg, WV 26301",,10:00 AM-05:00 PM,,ho75798911,false,true,,,,poll94778599
Harrison County,ocd-division/country:us/state:wv/county:harrison,,Former Mountain State Dermatology office,469 Emily Dr,Clarksburg,WV,26301,10:00:00 - 04:00,16:00:00 - 04:00,10/31/16,11/4/16,,79,Former Mountain State Dermatology office,"469 Emily Dr, Clarksburg, WV 26301",,10:00 AM-04:00 PM,,ho75798911,false,true,,,,poll94778599
Harrison County,ocd-division/country:us/state:wv/county:harrison,,Former Mountain State Dermatology office,469 Emily Dr,Clarksburg,WV,26301,10:00:00 - 04:00,17:00:00 - 04:00,11/5/16,11/5/16,,80,Former Mountain State Dermatology office,"469 Emily Dr, Clarksburg, WV 26301",,10:00 AM-05:00 PM,,ho75798911,false,true,,,,poll94778599
Jackson County,ocd-division/country:us/state:wv/county:jackson,,Jackson County Courthouse,100 Court Street,Ripley,WV,25271,08:30:00 - 04:00,16:30:00 - 04:00,10/26/16,10/28/16,,81,Jackson County Courthouse,"100 Court Street, Ripley, WV 25271",,08:30 AM-04:30 PM,,ho35422587,false,true,,,,poll11558437
Jackson County,ocd-division/country:us/state:wv/county:jackson,,Jackson County Courthouse,100 Court Street,Ripley,WV,25271,09:00:00 - 04:00,17:00:00 - 04:00,10/29/16,10/29/16,,82,Jackson County Courthouse,"100 Court Street, Ripley, WV 25271",,09:00 AM-05:00 PM,,ho35422587,false,true,,,,poll11558437
Jackson County,ocd-division/country:us/state:wv/county:jackson,,Jackson County Courthouse,100 Court Street,Ripley,WV,25271,08:30:00 - 04:00,16:30:00 - 04:00,10/31/16,11/4/16,,83,Jackson County Courthouse,"100 Court Street, Ripley, WV 25271",,08:30 AM-04:30 PM,,ho35422587,false,true,,,,poll11558437
Jackson County,ocd-division/country:us/state:wv/county:jackson,,Jackson County Courthouse,100 Court Street,Ripley,WV,25271,09:00:00 - 04:00,17:00:00 - 04:00,11/5/16,11/5/16,,84,Jackson County Courthouse,"100 Court Street, Ripley, WV 25271",,09:00 AM-05:00 PM,,ho35422587,false,true,,,,poll11558437
Jackson County,ocd-division/country:us/state:wv/county:jackson,,Ravenswood Public Library,323 Virginia Street,Ravenswood,WV,26164,08:30:00 - 04:00,16:30:00 - 04:00,10/26/16,10/28/16,,85,Ravenswood Public Library,"323 Virginia Street, Ravenswood, WV 26164",,08:30 AM-04:30 PM,,ho21356328,false,true,,,,poll64109455
Jackson County,ocd-division/country:us/state:wv/county:jackson,,Ravenswood Public Library,323 Virginia Street,Ravenswood,WV,26164,09:00:00 - 04:00,17:00:00 - 04:00,10/29/16,10/29/16,,86,Ravenswood Public Library,"323 Virginia Street, Ravenswood, WV 26164",,09:00 AM-05:00 PM,,ho21356328,false,true,,,,poll64109455
Jackson County,ocd-division/country:us/state:wv/county:jackson,,Ravenswood Public Library,323 Virginia Street,Ravenswood,WV,26164,08:30:00 - 04:00,16:30:00 - 04:00,10/31/16,11/4/16,,87,Ravenswood Public Library,"323 Virginia Street, Ravenswood, WV 26164",,08:30 AM-04:30 PM,,ho21356328,false,true,,,,poll64109455
Jackson County,ocd-division/country:us/state:wv/county:jackson,,Ravenswood Public Library,323 Virginia Street,Ravenswood,WV,26164,09:00:00 - 04:00,17:00:00 - 04:00,11/5/16,11/5/16,,88,Ravenswood Public Library,"323 Virginia Street, Ravenswood, WV 26164",,09:00 AM-05:00 PM,,ho21356328,false,true,,,,poll64109455
Jefferson County,ocd-division/country:us/state:wv/county:jefferson,,Jefferson County Courthouse,100 E Washington Street,Charles Town,WV,25414,09:00:00 - 04:00,17:00:00 - 04:00,10/26/16,10/29/16,,89,Jefferson County Courthouse,"100 E Washington Street, Charles Town, WV 25414",,09:00 AM-05:00 PM,,ho36454373,false,true,,,,poll65372033
Jefferson County,ocd-division/country:us/state:wv/county:jefferson,,Jefferson County Courthouse,100 E Washington Street,Charles Town,WV,25414,09:00:00 - 04:00,17:00:00 - 04:00,10/31/16,11/5/16,,90,Jefferson County Courthouse,"100 E Washington Street, Charles Town, WV 25414",,09:00 AM-05:00 PM,,ho36454373,false,true,,,,poll65372033
Kanawha County,ocd-division/country:us/state:wv/county:kanawha,,Kanawha County Voter Registration,415 Quarrier Street,Charleston,WV,25301,08:00:00 - 04:00,17:00:00 - 04:00,10/26/16,10/28/16,,91,Kanawha County Voter Registration,"415 Quarrier Street, Charleston, WV 25301",,08:00 AM-05:00 PM,,ho30598403,false,true,,,,poll19132503
Kanawha County,ocd-division/country:us/state:wv/county:kanawha,,Kanawha County Voter Registration,415 Quarrier Street,Charleston,WV,25301,09:00:00 - 04:00,17:00:00 - 04:00,10/29/16,10/29/16,,92,Kanawha County Voter Registration,"415 Quarrier Street, Charleston, WV 25301",,09:00 AM-05:00 PM,,ho30598403,false,true,,,,poll19132503
Kanawha County,ocd-division/country:us/state:wv/county:kanawha,,Kanawha County Voter Registration,415 Quarrier Street,Charleston,WV,25301,08:00:00 - 04:00,17:00:00 - 04:00,10/31/16,11/4/16,,93,Kanawha County Voter Registration,"415 Quarrier Street, Charleston, WV 25301",,08:00 AM-05:00 PM,,ho30598403,false,true,,,,poll19132503
Kanawha County,ocd-division/country:us/state:wv/county:kanawha,,Kanawha County Voter Registration,415 Quarrier Street,Charleston,WV,25301,09:00:00 - 04:00,17:00:00 - 04:00,11/5/16,11/5/16,,94,Kanawha County Voter Registration,"415 Quarrier Street, Charleston, WV 25301",,09:00 AM-05:00 PM,,ho30598403,false,true,,,,poll19132503
Lewis County,ocd-division/country:us/state:wv/county:lewis,,Lewis County Courthouse,110 Center Avenue,Weston,WV,26452,08:00:00 - 04:00,16:00:00 - 04:00,10/26/16,10/28/16,,95,Lewis County Courthouse,"110 Center Avenue, Weston, WV 26452",,08:00 AM-04:00 PM,,ho98941248,false,true,,,,poll70576036
Lewis County,ocd-division/country:us/state:wv/county:lewis,,Lewis County Courthouse,110 Center Avenue,Weston,WV,26452,09:00:00 - 04:00,17:00:00 - 04:00,10/29/16,10/29/16,,96,Lewis County Courthouse,"110 Center Avenue, Weston, WV 26452",,09:00 AM-05:00 PM,,ho98941248,false,true,,,,poll70576036
Lewis County,ocd-division/country:us/state:wv/county:lewis,,Lewis County Courthouse,110 Center Avenue,Weston,WV,26452,08:00:00 - 04:00,16:00:00 - 04:00,10/31/16,11/4/16,,97,Lewis County Courthouse,"110 Center Avenue, Weston, WV 26452",,08:00 AM-04:00 PM,,ho98941248,false,true,,,,poll70576036
Lewis County,ocd-division/country:us/state:wv/county:lewis,,Lewis County Courthouse,110 Center Avenue,Weston,WV,26452,09:00:00 - 04:00,17:00:00 - 04:00,11/5/16,11/5/16,,98,Lewis County Courthouse,"110 Center Avenue, Weston, WV 26452",,09:00 AM-05:00 PM,,ho98941248,false,true,,,,poll70576036
Lincoln County,ocd-division/country:us/state:wv/county:lincoln,,Lincoln County Courthouse,8000 Court Avenue,Hamlin,WV,25523,09:00:00 - 04:00,16:30:00 - 04:00,10/26/16,10/28/16,,99,Lincoln County Courthouse,"8000 Court Avenue, Hamlin, WV 25523",,09:00 AM-04:30 PM,,ho96449427,false,true,,,,poll61158934
Lincoln County,ocd-division/country:us/state:wv/county:lincoln,,Lincoln County Courthouse,8000 Court Avenue,Hamlin,WV,25523,09:00:00 - 04:00,17:00:00 - 04:00,10/29/16,10/29/16,,100,Lincoln County Courthouse,"8000 Court Avenue, Hamlin, WV 25523",,09:00 AM-05:00 PM,,ho96449427,false,true,,,,poll61158934
Lincoln County,ocd-division/country:us/state:wv/county:lincoln,,Lincoln County Courthouse,8000 Court Avenue,Hamlin,WV,25523,09:00:00 - 04:00,16:30:00 - 04:00,10/31/16,11/4/16,,101,Lincoln County Courthouse,"8000 Court Avenue, Hamlin, WV 25523",,09:00 AM-04:30 PM,,ho96449427,false,true,,,,poll61158934
Lincoln County,ocd-division/country:us/state:wv/county:lincoln,,Lincoln County Courthouse,8000 Court Avenue,Hamlin,WV,25523,09:00:00 - 04:00,17:00:00 - 04:00,11/5/16,11/5/16,,102,Lincoln County Courthouse,"8000 Court Avenue, Hamlin, WV 25523",,09:00 AM-05:00 PM,,ho96449427,false,true,,,,poll61158934
Lincoln County,ocd-division/country:us/state:wv/county:lincoln,,Harts Veterans & Community Center,120 Harts Creek,Harts,WV,25524,09:00:00 - 04:00,16:30:00 - 04:00,10/26/16,10/28/16,,103,Harts Veterans & Community Center,"120 Harts Creek, Harts, WV 25524",,09:00 AM-04:30 PM,,ho17730252,false,true,,,,poll15873577
Lincoln County,ocd-division/country:us/state:wv/county:lincoln,,Harts Veterans & Community Center,120 Harts Creek,Harts,WV,25524,09:00:00 - 04:00,17:00:00 - 04:00,10/29/16,10/29/16,,104,Harts Veterans & Community Center,"120 Harts Creek, Harts, WV 25524",,09:00 AM-05:00 PM,,ho17730252,false,true,,,,poll15873577
Lincoln County,ocd-division/country:us/state:wv/county:lincoln,,Harts Veterans & Community Center,120 Harts Creek,Harts,WV,25524,09:00:00 - 04:00,16:30:00 - 04:00,10/31/16,11/4/16,,105,Harts Veterans & Community Center,"120 Harts Creek, Harts, WV 25524",,09:00 AM-04:30 PM,,ho17730252,false,true,,,,poll15873577
Lincoln County,ocd-division/country:us/state:wv/county:lincoln,,Harts Veterans & Community Center,120 Harts Creek,Harts,WV,25524,09:00:00 - 04:00,17:00:00 - 04:00,11/5/16,11/5/16,,106,Harts Veterans & Community Center,"120 Harts Creek, Harts, WV 25524",,09:00 AM-05:00 PM,,ho17730252,false,true,,,,poll15873577
Lincoln County,ocd-division/country:us/state:wv/county:lincoln,,McCorkle Community Center,13 Ely Fork,Sumerco,WV,25524,09:00:00 - 04:00,16:30:00 - 04:00,10/26/16,10/28/16,,107,McCorkle Community Center,"13 Ely Fork, Sumerco, WV 25524",,09:00 AM-04:30 PM,,ho61324647,false,true,,,,poll21809675
Lincoln County,ocd-division/country:us/state:wv/county:lincoln,,McCorkle Community Center,13 Ely Fork,Sumerco,WV,25524,09:00:00 - 04:00,17:00:00 - 04:00,10/29/16,10/29/16,,108,McCorkle Community Center,"13 Ely Fork, Sumerco, WV 25524",,09:00 AM-05:00 PM,,ho61324647,false,true,,,,poll21809675
Lincoln County,ocd-division/country:us/state:wv/county:lincoln,,McCorkle Community Center,13 Ely Fork,Sumerco,WV,25524,09:00:00 - 04:00,16:30:00 - 04:00,10/31/16,11/4/16,,109,McCorkle Community Center,"13 Ely Fork, Sumerco, WV 25524",,09:00 AM-04:30 PM,,ho61324647,false,true,,,,poll21809675
Lincoln County,ocd-division/country:us/state:wv/county:lincoln,,McCorkle Community Center,13 Ely Fork,Sumerco,WV,25524,09:00:00 - 04:00,17:00:00 - 04:00,11/5/16,11/5/16,,110,McCorkle Community Center,"13 Ely Fork, Sumerco, WV 25524",,09:00 AM-05:00 PM,,ho61324647,false,true,,,,poll21809675
Logan County,ocd-division/country:us/state:wv/county:logan,,Logan County Courthouse,300 Stratton Street,Logan,WV,25601,08:30:00 - 04:00,12:00:00 - 04:00,10/26/16,10/28/16,,111,Logan County Courthouse,"300 Stratton Street, Logan, WV 25601",,08:30 AM-12:00 PM,,ho42168224,false,true,,,,poll21338766
Logan County,ocd-division/country:us/state:wv/county:logan,,Logan County Courthouse,300 Stratton Street,Logan,WV,25601,13:00:00 - 04:00,16:30:00 - 04:00,10/26/16,10/28/16,,112,Logan County Courthouse,"300 Stratton Street, Logan, WV 25601",,01:00 PM-04:30 PM,,ho42168224,false,true,,,,poll21338766
Logan County,ocd-division/country:us/state:wv/county:logan,,Logan County Courthouse,300 Stratton Street,Logan,WV,25601,09:00:00 - 04:00,17:00:00 - 04:00,10/29/16,10/29/16,,113,Logan County Courthouse,"300 Stratton Street, Logan, WV 25601",,09:00 AM-05:00 PM,,ho42168224,false,true,,,,poll21338766
Logan County,ocd-division/country:us/state:wv/county:logan,,Logan County Courthouse,300 Stratton Street,Logan,WV,25601,08:30:00 - 04:00,12:00:00 - 04:00,10/31/16,11/4/16,,114,Logan County Courthouse,"300 Stratton Street, Logan, WV 25601",,08:30 AM-12:00 PM,,ho42168224,false,true,,,,poll21338766
Logan County,ocd-division/country:us/state:wv/county:logan,,Logan County Courthouse,300 Stratton Street,Logan,WV,25601,13:00:00 - 04:00,16:30:00 - 04:00,10/31/16,11/4/16,,115,Logan County Courthouse,"300 Stratton Street, Logan, WV 25601",,01:00 PM-04:30 PM,,ho42168224,false,true,,,,poll21338766
Logan County,ocd-division/country:us/state:wv/county:logan,,Logan County Courthouse,300 Stratton Street,Logan,WV,25601,09:00:00 - 04:00,17:00:00 - 04:00,11/5/16,11/5/16,,116,Logan County Courthouse,"300 Stratton Street, Logan, WV 25601",,09:00 AM-05:00 PM,,ho42168224,false,true,,,,poll21338766
Marion County,ocd-division/country:us/state:wv/county:marion,,J. Harper Meredith Building,200 Jackson Street,Fairmont,WV,26555,08:30:00 - 04:00,16:30:00 - 04:00,10/26/16,10/28/16,,117,J. Harper Meredith Building,"200 Jackson Street, Fairmont, WV 26555",,08:30 AM-04:30 PM,,ho82663974,false,true,,,,poll53196250
Marion County,ocd-division/country:us/state:wv/county:marion,,J. Harper Meredith Building,200 Jackson Street,Fairmont,WV,26555,09:00:00 - 04:00,17:00:00 - 04:00,10/29/16,10/29/16,,118,J. Harper Meredith Building,"200 Jackson Street, Fairmont, WV 26555",,09:00 AM-05:00 PM,,ho82663974,false,true,,,,poll53196250
Marion County,ocd-division/country:us/state:wv/county:marion,,J. Harper Meredith Building,200 Jackson Street,Fairmont,WV,26555,08:30:00 - 04:00,16:30:00 - 04:00,10/31/16,11/4/16,,119,J. Harper Meredith Building,"200 Jackson Street, Fairmont, WV 26555",,08:30 AM-04:30 PM,,ho82663974,false,true,,,,poll53196250
Marion County,ocd-division/country:us/state:wv/county:marion,,J. Harper Meredith Building,200 Jackson Street,Fairmont,WV,26555,09:00:00 - 04:00,17:00:00 - 04:00,11/5/16,11/5/16,,120,J. Harper Meredith Building,"200 Jackson Street, Fairmont, WV 26555",,09:00 AM-05:00 PM,,ho82663974,false,true,,,,poll53196250
Marion County,ocd-division/country:us/state:wv/county:marion,,Mannington City Hall,206 Main Street,Mannington ,WV,26582,08:30:00 - 04:00,16:30:00 - 04:00,10/26/16,10/28/16,,121,Mannington City Hall,"206 Main Street, Mannington , WV 26582",,08:30 AM-04:30 PM,,ho32185334,false,true,,,,poll42306101
Marion County,ocd-division/country:us/state:wv/county:marion,,Mannington City Hall,206 Main Street,Mannington ,WV,26582,09:00:00 - 04:00,17:00:00 - 04:00,10/29/16,10/29/16,,122,Mannington City Hall,"206 Main Street, Mannington , WV 26582",,09:00 AM-05:00 PM,,ho32185334,false,true,,,,poll42306101
Marion County,ocd-division/country:us/state:wv/county:marion,,Mannington City Hall,206 Main Street,Mannington ,WV,26582,08:30:00 - 04:00,16:30:00 - 04:00,10/31/16,11/4/16,,123,Mannington City Hall,"206 Main Street, Mannington , WV 26582",,08:30 AM-04:30 PM,,ho32185334,false,true,,,,poll42306101
Marion County,ocd-division/country:us/state:wv/county:marion,,Mannington City Hall,206 Main Street,Mannington ,WV,26582,09:00:00 - 04:00,17:00:00 - 04:00,11/5/16,11/5/16,,124,Mannington City Hall,"206 Main Street, Mannington , WV 26582",,09:00 AM-05:00 PM,,ho32185334,false,true,,,,poll42306101
Marshall County,ocd-division/country:us/state:wv/county:marshall,,Marshall County Courthouse,600 7th Street,Moundsville,WV,26041,08:30:00 - 04:00,16:30:00 - 04:00,10/26/16,10/27/16,,125,Marshall County Courthouse,"600 7th Street, Moundsville, WV 26041",,08:30 AM-04:30 PM,,ho12936130,false,true,,,,poll88225676
Marshall County,ocd-division/country:us/state:wv/county:marshall,,Marshall County Courthouse,600 7th Street,Moundsville,WV,26041,08:30:00 - 04:00,17:30:00 - 04:00,10/28/16,10/28/16,,126,Marshall County Courthouse,"600 7th Street, Moundsville, WV 26041",,08:30 AM-05:30 PM,,ho12936130,false,true,,,,poll88225676
Marshall County,ocd-division/country:us/state:wv/county:marshall,,Marshall County Courthouse,600 7th Street,Moundsville,WV,26041,09:00:00 - 04:00,17:00:00 - 04:00,10/29/16,10/29/16,,127,Marshall County Courthouse,"600 7th Street, Moundsville, WV 26041",,09:00 AM-05:00 PM,,ho12936130,false,true,,,,poll88225676
Marshall County,ocd-division/country:us/state:wv/county:marshall,,Marshall County Courthouse,600 7th Street,Moundsville,WV,26041,08:30:00 - 04:00,16:30:00 - 04:00,10/31/16,11/3/16,,128,Marshall County Courthouse,"600 7th Street, Moundsville, WV 26041",,08:30 AM-04:30 PM,,ho12936130,false,true,,,,poll88225676
Marshall County,ocd-division/country:us/state:wv/county:marshall,,Marshall County Courthouse,600 7th Street,Moundsville,WV,26041,08:30:00 - 04:00,17:30:00 - 04:00,11/4/16,11/4/16,,129,Marshall County Courthouse,"600 7th Street, Moundsville, WV 26041",,08:30 AM-05:30 PM,,ho12936130,false,true,,,,poll88225676
Marshall County,ocd-division/country:us/state:wv/county:marshall,,Marshall County Courthouse,600 7th Street,Moundsville,WV,26041,09:00:00 - 04:00,17:00:00 - 04:00,11/5/16,11/5/16,,130,Marshall County Courthouse,"600 7th Street, Moundsville, WV 26041",,09:00 AM-05:00 PM,,ho12936130,false,true,,,,poll88225676
Mason County,ocd-division/country:us/state:wv/county:mason,,Mason County Courthouse,200 6th Street,Point Pleasant,WV,25550,08:30:00 - 04:00,16:30:00 - 04:00,10/26/16,10/28/16,,131,Mason County Courthouse,"200 6th Street, Point Pleasant, WV 25550",,08:30 AM-04:30 PM,,ho70802442,false,true,,,,poll4862786
Mason County,ocd-division/country:us/state:wv/county:mason,,Mason County Courthouse,200 6th Street,Point Pleasant,WV,25550,09:00:00 - 04:00,17:00:00 - 04:00,10/29/16,10/29/16,,132,Mason County Courthouse,"200 6th Street, Point Pleasant, WV 25550",,09:00 AM-05:00 PM,,ho70802442,false,true,,,,poll4862786
Mason County,ocd-division/country:us/state:wv/county:mason,,Mason County Courthouse,200 6th Street,Point Pleasant,WV,25550,08:30:00 - 04:00,16:30:00 - 04:00,10/31/16,11/4/16,,133,Mason County Courthouse,"200 6th Street, Point Pleasant, WV 25550",,08:30 AM-04:30 PM,,ho70802442,false,true,,,,poll4862786
Mason County,ocd-division/country:us/state:wv/county:mason,,Mason County Courthouse,200 6th Street,Point Pleasant,WV,25550,09:00:00 - 04:00,17:00:00 - 04:00,11/5/16,11/5/16,,134,Mason County Courthouse,"200 6th Street, Point Pleasant, WV 25550",,09:00 AM-05:00 PM,,ho70802442,false,true,,,,poll4862786
Mcdowell County,ocd-division/country:us/state:wv/county:mcdowell, Ste 109,McDowell County Courthouse,90 Wyoming Street,Welch,WV,24801,09:00:00 - 04:00,17:00:00 - 04:00,10/26/16,10/29/16,,135,McDowell County Courthouse,"90 Wyoming Street, Welch, WV 24801", Ste 109,09:00 AM-05:00 PM,,ho27611699,false,true,,,,poll52376254
Mcdowell County,ocd-division/country:us/state:wv/county:mcdowell, Ste 109,McDowell County Courthouse,90 Wyoming Street,Welch,WV,24801,09:00:00 - 04:00,17:00:00 - 04:00,10/31/16,11/5/16,,136,McDowell County Courthouse,"90 Wyoming Street, Welch, WV 24801", Ste 109,09:00 AM-05:00 PM,,ho27611699,false,true,,,,poll52376254
Mercer County,ocd-division/country:us/state:wv/county:mercer,,Mercer County Courthouse,"1501 Main Street, Ste 121",Princeton,WV,24740,08:30:00 - 04:00,16:30:00 - 04:00,10/26/16,10/28/16,,137,Mercer County Courthouse,"1501 Main Street, Ste 121, Princeton, WV 24740",,08:30 AM-04:30 PM,,ho31406362,false,true,,,,poll64976337
Mercer County,ocd-division/country:us/state:wv/county:mercer,,Mercer County Courthouse,"1501 Main Street, Ste 121",Princeton,WV,24740,09:00:00 - 04:00,17:00:00 - 04:00,10/29/16,10/29/16,,138,Mercer County Courthouse,"1501 Main Street, Ste 121, Princeton, WV 24740",,09:00 AM-05:00 PM,,ho31406362,false,true,,,,poll64976337
Mercer County,ocd-division/country:us/state:wv/county:mercer,,Mercer County Courthouse,"1501 Main Street, Ste 121",Princeton,WV,24740,08:30:00 - 04:00,16:30:00 - 04:00,10/31/16,11/4/16,,139,Mercer County Courthouse,"1501 Main Street, Ste 121, Princeton, WV 24740",,08:30 AM-04:30 PM,,ho31406362,false,true,,,,poll64976337
Mercer County,ocd-division/country:us/state:wv/county:mercer,,Mercer County Courthouse,"1501 Main Street, Ste 121",Princeton,WV,24740,09:00:00 - 04:00,17:00:00 - 04:00,11/5/16,11/5/16,,140,Mercer County Courthouse,"1501 Main Street, Ste 121, Princeton, WV 24740",,09:00 AM-05:00 PM,,ho31406362,false,true,,,,poll64976337
Mercer County,ocd-division/country:us/state:wv/county:mercer,,Ashworth Baptist Church,2224 Athens Road,Princeton,WV,24740,08:30:00 - 04:00,16:30:00 - 04:00,10/26/16,10/28/16,,141,Ashworth Baptist Church,"2224 Athens Road, Princeton, WV 24740",,08:30 AM-04:30 PM,,ho26646006,false,true,,,,poll96660151
Mercer County,ocd-division/country:us/state:wv/county:mercer,,Ashworth Baptist Church,2224 Athens Road,Princeton,WV,24740,09:00:00 - 04:00,17:00:00 - 04:00,10/29/16,10/29/16,,142,Ashworth Baptist Church,"2224 Athens Road, Princeton, WV 24740",,09:00 AM-05:00 PM,,ho26646006,false,true,,,,poll96660151
Mercer County,ocd-division/country:us/state:wv/county:mercer,,Ashworth Baptist Church,2224 Athens Road,Princeton,WV,24740,08:30:00 - 04:00,16:30:00 - 04:00,10/31/16,11/4/16,,143,Ashworth Baptist Church,"2224 Athens Road, Princeton, WV 24740",,08:30 AM-04:30 PM,,ho26646006,false,true,,,,poll96660151
Mercer County,ocd-division/country:us/state:wv/county:mercer,,Ashworth Baptist Church,2224 Athens Road,Princeton,WV,24740,09:00:00 - 04:00,17:00:00 - 04:00,11/5/16,11/5/16,,144,Ashworth Baptist Church,"2224 Athens Road, Princeton, WV 24740",,09:00 AM-05:00 PM,,ho26646006,false,true,,,,poll96660151
Mercer County,ocd-division/country:us/state:wv/county:mercer,,The Bluefield Auditorium,1780 Stadium Drive,Bluefield,WV,24701,08:30:00 - 04:00,16:30:00 - 04:00,10/26/16,10/28/16,,145,The Bluefield Auditorium,"1780 Stadium Drive, Bluefield, WV 24701",,08:30 AM-04:30 PM,,ho74113414,false,true,,,,poll35403503
Mercer County,ocd-division/country:us/state:wv/county:mercer,,The Bluefield Auditorium,1780 Stadium Drive,Bluefield,WV,24701,09:00:00 - 04:00,17:00:00 - 04:00,10/29/16,10/29/16,,146,The Bluefield Auditorium,"1780 Stadium Drive, Bluefield, WV 24701",,09:00 AM-05:00 PM,,ho74113414,false,true,,,,poll35403503
Mercer County,ocd-division/country:us/state:wv/county:mercer,,The Bluefield Auditorium,1780 Stadium Drive,Bluefield,WV,24701,08:30:00 - 04:00,16:30:00 - 04:00,10/31/16,11/4/16,,147,The Bluefield Auditorium,"1780 Stadium Drive, Bluefield, WV 24701",,08:30 AM-04:30 PM,,ho74113414,false,true,,,,poll35403503
Mercer County,ocd-division/country:us/state:wv/county:mercer,,The Bluefield Auditorium,1780 Stadium Drive,Bluefield,WV,24701,09:00:00 - 04:00,17:00:00 - 04:00,11/5/16,11/5/16,,148,The Bluefield Auditorium,"1780 Stadium Drive, Bluefield, WV 24701",,09:00 AM-05:00 PM,,ho74113414,false,true,,,,poll35403503
Mercer County,ocd-division/country:us/state:wv/county:mercer,,,3669 Coal Heritage Road ,Bluewell,WV,24701,08:30:00 - 04:00,16:30:00 - 04:00,10/26/16,10/28/16,,149,,"3669 Coal Heritage Road, Bluewell, WV 24701",,08:30 AM-04:30 PM,,ho30960364,false,true,,,,poll84378720
Mercer County,ocd-division/country:us/state:wv/county:mercer,,,3669 Coal Heritage Road ,Bluewell,WV,24701,09:00:00 - 04:00,17:00:00 - 04:00,10/29/16,10/29/16,,150,,"3669 Coal Heritage Road, Bluewell, WV 24701",,09:00 AM-05:00 PM,,ho30960364,false,true,,,,poll84378720
Mercer County,ocd-division/country:us/state:wv/county:mercer,,,3669 Coal Heritage Road ,Bluewell,WV,24701,08:30:00 - 04:00,16:30:00 - 04:00,10/31/16,11/4/16,,151,,"3669 Coal Heritage Road, Bluewell, WV 24701",,08:30 AM-04:30 PM,,ho30960364,false,true,,,,poll84378720
Mercer County,ocd-division/country:us/state:wv/county:mercer,,,3669 Coal Heritage Road ,Bluewell,WV,24701,09:00:00 - 04:00,17:00:00 - 04:00,11/5/16,11/5/16,,152,,"3669 Coal Heritage Road, Bluewell, WV 24701",,09:00 AM-05:00 PM,,ho30960364,false,true,,,,poll84378720
Mineral County,ocd-division/country:us/state:wv/county:mineral,,Mineral County Courthouse,150 Armstrong Street,Keyser,WV,26726,08:30:00 - 04:00,16:30:00 - 04:00,10/26/16,10/28/16,,153,Mineral County Courthouse,"150 Armstrong Street, Keyser, WV 26726",,08:30 AM-04:30 PM,,ho28755807,false,true,,,,poll82037147
Mineral County,ocd-division/country:us/state:wv/county:mineral,,Mineral County Courthouse,150 Armstrong Street,Keyser,WV,26726,09:00:00 - 04:00,17:00:00 - 04:00,10/29/16,10/29/16,,154,Mineral County Courthouse,"150 Armstrong Street, Keyser, WV 26726",,09:00 AM-05:00 PM,,ho28755807,false,true,,,,poll82037147
Mineral County,ocd-division/country:us/state:wv/county:mineral,,Mineral County Courthouse,150 Armstrong Street,Keyser,WV,26726,08:30:00 - 04:00,16:30:00 - 04:00,10/31/16,11/4/16,,155,Mineral County Courthouse,"150 Armstrong Street, Keyser, WV 26726",,08:30 AM-04:30 PM,,ho28755807,false,true,,,,poll82037147
Mineral County,ocd-division/country:us/state:wv/county:mineral,,Mineral County Courthouse,150 Armstrong Street,Keyser,WV,26726,09:00:00 - 04:00,17:00:00 - 04:00,11/5/16,11/5/16,,156,Mineral County Courthouse,"150 Armstrong Street, Keyser, WV 26726",,09:00 AM-05:00 PM,,ho28755807,false,true,,,,poll82037147
Mingo County,ocd-division/country:us/state:wv/county:mingo,Room #125,Mingo County Courthouse,78 East Second Avenue,Williamson,WV,25661,09:00:00 - 04:00,17:00:00 - 04:00,10/26/16,10/29/16,,157,Mingo County Courthouse,"78 East Second Avenue, Williamson, WV 25661",Room #125,09:00 AM-05:00 PM,,ho32213979,false,true,,,,poll902819
Mingo County,ocd-division/country:us/state:wv/county:mingo,Room #125,Mingo County Courthouse,78 East Second Avenue,Williamson,WV,25661,09:00:00 - 04:00,17:00:00 - 04:00,10/31/16,11/5/16,,158,Mingo County Courthouse,"78 East Second Avenue, Williamson, WV 25661",Room #125,09:00 AM-05:00 PM,,ho32213979,false,true,,,,poll902819
Monongalia County,ocd-division/country:us/state:wv/county:monongalia,Unit D-20; (on front of Mall beside Anytime Fitness enter from outside entrance from parking lot-no entrance from inside Mall),Mountaineer Mall,5000 Greenbag Road,Morgantown,WV,26505,07:00:00 - 04:00,19:00:00 - 04:00,10/26/16,10/29/16,,159,Mountaineer Mall,"5000 Greenbag Road, Morgantown, WV 26505",Unit D-20; (on front of Mall beside Anytime Fitness enter from outside entrance from parking lot-no entrance from inside Mall),07:00 AM-07:00 PM,,ho46168223,false,true,,,,poll67313689
Monongalia County,ocd-division/country:us/state:wv/county:monongalia,Unit D-20; (on front of Mall beside Anytime Fitness enter from outside entrance from parking lot-no entrance from inside Mall),Mountaineer Mall,5000 Greenbag Road,Morgantown,WV,26505,07:00:00 - 04:00,19:00:00 - 04:00,10/31/16,11/5/16,,160,Mountaineer Mall,"5000 Greenbag Road, Morgantown, WV 26505",Unit D-20; (on front of Mall beside Anytime Fitness enter from outside entrance from parking lot-no entrance from inside Mall),07:00 AM-07:00 PM,,ho46168223,false,true,,,,poll67313689
Monongalia County,ocd-division/country:us/state:wv/county:monongalia,,Mason Dixon Park,79 Buckyeye Road,Core ,WV,26541,07:00:00 - 04:00,19:00:00 - 04:00,10/26/16,10/29/16,,161,Mason Dixon Park,"79 Buckyeye Road, Core , WV 26541",,07:00 AM-07:00 PM,,ho1486745,false,true,,,,poll8128674
Monongalia County,ocd-division/country:us/state:wv/county:monongalia,,Mason Dixon Park,79 Buckyeye Road,Core ,WV,26541,07:00:00 - 04:00,19:00:00 - 04:00,10/31/16,11/5/16,,162,Mason Dixon Park,"79 Buckyeye Road, Core , WV 26541",,07:00 AM-07:00 PM,,ho1486745,false,true,,,,poll8128674
Monongalia County,ocd-division/country:us/state:wv/county:monongalia,,Pierpont Landing,7000 Mid-Atlantic Drive,Morgantown,WV,26505,07:00:00 - 04:00,19:00:00 - 04:00,10/26/16,10/29/16,,163,                     Pierpont Landing,"7000 Mid-Atlantic Drive, Morgantown, WV 26505",,07:00 AM-07:00 PM,,ho85757453,false,true,,,,poll64352844
Monongalia County,ocd-division/country:us/state:wv/county:monongalia,,Pierpont Landing,7000 Mid-Atlantic Drive,Morgantown,WV,26505,07:00:00 - 04:00,19:00:00 - 04:00,10/31/16,11/5/16,,164,                     Pierpont Landing,"7000 Mid-Atlantic Drive, Morgantown, WV 26505",,07:00 AM-07:00 PM,,ho85757453,false,true,,,,poll64352844
Monongalia County,ocd-division/country:us/state:wv/county:monongalia,,Westover Senior Center,500 Dupont Road,Westover,WV,26501,07:00:00 - 04:00,19:00:00 - 04:00,10/26/16,10/29/16,,165,Westover Senior Center,"500 Dupont Road, Westover, WV 26501",,07:00 AM-07:00 PM,,ho57305576,false,true,,,,poll81910775
Monongalia County,ocd-division/country:us/state:wv/county:monongalia,,Westover Senior Center,500 Dupont Road,Westover,WV,26501,07:00:00 - 04:00,19:00:00 - 04:00,10/31/16,11/5/16,,166,Westover Senior Center,"500 Dupont Road, Westover, WV 26501",,07:00 AM-07:00 PM,,ho57305576,false,true,,,,poll81910775
Monongalia County,ocd-division/country:us/state:wv/county:monongalia,,WVU Alumni Center,1 Alumni Drive,Morgantown,WV,26504,07:00:00 - 04:00,19:00:00 - 04:00,10/31/16,11/4/16,,167,WVU Alumni Center,"1 Alumni Drive, Morgantown, WV 26504",,07:00 AM-07:00 PM,,ho47296606,false,true,,,,poll33858000
Monroe County,ocd-division/country:us/state:wv/county:monroe,Ste. 1,Monroe 911 Center,39 Nota Street,Union,WV,24983,08:30:00 - 04:00,16:30:00 - 04:00,10/26/16,10/28/16,,168,Monroe 911 Center,"39 Nota Street, Union, WV 24983",Ste. 1,08:30 AM-04:30 PM,,ho29659817,false,true,,,,poll77594073
Monroe County,ocd-division/country:us/state:wv/county:monroe,Ste. 1,Monroe 911 Center,39 Nota Street,Union,WV,24983,09:00:00 - 04:00,17:00:00 - 04:00,10/29/16,10/29/16,,169,Monroe 911 Center,"39 Nota Street, Union, WV 24983",Ste. 1,09:00 AM-05:00 PM,,ho29659817,false,true,,,,poll77594073
Monroe County,ocd-division/country:us/state:wv/county:monroe,Ste. 1,Monroe 911 Center,39 Nota Street,Union,WV,24983,08:30:00 - 04:00,16:30:00 - 04:00,10/31/16,11/4/16,,170,Monroe 911 Center,"39 Nota Street, Union, WV 24983",Ste. 1,08:30 AM-04:30 PM,,ho29659817,false,true,,,,poll77594073
Monroe County,ocd-division/country:us/state:wv/county:monroe,Ste. 1,Monroe 911 Center,39 Nota Street,Union,WV,24983,09:00:00 - 04:00,17:00:00 - 04:00,11/5/16,11/5/16,,171,Monroe 911 Center,"39 Nota Street, Union, WV 24983",Ste. 1,09:00 AM-05:00 PM,,ho29659817,false,true,,,,poll77594073
Monroe County,ocd-division/country:us/state:wv/county:monroe,,Peterstown Town Hall,125 Thomas Street,Peterstown,WV,24963,08:30:00 - 04:00,16:30:00 - 04:00,10/26/16,10/28/16,,172,Peterstown Town Hall,"125 Thomas Street, Peterstown, WV 24963",,08:30 AM-04:30 PM,,ho58779624,false,true,,,,poll23491766
Monroe County,ocd-division/country:us/state:wv/county:monroe,,Peterstown Town Hall,125 Thomas Street,Peterstown,WV,24963,09:00:00 - 04:00,17:00:00 - 04:00,10/29/16,10/29/16,,173,Peterstown Town Hall,"125 Thomas Street, Peterstown, WV 24963",,09:00 AM-05:00 PM,,ho58779624,false,true,,,,poll23491766
Monroe County,ocd-division/country:us/state:wv/county:monroe,,Peterstown Town Hall,125 Thomas Street,Peterstown,WV,24963,08:30:00 - 04:00,16:30:00 - 04:00,10/31/16,11/4/16,,174,Peterstown Town Hall,"125 Thomas Street, Peterstown, WV 24963",,08:30 AM-04:30 PM,,ho58779624,false,true,,,,poll23491766
Monroe County,ocd-division/country:us/state:wv/county:monroe,,Peterstown Town Hall,125 Thomas Street,Peterstown,WV,24963,09:00:00 - 04:00,17:00:00 - 04:00,11/5/16,11/5/16,,175,Peterstown Town Hall,"125 Thomas Street, Peterstown, WV 24963",,09:00 AM-05:00 PM,,ho58779624,false,true,,,,poll23491766
Morgan County,ocd-division/country:us/state:wv/county:morgan,Room 102,Morgan County Courthouse,77 Fairfax Street,Berkeley Springs,WV,25411,09:00:00 - 04:00,17:00:00 - 04:00,10/26/16,10/29/16,,176,Morgan County Courthouse,"77 Fairfax Street, Berkeley Springs, WV 25411",Room 102,09:00 AM-05:00 PM,,ho26965197,false,true,,,,poll44736614
Morgan County,ocd-division/country:us/state:wv/county:morgan,Room 102,Morgan County Courthouse,77 Fairfax Street,Berkeley Springs,WV,25411,09:00:00 - 04:00,17:00:00 - 04:00,10/31/16,11/5/16,,177,Morgan County Courthouse,"77 Fairfax Street, Berkeley Springs, WV 25411",Room 102,09:00 AM-05:00 PM,,ho26965197,false,true,,,,poll44736614
Nicholas County,ocd-division/country:us/state:wv/county:nicholas,,Nicholas County Courthouse,700 Main Street,Summersville,WV,26651,08:30:00 - 04:00,16:30:00 - 04:00,10/26/16,10/28/16,,178,Nicholas County Courthouse,"700 Main Street, Summersville, WV 26651",,08:30 AM-04:30 PM,,ho29316514,false,true,,,,poll66743942
Nicholas County,ocd-division/country:us/state:wv/county:nicholas,,Nicholas County Courthouse,700 Main Street,Summersville,WV,26651,09:00:00 - 04:00,17:00:00 - 04:00,10/29/16,10/29/16,,179,Nicholas County Courthouse,"700 Main Street, Summersville, WV 26651",,09:00 AM-05:00 PM,,ho29316514,false,true,,,,poll66743942
Nicholas County,ocd-division/country:us/state:wv/county:nicholas,,Nicholas County Courthouse,700 Main Street,Summersville,WV,26651,08:30:00 - 04:00,16:30:00 - 04:00,10/31/16,11/4/16,,180,Nicholas County Courthouse,"700 Main Street, Summersville, WV 26651",,08:30 AM-04:30 PM,,ho29316514,false,true,,,,poll66743942
Nicholas County,ocd-division/country:us/state:wv/county:nicholas,,Nicholas County Courthouse,700 Main Street,Summersville,WV,26651,09:00:00 - 04:00,17:00:00 - 04:00,11/5/16,11/5/16,,181,Nicholas County Courthouse,"700 Main Street, Summersville, WV 26651",,09:00 AM-05:00 PM,,ho29316514,false,true,,,,poll66743942
Ohio County,ocd-division/country:us/state:wv/county:ohio,Room 102,Ohio County Courthouse,1500 Chapline Street,Wheeling,WV,26003,09:00:00 - 04:00,17:00:00 - 04:00,10/26/16,10/29/16,,182,Ohio County Courthouse,"1500 Chapline Street, Wheeling, WV 26003",Room 102,09:00 AM-05:00 PM,,ho32587616,false,true,,,,poll95661263
Ohio County,ocd-division/country:us/state:wv/county:ohio,Room 102,Ohio County Courthouse,1500 Chapline Street,Wheeling,WV,26003,09:00:00 - 04:00,17:00:00 - 04:00,10/31/16,11/5/16,,183,Ohio County Courthouse,"1500 Chapline Street, Wheeling, WV 26003",Room 102,09:00 AM-05:00 PM,,ho32587616,false,true,,,,poll95661263
Pendleton County,ocd-division/country:us/state:wv/county:pendleton,,Pendleton County Courthouse,100 South Main Street,Franklin,WV,26807,08:30:00 - 04:00,16:30:00 - 04:00,10/26/16,10/28/16,,184,Pendleton County Courthouse,"100 South Main Street, Franklin, WV 26807",,08:30 AM-04:30 PM,,ho95062125,false,true,,,,poll92737992
Pendleton County,ocd-division/country:us/state:wv/county:pendleton,,Pendleton County Courthouse,100 South Main Street,Franklin,WV,26807,09:00:00 - 04:00,17:00:00 - 04:00,10/29/16,10/29/16,,185,Pendleton County Courthouse,"100 South Main Street, Franklin, WV 26807",,09:00 AM-05:00 PM,,ho95062125,false,true,,,,poll92737992
Pendleton County,ocd-division/country:us/state:wv/county:pendleton,,Pendleton County Courthouse,100 South Main Street,Franklin,WV,26807,08:30:00 - 04:00,16:30:00 - 04:00,10/31/16,11/4/16,,186,Pendleton County Courthouse,"100 South Main Street, Franklin, WV 26807",,08:30 AM-04:30 PM,,ho95062125,false,true,,,,poll92737992
Pendleton County,ocd-division/country:us/state:wv/county:pendleton,,Pendleton County Courthouse,100 South Main Street,Franklin,WV,26807,09:00:00 - 04:00,17:00:00 - 04:00,11/5/16,11/5/16,,187,Pendleton County Courthouse,"100 South Main Street, Franklin, WV 26807",,09:00 AM-05:00 PM,,ho95062125,false,true,,,,poll92737992
Pleasants County,ocd-division/country:us/state:wv/county:pleasants,,Pleasants County Courthouse,301 Court Lane,St. Marys,WV,26170,08:30:00 - 04:00,16:30:00 - 04:00,10/26/16,10/28/16,,188,Pleasants County Courthouse,"301 Court Lane, St. Marys, WV 26170",,08:30 AM-04:30 PM,,ho56013369,false,true,,,,poll92688284
Pleasants County,ocd-division/country:us/state:wv/county:pleasants,,Pleasants County Courthouse,301 Court Lane,St. Marys,WV,26170,09:00:00 - 04:00,17:00:00 - 04:00,10/29/16,10/29/16,,189,Pleasants County Courthouse,"301 Court Lane, St. Marys, WV 26170",,09:00 AM-05:00 PM,,ho56013369,false,true,,,,poll92688284
Pleasants County,ocd-division/country:us/state:wv/county:pleasants,,Pleasants County Courthouse,301 Court Lane,St. Marys,WV,26170,08:30:00 - 04:00,16:30:00 - 04:00,10/31/16,11/4/16,,190,Pleasants County Courthouse,"301 Court Lane, St. Marys, WV 26170",,08:30 AM-04:30 PM,,ho56013369,false,true,,,,poll92688284
Pleasants County,ocd-division/country:us/state:wv/county:pleasants,,Pleasants County Courthouse,301 Court Lane,St. Marys,WV,26170,09:00:00 - 04:00,17:00:00 - 04:00,11/5/16,11/5/16,,191,Pleasants County Courthouse,"301 Court Lane, St. Marys, WV 26170",,09:00 AM-05:00 PM,,ho56013369,false,true,,,,poll92688284
Pocahontas County,ocd-division/country:us/state:wv/county:pocahontas,,Pocahontas County Courthouse,900 10th Avenue,Marlinton,WV,24954,08:30:00 - 04:00,16:30:00 - 04:00,10/26/16,10/28/16,,192,Pocahontas County Courthouse,"900 10th Avenue, Marlinton, WV 24954",,08:30 AM-04:30 PM,,ho69810887,false,true,,,,poll10014974
Pocahontas County,ocd-division/country:us/state:wv/county:pocahontas,,Pocahontas County Courthouse,900 10th Avenue,Marlinton,WV,24954,09:00:00 - 04:00,17:00:00 - 04:00,10/29/16,10/29/16,,193,Pocahontas County Courthouse,"900 10th Avenue, Marlinton, WV 24954",,09:00 AM-05:00 PM,,ho69810887,false,true,,,,poll10014974
Pocahontas County,ocd-division/country:us/state:wv/county:pocahontas,,Pocahontas County Courthouse,900 10th Avenue,Marlinton,WV,24954,08:30:00 - 04:00,16:30:00 - 04:00,10/31/16,11/4/16,,194,Pocahontas County Courthouse,"900 10th Avenue, Marlinton, WV 24954",,08:30 AM-04:30 PM,,ho69810887,false,true,,,,poll10014974
Pocahontas County,ocd-division/country:us/state:wv/county:pocahontas,,Pocahontas County Courthouse,900 10th Avenue,Marlinton,WV,24954,09:00:00 - 04:00,17:00:00 - 04:00,11/5/16,11/5/16,,195,Pocahontas County Courthouse,"900 10th Avenue, Marlinton, WV 24954",,09:00 AM-05:00 PM,,ho69810887,false,true,,,,poll10014974
Preston County,ocd-division/country:us/state:wv/county:preston,,Preston County 911 Center,300 Rich Wolfe Drive,Kingwood,WV,26537,08:30:00 - 04:00,18:00:00 - 04:00,10/26/16,10/29/16,,196,Preston County 911 Center,"300 Rich Wolfe Drive, Kingwood, WV 26537",,08:30 AM-06:00 PM,,ho29916411,false,true,,,,poll21600015
Preston County,ocd-division/country:us/state:wv/county:preston,,Preston County 911 Center,300 Rich Wolfe Drive,Kingwood,WV,26537,08:30:00 - 04:00,18:00:00 - 04:00,10/31/16,11/5/16,,197,Preston County 911 Center,"300 Rich Wolfe Drive, Kingwood, WV 26537",,08:30 AM-06:00 PM,,ho29916411,false,true,,,,poll21600015
Putnam County,ocd-division/country:us/state:wv/county:putnam,,Putnam County Courthouse,12093 Winfield Rd.,Winfield,WV,25213,08:00:00 - 04:00,16:00:00 - 04:00,10/26/16,10/26/16,,198,Putnam County Courthouse,"12093 Winfield Rd., Winfield, WV 25213",,08:00 AM-04:00 PM,,ho91633970,false,true,,,,poll39344382
Putnam County,ocd-division/country:us/state:wv/county:putnam,,Putnam County Courthouse,12093 Winfield Rd.,Winfield,WV,25213,08:00:00 - 04:00,19:00:00 - 04:00,10/27/16,10/27/16,,199,Putnam County Courthouse,"12093 Winfield Rd., Winfield, WV 25213",,08:00 AM-07:00 PM,,ho91633970,false,true,,,,poll39344382
Putnam County,ocd-division/country:us/state:wv/county:putnam,,Putnam County Courthouse,12093 Winfield Rd.,Winfield,WV,25213,08:00:00 - 04:00,16:00:00 - 04:00,10/28/16,10/28/16,,200,Putnam County Courthouse,"12093 Winfield Rd., Winfield, WV 25213",,08:00 AM-04:00 PM,,ho91633970,false,true,,,,poll39344382
Putnam County,ocd-division/country:us/state:wv/county:putnam,,Putnam County Courthouse,12093 Winfield Rd.,Winfield,WV,25213,09:00:00 - 04:00,17:00:00 - 04:00,10/29/16,10/29/16,,201,Putnam County Courthouse,"12093 Winfield Rd., Winfield, WV 25213",,09:00 AM-05:00 PM,,ho91633970,false,true,,,,poll39344382
Putnam County,ocd-division/country:us/state:wv/county:putnam,,Putnam County Courthouse,12093 Winfield Rd.,Winfield,WV,25213,08:00:00 - 04:00,16:00:00 - 04:00,10/31/16,11/2/16,,202,Putnam County Courthouse,"12093 Winfield Rd., Winfield, WV 25213",,08:00 AM-04:00 PM,,ho91633970,false,true,,,,poll39344382
Putnam County,ocd-division/country:us/state:wv/county:putnam,,Putnam County Courthouse,12093 Winfield Rd.,Winfield,WV,25213,08:00:00 - 04:00,19:00:00 - 04:00,11/3/16,11/3/16,,203,Putnam County Courthouse,"12093 Winfield Rd., Winfield, WV 25213",,08:00 AM-07:00 PM,,ho91633970,false,true,,,,poll39344382
Putnam County,ocd-division/country:us/state:wv/county:putnam,,Putnam County Courthouse,12093 Winfield Rd.,Winfield,WV,25213,08:00:00 - 04:00,16:00:00 - 04:00,11/4/16,11/4/16,,204,Putnam County Courthouse,"12093 Winfield Rd., Winfield, WV 25213",,08:00 AM-04:00 PM,,ho91633970,false,true,,,,poll39344382
Putnam County,ocd-division/country:us/state:wv/county:putnam,,Putnam County Courthouse,12093 Winfield Rd.,Winfield,WV,25213,09:00:00 - 04:00,17:00:00 - 04:00,11/5/16,11/5/16,,205,Putnam County Courthouse,"12093 Winfield Rd., Winfield, WV 25213",,09:00 AM-05:00 PM,,ho91633970,false,true,,,,poll39344382
Raleigh County,ocd-division/country:us/state:wv/county:raleigh,2nd Floor (large ceremonial courtroom),Raleigh County Courthouse,215 Main St.,Beckley,WV,25802,08:30:00 - 04:00,16:30:00 - 04:00,10/26/16,10/28/16,,206,Raleigh County Courthouse,"215 Main St., Beckley, WV 25802",2nd Floor (large ceremonial courtroom),08:30 AM-04:30 PM,,ho3106865,false,true,,,,poll47167279
Raleigh County,ocd-division/country:us/state:wv/county:raleigh,2nd Floor (large ceremonial courtroom),Raleigh County Courthouse,215 Main St.,Beckley,WV,25802,09:00:00 - 04:00,17:00:00 - 04:00,10/29/16,10/29/16,,207,Raleigh County Courthouse,"215 Main St., Beckley, WV 25802",2nd Floor (large ceremonial courtroom),09:00 AM-05:00 PM,,ho3106865,false,true,,,,poll47167279
Raleigh County,ocd-division/country:us/state:wv/county:raleigh,2nd Floor (large ceremonial courtroom),Raleigh County Courthouse,215 Main St.,Beckley,WV,25802,08:30:00 - 04:00,16:30:00 - 04:00,10/31/16,11/4/16,,208,Raleigh County Courthouse,"215 Main St., Beckley, WV 25802",2nd Floor (large ceremonial courtroom),08:30 AM-04:30 PM,,ho3106865,false,true,,,,poll47167279
Raleigh County,ocd-division/country:us/state:wv/county:raleigh,2nd Floor (large ceremonial courtroom),Raleigh County Courthouse,215 Main St.,Beckley,WV,25802,09:00:00 - 04:00,17:00:00 - 04:00,11/5/16,11/5/16,,209,Raleigh County Courthouse,"215 Main St., Beckley, WV 25802",2nd Floor (large ceremonial courtroom),09:00 AM-05:00 PM,,ho3106865,false,true,,,,poll47167279
Randolph County,ocd-division/country:us/state:wv/county:randolph,,Randolph County Courthouse Annex,4 Randolph Avenue,Elkins,WV,26241,08:00:00 - 04:00,16:30:00 - 04:00,10/26/16,10/28/16,,210,Randolph County Courthouse Annex,"4 Randolph Avenue, Elkins, WV 26241",,08:00 AM-04:30 PM,,ho66905864,false,true,,,,poll4588985
Randolph County,ocd-division/country:us/state:wv/county:randolph,,Randolph County Courthouse Annex,4 Randolph Avenue,Elkins,WV,26241,09:00:00 - 04:00,17:00:00 - 04:00,10/29/16,10/29/16,,211,Randolph County Courthouse Annex,"4 Randolph Avenue, Elkins, WV 26241",,09:00 AM-05:00 PM,,ho66905864,false,true,,,,poll4588985
Randolph County,ocd-division/country:us/state:wv/county:randolph,,Randolph County Courthouse Annex,4 Randolph Avenue,Elkins,WV,26241,08:00:00 - 04:00,16:30:00 - 04:00,10/31/16,11/4/16,,212,Randolph County Courthouse Annex,"4 Randolph Avenue, Elkins, WV 26241",,08:00 AM-04:30 PM,,ho66905864,false,true,,,,poll4588985
Randolph County,ocd-division/country:us/state:wv/county:randolph,,Randolph County Courthouse Annex,4 Randolph Avenue,Elkins,WV,26241,09:00:00 - 04:00,17:00:00 - 04:00,11/5/16,11/5/16,,213,Randolph County Courthouse Annex,"4 Randolph Avenue, Elkins, WV 26241",,09:00 AM-05:00 PM,,ho66905864,false,true,,,,poll4588985
Ritchie County,ocd-division/country:us/state:wv/county:ritchie,,Ritchie County Courthouse,115 East Main St.,Harrisville,WV,26362,08:00:00 - 04:00,16:00:00 - 04:00,10/26/16,10/28/16,,214,Ritchie County Courthouse,"115 East Main St., Harrisville, WV 26362",,08:00 AM-04:00 PM,,ho60506508,false,true,,,,poll60486246
Ritchie County,ocd-division/country:us/state:wv/county:ritchie,,Ritchie County Courthouse,115 East Main St.,Harrisville,WV,26362,09:00:00 - 04:00,17:00:00 - 04:00,10/29/16,10/29/16,,215,Ritchie County Courthouse,"115 East Main St., Harrisville, WV 26362",,09:00 AM-05:00 PM,,ho60506508,false,true,,,,poll60486246
Ritchie County,ocd-division/country:us/state:wv/county:ritchie,,Ritchie County Courthouse,115 East Main St.,Harrisville,WV,26362,08:00:00 - 04:00,16:00:00 - 04:00,10/31/16,11/4/16,,216,Ritchie County Courthouse,"115 East Main St., Harrisville, WV 26362",,08:00 AM-04:00 PM,,ho60506508,false,true,,,,poll60486246
Ritchie County,ocd-division/country:us/state:wv/county:ritchie,,Ritchie County Courthouse,115 East Main St.,Harrisville,WV,26362,09:00:00 - 04:00,17:00:00 - 04:00,11/5/16,11/5/16,,217,Ritchie County Courthouse,"115 East Main St., Harrisville, WV 26362",,09:00 AM-05:00 PM,,ho60506508,false,true,,,,poll60486246
Roane County,ocd-division/country:us/state:wv/county:roane,,Roane County Courthouse,200 Main Street,Spencer,WV,25276,08:30:00 - 04:00,16:00:00 - 04:00,10/26/16,10/28/16,,218,Roane County Courthouse,"200 Main Street, Spencer, WV 25276",,08:30 AM-04:00 PM,,ho23129997,false,true,,,,poll84584552
Roane County,ocd-division/country:us/state:wv/county:roane,,Roane County Courthouse,200 Main Street,Spencer,WV,25276,09:00:00 - 04:00,17:00:00 - 04:00,10/29/16,10/29/16,,219,Roane County Courthouse,"200 Main Street, Spencer, WV 25276",,09:00 AM-05:00 PM,,ho23129997,false,true,,,,poll84584552
Roane County,ocd-division/country:us/state:wv/county:roane,,Roane County Courthouse,200 Main Street,Spencer,WV,25276,08:30:00 - 04:00,16:00:00 - 04:00,10/31/16,11/4/16,,220,Roane County Courthouse,"200 Main Street, Spencer, WV 25276",,08:30 AM-04:00 PM,,ho23129997,false,true,,,,poll84584552
Roane County,ocd-division/country:us/state:wv/county:roane,,Roane County Courthouse,200 Main Street,Spencer,WV,25276,09:00:00 - 04:00,17:00:00 - 04:00,11/5/16,11/5/16,,221,Roane County Courthouse,"200 Main Street, Spencer, WV 25276",,09:00 AM-05:00 PM,,ho23129997,false,true,,,,poll84584552
Summers County,ocd-division/country:us/state:wv/county:summers,,Summers County Courthouse,120 Ballengee St.,Hinton,WV,25951,08:30:00 - 04:00,16:30:00 - 04:00,10/26/16,10/28/16,,222,Summers County Courthouse,"120 Ballengee St., Hinton, WV 25951",,08:30 AM-04:30 PM,,ho60120898,false,true,,,,poll97679983
Summers County,ocd-division/country:us/state:wv/county:summers,,Summers County Courthouse,120 Ballengee St.,Hinton,WV,25951,09:00:00 - 04:00,17:00:00 - 04:00,10/29/16,10/29/16,,223,Summers County Courthouse,"120 Ballengee St., Hinton, WV 25951",,09:00 AM-05:00 PM,,ho60120898,false,true,,,,poll97679983
Summers County,ocd-division/country:us/state:wv/county:summers,,Summers County Courthouse,120 Ballengee St.,Hinton,WV,25951,08:30:00 - 04:00,16:30:00 - 04:00,10/31/16,11/4/16,,224,Summers County Courthouse,"120 Ballengee St., Hinton, WV 25951",,08:30 AM-04:30 PM,,ho60120898,false,true,,,,poll97679983
Summers County,ocd-division/country:us/state:wv/county:summers,,Summers County Courthouse,120 Ballengee St.,Hinton,WV,25951,09:00:00 - 04:00,17:00:00 - 04:00,11/5/16,11/5/16,,225,Summers County Courthouse,"120 Ballengee St., Hinton, WV 25951",,09:00 AM-05:00 PM,,ho60120898,false,true,,,,poll97679983
Taylor County,ocd-division/country:us/state:wv/county:taylor,,Taylor County Courthouse,214 W. Main Street,Grafton,WV,26354,08:30:00 - 04:00,16:30:00 - 04:00,10/26/16,10/28/16,,226,Taylor County Courthouse,"214 W. Main Street, Grafton, WV 26354",,08:30 AM-04:30 PM,,ho13939223,false,true,,,,poll81913813
Taylor County,ocd-division/country:us/state:wv/county:taylor,,Taylor County Courthouse,214 W. Main Street,Grafton,WV,26354,09:00:00 - 04:00,17:00:00 - 04:00,10/29/16,10/29/16,,227,Taylor County Courthouse,"214 W. Main Street, Grafton, WV 26354",,09:00 AM-05:00 PM,,ho13939223,false,true,,,,poll81913813
Taylor County,ocd-division/country:us/state:wv/county:taylor,,Taylor County Courthouse,214 W. Main Street,Grafton,WV,26354,08:30:00 - 04:00,16:30:00 - 04:00,10/31/16,11/4/16,,228,Taylor County Courthouse,"214 W. Main Street, Grafton, WV 26354",,08:30 AM-04:30 PM,,ho13939223,false,true,,,,poll81913813
Taylor County,ocd-division/country:us/state:wv/county:taylor,,Taylor County Courthouse,214 W. Main Street,Grafton,WV,26354,09:00:00 - 04:00,17:00:00 - 04:00,11/5/16,11/5/16,,229,Taylor County Courthouse,"214 W. Main Street, Grafton, WV 26354",,09:00 AM-05:00 PM,,ho13939223,false,true,,,,poll81913813
Taylor County,ocd-division/country:us/state:wv/county:taylor,,Taylor County Senior Citizens,52 Trap Springs Rd,Grafton,WV,26354,08:30:00 - 04:00,16:30:00 - 04:00,10/26/16,10/28/16,Found address on Google maps; their address was wrong,230,Taylor County Senior Citizens,"52 Trap Springs Rd, Grafton, WV 26354",,08:30 AM-04:30 PM,,ho99209773,false,true,,,,poll44794557
Taylor County,ocd-division/country:us/state:wv/county:taylor,,Taylor County Senior Citizens,52 Trap Springs Rd,Grafton,WV,26354,09:00:00 - 04:00,17:00:00 - 04:00,10/29/16,10/29/16,,231,Taylor County Senior Citizens,"52 Trap Springs Rd, Grafton, WV 26354",,09:00 AM-05:00 PM,,ho99209773,false,true,,,,poll44794557
Taylor County,ocd-division/country:us/state:wv/county:taylor,,Taylor County Senior Citizens,52 Trap Springs Rd,Grafton,WV,26354,08:30:00 - 04:00,16:30:00 - 04:00,10/31/16,11/4/16,,232,Taylor County Senior Citizens,"52 Trap Springs Rd, Grafton, WV 26354",,08:30 AM-04:30 PM,,ho99209773,false,true,,,,poll44794557
Taylor County,ocd-division/country:us/state:wv/county:taylor,,Taylor County Senior Citizens,52 Trap Springs Rd,Grafton,WV,26354,09:00:00 - 04:00,17:00:00 - 04:00,11/5/16,11/5/16,,233,Taylor County Senior Citizens,"52 Trap Springs Rd, Grafton, WV 26354",,09:00 AM-05:00 PM,,ho99209773,false,true,,,,poll44794557
Tucker County,ocd-division/country:us/state:wv/county:tucker,Ste. 4,Tucker County Courthouse,211 First Street,Parsons,WV,26287,08:00:00 - 04:00,16:00:00 - 04:00,10/26/16,10/28/16,,234,Tucker County Courthouse,"211 First Street, Parsons, WV 26287",Ste. 4,08:00 AM-04:00 PM,,ho71178466,false,true,,,,poll44404323
Tucker County,ocd-division/country:us/state:wv/county:tucker,Ste. 4,Tucker County Courthouse,211 First Street,Parsons,WV,26287,09:00:00 - 04:00,17:00:00 - 04:00,10/29/16,10/29/16,,235,Tucker County Courthouse,"211 First Street, Parsons, WV 26287",Ste. 4,09:00 AM-05:00 PM,,ho71178466,false,true,,,,poll44404323
Tucker County,ocd-division/country:us/state:wv/county:tucker,Ste. 4,Tucker County Courthouse,211 First Street,Parsons,WV,26287,08:00:00 - 04:00,16:00:00 - 04:00,10/31/16,11/4/16,,236,Tucker County Courthouse,"211 First Street, Parsons, WV 26287",Ste. 4,08:00 AM-04:00 PM,,ho71178466,false,true,,,,poll44404323
Tucker County,ocd-division/country:us/state:wv/county:tucker,Ste. 4,Tucker County Courthouse,211 First Street,Parsons,WV,26287,09:00:00 - 04:00,17:00:00 - 04:00,11/5/16,11/5/16,,237,Tucker County Courthouse,"211 First Street, Parsons, WV 26287",Ste. 4,09:00 AM-05:00 PM,,ho71178466,false,true,,,,poll44404323
Tyler County,ocd-division/country:us/state:wv/county:tyler,,Tyler County Courthouse,121 Main Street,Middlebourne,WV,26149,08:00:00 - 04:00,16:00:00 - 04:00,10/26/16,10/28/16,,238,Tyler County Courthouse,"121 Main Street, Middlebourne, WV 26149",,08:00 AM-04:00 PM,,ho93360532,false,true,,,,poll28528116
Tyler County,ocd-division/country:us/state:wv/county:tyler,,Tyler County Courthouse,121 Main Street,Middlebourne,WV,26149,09:00:00 - 04:00,17:00:00 - 04:00,10/29/16,10/29/16,,239,Tyler County Courthouse,"121 Main Street, Middlebourne, WV 26149",,09:00 AM-05:00 PM,,ho93360532,false,true,,,,poll28528116
Tyler County,ocd-division/country:us/state:wv/county:tyler,,Tyler County Courthouse,121 Main Street,Middlebourne,WV,26149,08:00:00 - 04:00,16:00:00 - 04:00,10/31/16,11/4/16,,240,Tyler County Courthouse,"121 Main Street, Middlebourne, WV 26149",,08:00 AM-04:00 PM,,ho93360532,false,true,,,,poll28528116
Tyler County,ocd-division/country:us/state:wv/county:tyler,,Tyler County Courthouse,121 Main Street,Middlebourne,WV,26149,09:00:00 - 04:00,17:00:00 - 04:00,11/5/16,11/5/16,,241,Tyler County Courthouse,"121 Main Street, Middlebourne, WV 26149",,09:00 AM-05:00 PM,,ho93360532,false,true,,,,poll28528116
Upshur County,ocd-division/country:us/state:wv/county:upshur,,Upshur County Courthouse,40 W. Main St.,Buckhannon,WV,26201,08:00:00 - 04:00,16:30:00 - 04:00,10/26/16,10/28/16,,242,Upshur County Courthouse,"40 W. Main St., Buckhannon, WV 26201",,08:00 AM-04:30 PM,,ho21090655,false,true,,,,poll91055110
Upshur County,ocd-division/country:us/state:wv/county:upshur,,Upshur County Courthouse,40 W. Main St.,Buckhannon,WV,26201,09:00:00 - 04:00,17:00:00 - 04:00,10/29/16,10/29/16,,243,Upshur County Courthouse,"40 W. Main St., Buckhannon, WV 26201",,09:00 AM-05:00 PM,,ho21090655,false,true,,,,poll91055110
Upshur County,ocd-division/country:us/state:wv/county:upshur,,Upshur County Courthouse,40 W. Main St.,Buckhannon,WV,26201,08:00:00 - 04:00,16:30:00 - 04:00,10/31/16,11/4/16,,244,Upshur County Courthouse,"40 W. Main St., Buckhannon, WV 26201",,08:00 AM-04:30 PM,,ho21090655,false,true,,,,poll91055110
Upshur County,ocd-division/country:us/state:wv/county:upshur,,Upshur County Courthouse,40 W. Main St.,Buckhannon,WV,26201,09:00:00 - 04:00,17:00:00 - 04:00,11/5/16,11/5/16,,245,Upshur County Courthouse,"40 W. Main St., Buckhannon, WV 26201",,09:00 AM-05:00 PM,,ho21090655,false,true,,,,poll91055110
Wayne County,ocd-division/country:us/state:wv/county:wayne,,Wayne County Courthouse,700 Hendricks Street,Wayne,WV,25570,08:00:00 - 04:00,16:00:00 - 04:00,10/26/16,10/26/16,,246,Wayne County Courthouse,"700 Hendricks Street, Wayne, WV 25570",,08:00 AM-04:00 PM,,ho12998187,false,true,,,,poll62657095
Wayne County,ocd-division/country:us/state:wv/county:wayne,,Wayne County Courthouse,700 Hendricks Street,Wayne,WV,25570,08:00:00 - 04:00,19:00:00 - 04:00,10/27/16,10/27/16,,247,Wayne County Courthouse,"700 Hendricks Street, Wayne, WV 25570",,08:00 AM-07:00 PM,,ho12998187,false,true,,,,poll62657095
Wayne County,ocd-division/country:us/state:wv/county:wayne,,Wayne County Courthouse,700 Hendricks Street,Wayne,WV,25570,08:00:00 - 04:00,16:00:00 - 04:00,10/28/16,10/28/16,,248,Wayne County Courthouse,"700 Hendricks Street, Wayne, WV 25570",,08:00 AM-04:00 PM,,ho12998187,false,true,,,,poll62657095
Wayne County,ocd-division/country:us/state:wv/county:wayne,,Wayne County Courthouse,700 Hendricks Street,Wayne,WV,25570,09:00:00 - 04:00,17:00:00 - 04:00,10/29/16,10/29/16,,249,Wayne County Courthouse,"700 Hendricks Street, Wayne, WV 25570",,09:00 AM-05:00 PM,,ho12998187,false,true,,,,poll62657095
Wayne County,ocd-division/country:us/state:wv/county:wayne,,Wayne County Courthouse,700 Hendricks Street,Wayne,WV,25570,08:00:00 - 04:00,16:00:00 - 04:00,10/31/16,11/2/16,,250,Wayne County Courthouse,"700 Hendricks Street, Wayne, WV 25570",,08:00 AM-04:00 PM,,ho12998187,false,true,,,,poll62657095
Wayne County,ocd-division/country:us/state:wv/county:wayne,,Wayne County Courthouse,700 Hendricks Street,Wayne,WV,25570,08:00:00 - 04:00,19:00:00 - 04:00,11/3/16,11/3/16,,251,Wayne County Courthouse,"700 Hendricks Street, Wayne, WV 25570",,08:00 AM-07:00 PM,,ho12998187,false,true,,,,poll62657095
Wayne County,ocd-division/country:us/state:wv/county:wayne,,Wayne County Courthouse,700 Hendricks Street,Wayne,WV,25570,08:00:00 - 04:00,16:00:00 - 04:00,11/4/16,11/4/16,,252,Wayne County Courthouse,"700 Hendricks Street, Wayne, WV 25570",,08:00 AM-04:00 PM,,ho12998187,false,true,,,,poll62657095
Wayne County,ocd-division/country:us/state:wv/county:wayne,,Wayne County Courthouse,700 Hendricks Street,Wayne,WV,25570,09:00:00 - 04:00,17:00:00 - 04:00,11/5/16,11/5/16,,253,Wayne County Courthouse,"700 Hendricks Street, Wayne, WV 25570",,09:00 AM-05:00 PM,,ho12998187,false,true,,,,poll62657095
Webster County,ocd-division/country:us/state:wv/county:webster,,Webster County Courthouse,2 Court Square,Webster Springs,WV,26288,08:30:00 - 04:00,16:00:00 - 04:00,10/26/16,10/28/16,,254,Webster County Courthouse,"2 Court Square, Webster Springs, WV 26288",,08:30 AM-04:00 PM,,ho40015108,false,true,,,,poll20901272
Webster County,ocd-division/country:us/state:wv/county:webster,,Webster County Courthouse,2 Court Square,Webster Springs,WV,26288,09:00:00 - 04:00,17:00:00 - 04:00,10/29/16,10/29/16,,255,Webster County Courthouse,"2 Court Square, Webster Springs, WV 26288",,09:00 AM-05:00 PM,,ho40015108,false,true,,,,poll20901272
Webster County,ocd-division/country:us/state:wv/county:webster,,Webster County Courthouse,2 Court Square,Webster Springs,WV,26288,08:30:00 - 04:00,16:00:00 - 04:00,10/31/16,11/4/16,,256,Webster County Courthouse,"2 Court Square, Webster Springs, WV 26288",,08:30 AM-04:00 PM,,ho40015108,false,true,,,,poll20901272
Webster County,ocd-division/country:us/state:wv/county:webster,,Webster County Courthouse,2 Court Square,Webster Springs,WV,26288,09:00:00 - 04:00,17:00:00 - 04:00,11/5/16,11/5/16,,257,Webster County Courthouse,"2 Court Square, Webster Springs, WV 26288",,09:00 AM-05:00 PM,,ho40015108,false,true,,,,poll20901272
Wetzel County,ocd-division/country:us/state:wv/county:wetzel,,Wetzel County Courthouse,200 Main Street,New Martinsville,WV,26155,09:00:00 - 04:00,16:30:00 - 04:00,10/26/16,10/26/16,,258,Wetzel County Courthouse,"200 Main Street, New Martinsville, WV 26155",,09:00 AM-04:30 PM,,ho23027520,false,true,,,,poll70753510
Wetzel County,ocd-division/country:us/state:wv/county:wetzel,,Wetzel County Courthouse,200 Main Street,New Martinsville,WV,26155,09:00:00 - 04:00,16:00:00 - 04:00,10/27/16,10/27/16,,259,Wetzel County Courthouse,"200 Main Street, New Martinsville, WV 26155",,09:00 AM-04:00 PM,,ho23027520,false,true,,,,poll70753510
Wetzel County,ocd-division/country:us/state:wv/county:wetzel,,Wetzel County Courthouse,200 Main Street,New Martinsville,WV,26155,09:00:00 - 04:00,16:30:00 - 04:00,10/28/16,10/28/16,,260,Wetzel County Courthouse,"200 Main Street, New Martinsville, WV 26155",,09:00 AM-04:30 PM,,ho23027520,false,true,,,,poll70753510
Wetzel County,ocd-division/country:us/state:wv/county:wetzel,,Wetzel County Courthouse,200 Main Street,New Martinsville,WV,26155,09:00:00 - 04:00,17:00:00 - 04:00,10/29/16,10/29/16,,261,Wetzel County Courthouse,"200 Main Street, New Martinsville, WV 26155",,09:00 AM-05:00 PM,,ho23027520,false,true,,,,poll70753510
Wetzel County,ocd-division/country:us/state:wv/county:wetzel,,Wetzel County Courthouse,200 Main Street,New Martinsville,WV,26155,09:00:00 - 04:00,16:30:00 - 04:00,10/31/16,11/2/16,,262,Wetzel County Courthouse,"200 Main Street, New Martinsville, WV 26155",,09:00 AM-04:30 PM,,ho23027520,false,true,,,,poll70753510
Wetzel County,ocd-division/country:us/state:wv/county:wetzel,,Wetzel County Courthouse,200 Main Street,New Martinsville,WV,26155,09:00:00 - 04:00,16:00:00 - 04:00,11/3/16,11/3/16,,263,Wetzel County Courthouse,"200 Main Street, New Martinsville, WV 26155",,09:00 AM-04:00 PM,,ho23027520,false,true,,,,poll70753510
Wetzel County,ocd-division/country:us/state:wv/county:wetzel,,Wetzel County Courthouse,200 Main Street,New Martinsville,WV,26155,09:00:00 - 04:00,16:30:00 - 04:00,11/4/16,11/4/16,,264,Wetzel County Courthouse,"200 Main Street, New Martinsville, WV 26155",,09:00 AM-04:30 PM,,ho23027520,false,true,,,,poll70753510
Wetzel County,ocd-division/country:us/state:wv/county:wetzel,,Wetzel County Courthouse,200 Main Street,New Martinsville,WV,26155,09:00:00 - 04:00,17:00:00 - 04:00,11/5/16,11/5/16,,265,Wetzel County Courthouse,"200 Main Street, New Martinsville, WV 26155",,09:00 AM-05:00 PM,,ho23027520,false,true,,,,poll70753510
Wirt County,ocd-division/country:us/state:wv/county:wirt,,Wirt County Courthouse,1 Court Square,Elizabeth,WV,26143,08:00:00 - 04:00,16:00:00 - 04:00,10/26/16,10/28/16,,266,Wirt County Courthouse,"1 Court Square, Elizabeth, WV 26143",,08:00 AM-04:00 PM,,ho41107283,false,true,,,,poll87575784
Wirt County,ocd-division/country:us/state:wv/county:wirt,,Wirt County Courthouse,1 Court Square,Elizabeth,WV,26143,09:00:00 - 04:00,17:00:00 - 04:00,10/29/16,10/29/16,,267,Wirt County Courthouse,"1 Court Square, Elizabeth, WV 26143",,09:00 AM-05:00 PM,,ho41107283,false,true,,,,poll87575784
Wirt County,ocd-division/country:us/state:wv/county:wirt,,Wirt County Courthouse,1 Court Square,Elizabeth,WV,26143,08:00:00 - 04:00,16:00:00 - 04:00,10/31/16,11/4/16,,268,Wirt County Courthouse,"1 Court Square, Elizabeth, WV 26143",,08:00 AM-04:00 PM,,ho41107283,false,true,,,,poll87575784
Wirt County,ocd-division/country:us/state:wv/county:wirt,,Wirt County Courthouse,1 Court Square,Elizabeth,WV,26143,09:00:00 - 04:00,17:00:00 - 04:00,11/5/16,11/5/16,,269,Wirt County Courthouse,"1 Court Square, Elizabeth, WV 26143",,09:00 AM-05:00 PM,,ho41107283,false,true,,,,poll87575784
Wood County,ocd-division/country:us/state:wv/county:wood,,Judge Black Annex,315 Market Street,Parkersburg,WV,26101,08:30:00 - 04:00,16:30:00 - 04:00,10/26/16,10/28/16,,270,Judge Black Annex,"315 Market Street, Parkersburg, WV 26101",,08:30 AM-04:30 PM,,ho21867812,false,true,,,,poll13443357
Wood County,ocd-division/country:us/state:wv/county:wood,,Judge Black Annex,315 Market Street,Parkersburg,WV,26101,09:00:00 - 04:00,17:00:00 - 04:00,10/29/16,10/29/16,,271,Judge Black Annex,"315 Market Street, Parkersburg, WV 26101",,09:00 AM-05:00 PM,,ho21867812,false,true,,,,poll13443357
Wood County,ocd-division/country:us/state:wv/county:wood,,Judge Black Annex,315 Market Street,Parkersburg,WV,26101,08:30:00 - 04:00,16:30:00 - 04:00,10/31/16,11/4/16,,272,Judge Black Annex,"315 Market Street, Parkersburg, WV 26101",,08:30 AM-04:30 PM,,ho21867812,false,true,,,,poll13443357
Wood County,ocd-division/country:us/state:wv/county:wood,,Judge Black Annex,315 Market Street,Parkersburg,WV,26101,09:00:00 - 04:00,17:00:00 - 04:00,11/5/16,11/5/16,,273,Judge Black Annex,"315 Market Street, Parkersburg, WV 26101",,09:00 AM-05:00 PM,,ho21867812,false,true,,,,poll13443357
Wood County,ocd-division/country:us/state:wv/county:wood,,Williamstown City Building,100 W. 5th Street,Williamstown,WV,26187,08:30:00 - 04:00,16:30:00 - 04:00,11/1/16,11/5/16,,274,Williamstown City Building,"100 W. 5th Street, Williamstown, WV 26187",,08:30 AM-04:30 PM,,ho92162868,false,true,,,,poll51720431
Wood County,ocd-division/country:us/state:wv/county:wood,,Vienna City Building,609 29th Street,Vienna,WV,26105,08:30:00 - 04:00,16:30:00 - 04:00,11/1/16,11/5/16,,275,Vienna City Building,"609 29th Street, Vienna, WV 26105",,08:30 AM-04:30 PM,,ho49620059,false,true,,,,poll24733732
Wood County,ocd-division/country:us/state:wv/county:wood,,Mineral Wells Volunteer Fire Dept.,1695 Elizabeth Pike,Mineral Wells,WV,26150,08:30:00 - 04:00,16:30:00 - 04:00,11/1/16,11/5/16,,276,Mineral Wells Volunteer Fire Dept.,"1695 Elizabeth Pike, Mineral Wells, WV 26150",,08:30 AM-04:30 PM,,ho76768600,false,true,,,,poll31820367
Wood County,ocd-division/country:us/state:wv/county:wood,,Lubeck Volunteer Fire Dept.,1340 Harris Highway,Parkersburg,WV,26101,08:30:00 - 04:00,16:30:00 - 04:00,11/1/16,11/5/16,,277,Lubeck Volunteer Fire Dept.,"1340 Harris Highway, Parkersburg, WV 26101",,08:30 AM-04:30 PM,,ho28895945,false,true,,,,poll7719355
Wyoming County,ocd-division/country:us/state:wv/county:wyoming,,Wyoming County Courthouse,24 Main Avenue,Pineville,WV,24874,08:00:00 - 04:00,16:00:00 - 04:00,10/26/16,10/27/16,,278,Wyoming County Courthouse,"24 Main Avenue, Pineville, WV 24874",,08:00 AM-04:00 PM,,ho29205693,false,true,,,,poll29978300
Wyoming County,ocd-division/country:us/state:wv/county:wyoming,,Wyoming County Courthouse,24 Main Avenue,Pineville,WV,24874,08:00:00 - 04:00,18:00:00 - 04:00,10/28/16,10/28/16,,279,Wyoming County Courthouse,"24 Main Avenue, Pineville, WV 24874",,08:00 AM-06:00 PM,,ho29205693,false,true,,,,poll29978300
Wyoming County,ocd-division/country:us/state:wv/county:wyoming,,Wyoming County Courthouse,24 Main Avenue,Pineville,WV,24874,09:00:00 - 04:00,17:00:00 - 04:00,10/29/16,10/29/16,,280,Wyoming County Courthouse,"24 Main Avenue, Pineville, WV 24874",,09:00 AM-05:00 PM,,ho29205693,false,true,,,,poll29978300
Wyoming County,ocd-division/country:us/state:wv/county:wyoming,,Wyoming County Courthouse,24 Main Avenue,Pineville,WV,24874,08:00:00 - 04:00,16:00:00 - 04:00,10/31/16,11/3/16,,281,Wyoming County Courthouse,"24 Main Avenue, Pineville, WV 24874",,08:00 AM-04:00 PM,,ho29205693,false,true,,,,poll29978300
Wyoming County,ocd-division/country:us/state:wv/county:wyoming,,Wyoming County Courthouse,24 Main Avenue,Pineville,WV,24874,08:00:00 - 04:00,18:00:00 - 04:00,11/4/16,11/4/16,,282,Wyoming County Courthouse,"24 Main Avenue, Pineville, WV 24874",,08:00 AM-06:00 PM,,ho29205693,false,true,,,,poll29978300
Wyoming County,ocd-division/country:us/state:wv/county:wyoming,,Wyoming County Courthouse,24 Main Avenue,Pineville,WV,24874,09:00:00 - 04:00,17:00:00 - 04:00,11/5/16,11/5/16,,283,Wyoming County Courthouse,"24 Main Avenue, Pineville, WV 24874",,09:00 AM-05:00 PM,,ho29205693,false,true,,,,poll29978300
